[0.069s] DEBUG:colcon:Command line arguments: ['/usr/bin/colcon', 'build']
[0.069s] DEBUG:colcon:Parsed command line arguments: Namespace(log_base=None, log_level=None, verb_name='build', build_base='build', install_base='install', merge_install=False, symlink_install=False, test_result_base=None, continue_on_error=False, executor='parallel', parallel_workers=12, event_handlers=None, ignore_user_meta=False, metas=['./colcon.meta'], base_paths=['.'], packages_ignore=None, packages_ignore_regex=None, paths=None, packages_up_to=None, packages_up_to_regex=None, packages_above=None, packages_above_and_dependencies=None, packages_above_depth=None, packages_select_by_dep=None, packages_skip_by_dep=None, packages_skip_up_to=None, packages_select_build_failed=False, packages_skip_build_finished=False, packages_select_test_failures=False, packages_skip_test_passed=False, packages_select=None, packages_skip=None, packages_select_regex=None, packages_skip_regex=None, packages_start=None, packages_end=None, allow_overriding=[], cmake_args=None, cmake_target=None, cmake_target_skip_unavailable=False, cmake_clean_cache=False, cmake_clean_first=False, cmake_force_configure=False, ament_cmake_args=None, catkin_cmake_args=None, catkin_skip_building_tests=False, verb_parser=<colcon_defaults.argument_parser.defaults.DefaultArgumentsDecorator object at 0x7d14edb19480>, verb_extension=<colcon_core.verb.build.BuildVerb object at 0x7d14edc4ef20>, main=<bound method BuildVerb.main of <colcon_core.verb.build.BuildVerb object at 0x7d14edc4ef20>>)
[0.096s] Level 1:colcon.colcon_core.package_discovery:discover_packages(colcon_meta) check parameters
[0.096s] Level 1:colcon.colcon_core.package_discovery:discover_packages(recursive) check parameters
[0.097s] Level 1:colcon.colcon_core.package_discovery:discover_packages(ignore) check parameters
[0.097s] Level 1:colcon.colcon_core.package_discovery:discover_packages(path) check parameters
[0.097s] Level 1:colcon.colcon_core.package_discovery:discover_packages(colcon_meta) discover
[0.097s] Level 1:colcon.colcon_core.package_discovery:discover_packages(recursive) discover
[0.097s] INFO:colcon.colcon_core.package_discovery:Crawling recursively for packages in '/home/vivaan/Documents/star_project_submissions/Week_0/ros2_ws'
[0.097s] Level 1:colcon.colcon_core.package_identification:_identify(.) by extensions ['ignore', 'ignore_ament_install']
[0.097s] Level 1:colcon.colcon_core.package_identification:_identify(.) by extension 'ignore'
[0.097s] Level 1:colcon.colcon_core.package_identification:_identify(.) by extension 'ignore_ament_install'
[0.097s] Level 1:colcon.colcon_core.package_identification:_identify(.) by extensions ['colcon_pkg']
[0.097s] Level 1:colcon.colcon_core.package_identification:_identify(.) by extension 'colcon_pkg'
[0.097s] Level 1:colcon.colcon_core.package_identification:_identify(.) by extensions ['colcon_meta']
[0.097s] Level 1:colcon.colcon_core.package_identification:_identify(.) by extension 'colcon_meta'
[0.097s] Level 1:colcon.colcon_core.package_identification:_identify(.) by extensions ['ros']
[0.097s] Level 1:colcon.colcon_core.package_identification:_identify(.) by extension 'ros'
[0.107s] Level 1:colcon.colcon_core.package_identification:_identify(.) by extensions ['cmake', 'python']
[0.107s] Level 1:colcon.colcon_core.package_identification:_identify(.) by extension 'cmake'
[0.107s] Level 1:colcon.colcon_core.package_identification:_identify(.) by extension 'python'
[0.107s] Level 1:colcon.colcon_core.package_identification:_identify(.) by extensions ['python_setup_py']
[0.107s] Level 1:colcon.colcon_core.package_identification:_identify(.) by extension 'python_setup_py'
[0.108s] Level 1:colcon.colcon_core.package_identification:_identify(build) by extensions ['ignore', 'ignore_ament_install']
[0.108s] Level 1:colcon.colcon_core.package_identification:_identify(build) by extension 'ignore'
[0.108s] Level 1:colcon.colcon_core.package_identification:_identify(build) ignored
[0.108s] Level 1:colcon.colcon_core.package_identification:_identify(install) by extensions ['ignore', 'ignore_ament_install']
[0.108s] Level 1:colcon.colcon_core.package_identification:_identify(install) by extension 'ignore'
[0.108s] Level 1:colcon.colcon_core.package_identification:_identify(install) ignored
[0.108s] Level 1:colcon.colcon_core.package_identification:_identify(log) by extensions ['ignore', 'ignore_ament_install']
[0.108s] Level 1:colcon.colcon_core.package_identification:_identify(log) by extension 'ignore'
[0.108s] Level 1:colcon.colcon_core.package_identification:_identify(log) ignored
[0.108s] Level 1:colcon.colcon_core.package_identification:_identify(src) by extensions ['ignore', 'ignore_ament_install']
[0.108s] Level 1:colcon.colcon_core.package_identification:_identify(src) by extension 'ignore'
[0.108s] Level 1:colcon.colcon_core.package_identification:_identify(src) by extension 'ignore_ament_install'
[0.108s] Level 1:colcon.colcon_core.package_identification:_identify(src) by extensions ['colcon_pkg']
[0.108s] Level 1:colcon.colcon_core.package_identification:_identify(src) by extension 'colcon_pkg'
[0.108s] Level 1:colcon.colcon_core.package_identification:_identify(src) by extensions ['colcon_meta']
[0.108s] Level 1:colcon.colcon_core.package_identification:_identify(src) by extension 'colcon_meta'
[0.108s] Level 1:colcon.colcon_core.package_identification:_identify(src) by extensions ['ros']
[0.108s] Level 1:colcon.colcon_core.package_identification:_identify(src) by extension 'ros'
[0.108s] Level 1:colcon.colcon_core.package_identification:_identify(src) by extensions ['cmake', 'python']
[0.108s] Level 1:colcon.colcon_core.package_identification:_identify(src) by extension 'cmake'
[0.108s] Level 1:colcon.colcon_core.package_identification:_identify(src) by extension 'python'
[0.108s] Level 1:colcon.colcon_core.package_identification:_identify(src) by extensions ['python_setup_py']
[0.108s] Level 1:colcon.colcon_core.package_identification:_identify(src) by extension 'python_setup_py'
[0.108s] Level 1:colcon.colcon_core.package_identification:_identify(src/part1_pubsub) by extensions ['ignore', 'ignore_ament_install']
[0.108s] Level 1:colcon.colcon_core.package_identification:_identify(src/part1_pubsub) by extension 'ignore'
[0.108s] Level 1:colcon.colcon_core.package_identification:_identify(src/part1_pubsub) by extension 'ignore_ament_install'
[0.108s] Level 1:colcon.colcon_core.package_identification:_identify(src/part1_pubsub) by extensions ['colcon_pkg']
[0.108s] Level 1:colcon.colcon_core.package_identification:_identify(src/part1_pubsub) by extension 'colcon_pkg'
[0.108s] Level 1:colcon.colcon_core.package_identification:_identify(src/part1_pubsub) by extensions ['colcon_meta']
[0.108s] Level 1:colcon.colcon_core.package_identification:_identify(src/part1_pubsub) by extension 'colcon_meta'
[0.108s] Level 1:colcon.colcon_core.package_identification:_identify(src/part1_pubsub) by extensions ['ros']
[0.108s] Level 1:colcon.colcon_core.package_identification:_identify(src/part1_pubsub) by extension 'ros'
[0.110s] DEBUG:colcon.colcon_core.package_identification:Package 'src/part1_pubsub' with type 'ros.ament_cmake' and name 'part1_pubsub'
[0.110s] Level 1:colcon.colcon_core.package_identification:_identify(src/part2_navigation) by extensions ['ignore', 'ignore_ament_install']
[0.110s] Level 1:colcon.colcon_core.package_identification:_identify(src/part2_navigation) by extension 'ignore'
[0.110s] Level 1:colcon.colcon_core.package_identification:_identify(src/part2_navigation) by extension 'ignore_ament_install'
[0.110s] Level 1:colcon.colcon_core.package_identification:_identify(src/part2_navigation) by extensions ['colcon_pkg']
[0.110s] Level 1:colcon.colcon_core.package_identification:_identify(src/part2_navigation) by extension 'colcon_pkg'
[0.110s] Level 1:colcon.colcon_core.package_identification:_identify(src/part2_navigation) by extensions ['colcon_meta']
[0.110s] Level 1:colcon.colcon_core.package_identification:_identify(src/part2_navigation) by extension 'colcon_meta'
[0.111s] Level 1:colcon.colcon_core.package_identification:_identify(src/part2_navigation) by extensions ['ros']
[0.111s] Level 1:colcon.colcon_core.package_identification:_identify(src/part2_navigation) by extension 'ros'
[0.111s] DEBUG:colcon.colcon_core.package_identification:Package 'src/part2_navigation' with type 'ros.ament_cmake' and name 'part2_navigation'
[0.111s] Level 1:colcon.colcon_core.package_identification:_identify(src/part3_beyond_basics) by extensions ['ignore', 'ignore_ament_install']
[0.111s] Level 1:colcon.colcon_core.package_identification:_identify(src/part3_beyond_basics) by extension 'ignore'
[0.111s] Level 1:colcon.colcon_core.package_identification:_identify(src/part3_beyond_basics) by extension 'ignore_ament_install'
[0.111s] Level 1:colcon.colcon_core.package_identification:_identify(src/part3_beyond_basics) by extensions ['colcon_pkg']
[0.111s] Level 1:colcon.colcon_core.package_identification:_identify(src/part3_beyond_basics) by extension 'colcon_pkg'
[0.111s] Level 1:colcon.colcon_core.package_identification:_identify(src/part3_beyond_basics) by extensions ['colcon_meta']
[0.111s] Level 1:colcon.colcon_core.package_identification:_identify(src/part3_beyond_basics) by extension 'colcon_meta'
[0.111s] Level 1:colcon.colcon_core.package_identification:_identify(src/part3_beyond_basics) by extensions ['ros']
[0.111s] Level 1:colcon.colcon_core.package_identification:_identify(src/part3_beyond_basics) by extension 'ros'
[0.112s] DEBUG:colcon.colcon_core.package_identification:Package 'src/part3_beyond_basics' with type 'ros.ament_cmake' and name 'part3_beyond_basics'
[0.112s] Level 1:colcon.colcon_core.package_identification:_identify(src/tuos_ros) by extensions ['ignore', 'ignore_ament_install']
[0.112s] Level 1:colcon.colcon_core.package_identification:_identify(src/tuos_ros) by extension 'ignore'
[0.112s] Level 1:colcon.colcon_core.package_identification:_identify(src/tuos_ros) by extension 'ignore_ament_install'
[0.112s] Level 1:colcon.colcon_core.package_identification:_identify(src/tuos_ros) by extensions ['colcon_pkg']
[0.112s] Level 1:colcon.colcon_core.package_identification:_identify(src/tuos_ros) by extension 'colcon_pkg'
[0.112s] Level 1:colcon.colcon_core.package_identification:_identify(src/tuos_ros) by extensions ['colcon_meta']
[0.112s] Level 1:colcon.colcon_core.package_identification:_identify(src/tuos_ros) by extension 'colcon_meta'
[0.112s] Level 1:colcon.colcon_core.package_identification:_identify(src/tuos_ros) by extensions ['ros']
[0.112s] Level 1:colcon.colcon_core.package_identification:_identify(src/tuos_ros) by extension 'ros'
[0.112s] Level 1:colcon.colcon_core.package_identification:_identify(src/tuos_ros) by extensions ['cmake', 'python']
[0.112s] Level 1:colcon.colcon_core.package_identification:_identify(src/tuos_ros) by extension 'cmake'
[0.112s] Level 1:colcon.colcon_core.package_identification:_identify(src/tuos_ros) by extension 'python'
[0.112s] Level 1:colcon.colcon_core.package_identification:_identify(src/tuos_ros) by extensions ['python_setup_py']
[0.112s] Level 1:colcon.colcon_core.package_identification:_identify(src/tuos_ros) by extension 'python_setup_py'
[0.112s] Level 1:colcon.colcon_core.package_identification:_identify(src/tuos_ros/com2009_simulations) by extensions ['ignore', 'ignore_ament_install']
[0.112s] Level 1:colcon.colcon_core.package_identification:_identify(src/tuos_ros/com2009_simulations) by extension 'ignore'
[0.112s] Level 1:colcon.colcon_core.package_identification:_identify(src/tuos_ros/com2009_simulations) by extension 'ignore_ament_install'
[0.112s] Level 1:colcon.colcon_core.package_identification:_identify(src/tuos_ros/com2009_simulations) by extensions ['colcon_pkg']
[0.112s] Level 1:colcon.colcon_core.package_identification:_identify(src/tuos_ros/com2009_simulations) by extension 'colcon_pkg'
[0.112s] Level 1:colcon.colcon_core.package_identification:_identify(src/tuos_ros/com2009_simulations) by extensions ['colcon_meta']
[0.112s] Level 1:colcon.colcon_core.package_identification:_identify(src/tuos_ros/com2009_simulations) by extension 'colcon_meta'
[0.112s] Level 1:colcon.colcon_core.package_identification:_identify(src/tuos_ros/com2009_simulations) by extensions ['ros']
[0.112s] Level 1:colcon.colcon_core.package_identification:_identify(src/tuos_ros/com2009_simulations) by extension 'ros'
[0.113s] DEBUG:colcon.colcon_core.package_identification:Package 'src/tuos_ros/com2009_simulations' with type 'ros.ament_cmake' and name 'com2009_simulations'
[0.113s] Level 1:colcon.colcon_core.package_identification:_identify(src/tuos_ros/tuos_examples) by extensions ['ignore', 'ignore_ament_install']
[0.113s] Level 1:colcon.colcon_core.package_identification:_identify(src/tuos_ros/tuos_examples) by extension 'ignore'
[0.113s] Level 1:colcon.colcon_core.package_identification:_identify(src/tuos_ros/tuos_examples) by extension 'ignore_ament_install'
[0.113s] Level 1:colcon.colcon_core.package_identification:_identify(src/tuos_ros/tuos_examples) by extensions ['colcon_pkg']
[0.113s] Level 1:colcon.colcon_core.package_identification:_identify(src/tuos_ros/tuos_examples) by extension 'colcon_pkg'
[0.113s] Level 1:colcon.colcon_core.package_identification:_identify(src/tuos_ros/tuos_examples) by extensions ['colcon_meta']
[0.113s] Level 1:colcon.colcon_core.package_identification:_identify(src/tuos_ros/tuos_examples) by extension 'colcon_meta'
[0.113s] Level 1:colcon.colcon_core.package_identification:_identify(src/tuos_ros/tuos_examples) by extensions ['ros']
[0.113s] Level 1:colcon.colcon_core.package_identification:_identify(src/tuos_ros/tuos_examples) by extension 'ros'
[0.113s] DEBUG:colcon.colcon_core.package_identification:Package 'src/tuos_ros/tuos_examples' with type 'ros.ament_cmake' and name 'tuos_examples'
[0.113s] Level 1:colcon.colcon_core.package_identification:_identify(src/tuos_ros/tuos_interfaces) by extensions ['ignore', 'ignore_ament_install']
[0.113s] Level 1:colcon.colcon_core.package_identification:_identify(src/tuos_ros/tuos_interfaces) by extension 'ignore'
[0.113s] Level 1:colcon.colcon_core.package_identification:_identify(src/tuos_ros/tuos_interfaces) by extension 'ignore_ament_install'
[0.113s] Level 1:colcon.colcon_core.package_identification:_identify(src/tuos_ros/tuos_interfaces) by extensions ['colcon_pkg']
[0.113s] Level 1:colcon.colcon_core.package_identification:_identify(src/tuos_ros/tuos_interfaces) by extension 'colcon_pkg'
[0.113s] Level 1:colcon.colcon_core.package_identification:_identify(src/tuos_ros/tuos_interfaces) by extensions ['colcon_meta']
[0.114s] Level 1:colcon.colcon_core.package_identification:_identify(src/tuos_ros/tuos_interfaces) by extension 'colcon_meta'
[0.114s] Level 1:colcon.colcon_core.package_identification:_identify(src/tuos_ros/tuos_interfaces) by extensions ['ros']
[0.114s] Level 1:colcon.colcon_core.package_identification:_identify(src/tuos_ros/tuos_interfaces) by extension 'ros'
[0.114s] DEBUG:colcon.colcon_core.package_identification:Package 'src/tuos_ros/tuos_interfaces' with type 'ros.ament_cmake' and name 'tuos_interfaces'
[0.114s] Level 1:colcon.colcon_core.package_identification:_identify(src/tuos_ros/tuos_ros) by extensions ['ignore', 'ignore_ament_install']
[0.114s] Level 1:colcon.colcon_core.package_identification:_identify(src/tuos_ros/tuos_ros) by extension 'ignore'
[0.114s] Level 1:colcon.colcon_core.package_identification:_identify(src/tuos_ros/tuos_ros) by extension 'ignore_ament_install'
[0.114s] Level 1:colcon.colcon_core.package_identification:_identify(src/tuos_ros/tuos_ros) by extensions ['colcon_pkg']
[0.114s] Level 1:colcon.colcon_core.package_identification:_identify(src/tuos_ros/tuos_ros) by extension 'colcon_pkg'
[0.114s] Level 1:colcon.colcon_core.package_identification:_identify(src/tuos_ros/tuos_ros) by extensions ['colcon_meta']
[0.114s] Level 1:colcon.colcon_core.package_identification:_identify(src/tuos_ros/tuos_ros) by extension 'colcon_meta'
[0.114s] Level 1:colcon.colcon_core.package_identification:_identify(src/tuos_ros/tuos_ros) by extensions ['ros']
[0.114s] Level 1:colcon.colcon_core.package_identification:_identify(src/tuos_ros/tuos_ros) by extension 'ros'
[0.114s] DEBUG:colcon.colcon_core.package_identification:Package 'src/tuos_ros/tuos_ros' with type 'ros.ament_cmake' and name 'tuos_ros'
[0.115s] Level 1:colcon.colcon_core.package_identification:_identify(src/tuos_ros/tuos_simulations) by extensions ['ignore', 'ignore_ament_install']
[0.115s] Level 1:colcon.colcon_core.package_identification:_identify(src/tuos_ros/tuos_simulations) by extension 'ignore'
[0.115s] Level 1:colcon.colcon_core.package_identification:_identify(src/tuos_ros/tuos_simulations) by extension 'ignore_ament_install'
[0.115s] Level 1:colcon.colcon_core.package_identification:_identify(src/tuos_ros/tuos_simulations) by extensions ['colcon_pkg']
[0.115s] Level 1:colcon.colcon_core.package_identification:_identify(src/tuos_ros/tuos_simulations) by extension 'colcon_pkg'
[0.115s] Level 1:colcon.colcon_core.package_identification:_identify(src/tuos_ros/tuos_simulations) by extensions ['colcon_meta']
[0.115s] Level 1:colcon.colcon_core.package_identification:_identify(src/tuos_ros/tuos_simulations) by extension 'colcon_meta'
[0.115s] Level 1:colcon.colcon_core.package_identification:_identify(src/tuos_ros/tuos_simulations) by extensions ['ros']
[0.115s] Level 1:colcon.colcon_core.package_identification:_identify(src/tuos_ros/tuos_simulations) by extension 'ros'
[0.115s] DEBUG:colcon.colcon_core.package_identification:Package 'src/tuos_ros/tuos_simulations' with type 'ros.ament_cmake' and name 'tuos_simulations'
[0.115s] Level 1:colcon.colcon_core.package_identification:_identify(src/tuos_ros/tuos_tb3_tools) by extensions ['ignore', 'ignore_ament_install']
[0.115s] Level 1:colcon.colcon_core.package_identification:_identify(src/tuos_ros/tuos_tb3_tools) by extension 'ignore'
[0.115s] Level 1:colcon.colcon_core.package_identification:_identify(src/tuos_ros/tuos_tb3_tools) by extension 'ignore_ament_install'
[0.115s] Level 1:colcon.colcon_core.package_identification:_identify(src/tuos_ros/tuos_tb3_tools) by extensions ['colcon_pkg']
[0.115s] Level 1:colcon.colcon_core.package_identification:_identify(src/tuos_ros/tuos_tb3_tools) by extension 'colcon_pkg'
[0.115s] Level 1:colcon.colcon_core.package_identification:_identify(src/tuos_ros/tuos_tb3_tools) by extensions ['colcon_meta']
[0.115s] Level 1:colcon.colcon_core.package_identification:_identify(src/tuos_ros/tuos_tb3_tools) by extension 'colcon_meta'
[0.115s] Level 1:colcon.colcon_core.package_identification:_identify(src/tuos_ros/tuos_tb3_tools) by extensions ['ros']
[0.115s] Level 1:colcon.colcon_core.package_identification:_identify(src/tuos_ros/tuos_tb3_tools) by extension 'ros'
[0.116s] DEBUG:colcon.colcon_core.package_identification:Package 'src/tuos_ros/tuos_tb3_tools' with type 'ros.ament_cmake' and name 'tuos_tb3_tools'
[0.116s] Level 1:colcon.colcon_core.package_discovery:discover_packages(recursive) using defaults
[0.116s] Level 1:colcon.colcon_core.package_discovery:discover_packages(ignore) discover
[0.116s] Level 1:colcon.colcon_core.package_discovery:discover_packages(ignore) using defaults
[0.116s] Level 1:colcon.colcon_core.package_discovery:discover_packages(path) discover
[0.116s] Level 1:colcon.colcon_core.package_discovery:discover_packages(path) using defaults
[0.130s] Level 1:colcon.colcon_core.package_discovery:discover_packages(prefix_path) check parameters
[0.130s] Level 1:colcon.colcon_core.package_discovery:discover_packages(prefix_path) discover
[0.132s] DEBUG:colcon.colcon_installed_package_information.package_discovery:Found 9 installed packages in /home/vivaan/Documents/star_project_submissions/Week_0/ros2_ws/install
[0.132s] DEBUG:colcon.colcon_installed_package_information.package_discovery:Found 318 installed packages in /opt/ros/humble
[0.133s] Level 1:colcon.colcon_core.package_discovery:discover_packages(prefix_path) using defaults
[0.157s] Level 5:colcon.colcon_core.verb:set package 'part1_pubsub' build argument 'cmake_args' from command line to 'None'
[0.157s] Level 5:colcon.colcon_core.verb:set package 'part1_pubsub' build argument 'cmake_target' from command line to 'None'
[0.157s] Level 5:colcon.colcon_core.verb:set package 'part1_pubsub' build argument 'cmake_target_skip_unavailable' from command line to 'False'
[0.157s] Level 5:colcon.colcon_core.verb:set package 'part1_pubsub' build argument 'cmake_clean_cache' from command line to 'False'
[0.157s] Level 5:colcon.colcon_core.verb:set package 'part1_pubsub' build argument 'cmake_clean_first' from command line to 'False'
[0.157s] Level 5:colcon.colcon_core.verb:set package 'part1_pubsub' build argument 'cmake_force_configure' from command line to 'False'
[0.157s] Level 5:colcon.colcon_core.verb:set package 'part1_pubsub' build argument 'ament_cmake_args' from command line to 'None'
[0.157s] Level 5:colcon.colcon_core.verb:set package 'part1_pubsub' build argument 'catkin_cmake_args' from command line to 'None'
[0.157s] Level 5:colcon.colcon_core.verb:set package 'part1_pubsub' build argument 'catkin_skip_building_tests' from command line to 'False'
[0.157s] DEBUG:colcon.colcon_core.verb:Building package 'part1_pubsub' with the following arguments: {'ament_cmake_args': None, 'build_base': '/home/vivaan/Documents/star_project_submissions/Week_0/ros2_ws/build/part1_pubsub', 'catkin_cmake_args': None, 'catkin_skip_building_tests': False, 'cmake_args': None, 'cmake_clean_cache': False, 'cmake_clean_first': False, 'cmake_force_configure': False, 'cmake_target': None, 'cmake_target_skip_unavailable': False, 'install_base': '/home/vivaan/Documents/star_project_submissions/Week_0/ros2_ws/install/part1_pubsub', 'merge_install': False, 'path': '/home/vivaan/Documents/star_project_submissions/Week_0/ros2_ws/src/part1_pubsub', 'symlink_install': False, 'test_result_base': None}
[0.158s] Level 5:colcon.colcon_core.verb:set package 'part2_navigation' build argument 'cmake_args' from command line to 'None'
[0.158s] Level 5:colcon.colcon_core.verb:set package 'part2_navigation' build argument 'cmake_target' from command line to 'None'
[0.158s] Level 5:colcon.colcon_core.verb:set package 'part2_navigation' build argument 'cmake_target_skip_unavailable' from command line to 'False'
[0.158s] Level 5:colcon.colcon_core.verb:set package 'part2_navigation' build argument 'cmake_clean_cache' from command line to 'False'
[0.158s] Level 5:colcon.colcon_core.verb:set package 'part2_navigation' build argument 'cmake_clean_first' from command line to 'False'
[0.158s] Level 5:colcon.colcon_core.verb:set package 'part2_navigation' build argument 'cmake_force_configure' from command line to 'False'
[0.158s] Level 5:colcon.colcon_core.verb:set package 'part2_navigation' build argument 'ament_cmake_args' from command line to 'None'
[0.158s] Level 5:colcon.colcon_core.verb:set package 'part2_navigation' build argument 'catkin_cmake_args' from command line to 'None'
[0.158s] Level 5:colcon.colcon_core.verb:set package 'part2_navigation' build argument 'catkin_skip_building_tests' from command line to 'False'
[0.158s] DEBUG:colcon.colcon_core.verb:Building package 'part2_navigation' with the following arguments: {'ament_cmake_args': None, 'build_base': '/home/vivaan/Documents/star_project_submissions/Week_0/ros2_ws/build/part2_navigation', 'catkin_cmake_args': None, 'catkin_skip_building_tests': False, 'cmake_args': None, 'cmake_clean_cache': False, 'cmake_clean_first': False, 'cmake_force_configure': False, 'cmake_target': None, 'cmake_target_skip_unavailable': False, 'install_base': '/home/vivaan/Documents/star_project_submissions/Week_0/ros2_ws/install/part2_navigation', 'merge_install': False, 'path': '/home/vivaan/Documents/star_project_submissions/Week_0/ros2_ws/src/part2_navigation', 'symlink_install': False, 'test_result_base': None}
[0.158s] Level 5:colcon.colcon_core.verb:set package 'part3_beyond_basics' build argument 'cmake_args' from command line to 'None'
[0.158s] Level 5:colcon.colcon_core.verb:set package 'part3_beyond_basics' build argument 'cmake_target' from command line to 'None'
[0.158s] Level 5:colcon.colcon_core.verb:set package 'part3_beyond_basics' build argument 'cmake_target_skip_unavailable' from command line to 'False'
[0.158s] Level 5:colcon.colcon_core.verb:set package 'part3_beyond_basics' build argument 'cmake_clean_cache' from command line to 'False'
[0.158s] Level 5:colcon.colcon_core.verb:set package 'part3_beyond_basics' build argument 'cmake_clean_first' from command line to 'False'
[0.158s] Level 5:colcon.colcon_core.verb:set package 'part3_beyond_basics' build argument 'cmake_force_configure' from command line to 'False'
[0.158s] Level 5:colcon.colcon_core.verb:set package 'part3_beyond_basics' build argument 'ament_cmake_args' from command line to 'None'
[0.158s] Level 5:colcon.colcon_core.verb:set package 'part3_beyond_basics' build argument 'catkin_cmake_args' from command line to 'None'
[0.158s] Level 5:colcon.colcon_core.verb:set package 'part3_beyond_basics' build argument 'catkin_skip_building_tests' from command line to 'False'
[0.158s] DEBUG:colcon.colcon_core.verb:Building package 'part3_beyond_basics' with the following arguments: {'ament_cmake_args': None, 'build_base': '/home/vivaan/Documents/star_project_submissions/Week_0/ros2_ws/build/part3_beyond_basics', 'catkin_cmake_args': None, 'catkin_skip_building_tests': False, 'cmake_args': None, 'cmake_clean_cache': False, 'cmake_clean_first': False, 'cmake_force_configure': False, 'cmake_target': None, 'cmake_target_skip_unavailable': False, 'install_base': '/home/vivaan/Documents/star_project_submissions/Week_0/ros2_ws/install/part3_beyond_basics', 'merge_install': False, 'path': '/home/vivaan/Documents/star_project_submissions/Week_0/ros2_ws/src/part3_beyond_basics', 'symlink_install': False, 'test_result_base': None}
[0.158s] Level 5:colcon.colcon_core.verb:set package 'tuos_examples' build argument 'cmake_args' from command line to 'None'
[0.158s] Level 5:colcon.colcon_core.verb:set package 'tuos_examples' build argument 'cmake_target' from command line to 'None'
[0.158s] Level 5:colcon.colcon_core.verb:set package 'tuos_examples' build argument 'cmake_target_skip_unavailable' from command line to 'False'
[0.158s] Level 5:colcon.colcon_core.verb:set package 'tuos_examples' build argument 'cmake_clean_cache' from command line to 'False'
[0.158s] Level 5:colcon.colcon_core.verb:set package 'tuos_examples' build argument 'cmake_clean_first' from command line to 'False'
[0.158s] Level 5:colcon.colcon_core.verb:set package 'tuos_examples' build argument 'cmake_force_configure' from command line to 'False'
[0.158s] Level 5:colcon.colcon_core.verb:set package 'tuos_examples' build argument 'ament_cmake_args' from command line to 'None'
[0.158s] Level 5:colcon.colcon_core.verb:set package 'tuos_examples' build argument 'catkin_cmake_args' from command line to 'None'
[0.158s] Level 5:colcon.colcon_core.verb:set package 'tuos_examples' build argument 'catkin_skip_building_tests' from command line to 'False'
[0.158s] DEBUG:colcon.colcon_core.verb:Building package 'tuos_examples' with the following arguments: {'ament_cmake_args': None, 'build_base': '/home/vivaan/Documents/star_project_submissions/Week_0/ros2_ws/build/tuos_examples', 'catkin_cmake_args': None, 'catkin_skip_building_tests': False, 'cmake_args': None, 'cmake_clean_cache': False, 'cmake_clean_first': False, 'cmake_force_configure': False, 'cmake_target': None, 'cmake_target_skip_unavailable': False, 'install_base': '/home/vivaan/Documents/star_project_submissions/Week_0/ros2_ws/install/tuos_examples', 'merge_install': False, 'path': '/home/vivaan/Documents/star_project_submissions/Week_0/ros2_ws/src/tuos_ros/tuos_examples', 'symlink_install': False, 'test_result_base': None}
[0.159s] Level 5:colcon.colcon_core.verb:set package 'tuos_interfaces' build argument 'cmake_args' from command line to 'None'
[0.159s] Level 5:colcon.colcon_core.verb:set package 'tuos_interfaces' build argument 'cmake_target' from command line to 'None'
[0.159s] Level 5:colcon.colcon_core.verb:set package 'tuos_interfaces' build argument 'cmake_target_skip_unavailable' from command line to 'False'
[0.159s] Level 5:colcon.colcon_core.verb:set package 'tuos_interfaces' build argument 'cmake_clean_cache' from command line to 'False'
[0.159s] Level 5:colcon.colcon_core.verb:set package 'tuos_interfaces' build argument 'cmake_clean_first' from command line to 'False'
[0.159s] Level 5:colcon.colcon_core.verb:set package 'tuos_interfaces' build argument 'cmake_force_configure' from command line to 'False'
[0.159s] Level 5:colcon.colcon_core.verb:set package 'tuos_interfaces' build argument 'ament_cmake_args' from command line to 'None'
[0.159s] Level 5:colcon.colcon_core.verb:set package 'tuos_interfaces' build argument 'catkin_cmake_args' from command line to 'None'
[0.159s] Level 5:colcon.colcon_core.verb:set package 'tuos_interfaces' build argument 'catkin_skip_building_tests' from command line to 'False'
[0.159s] DEBUG:colcon.colcon_core.verb:Building package 'tuos_interfaces' with the following arguments: {'ament_cmake_args': None, 'build_base': '/home/vivaan/Documents/star_project_submissions/Week_0/ros2_ws/build/tuos_interfaces', 'catkin_cmake_args': None, 'catkin_skip_building_tests': False, 'cmake_args': None, 'cmake_clean_cache': False, 'cmake_clean_first': False, 'cmake_force_configure': False, 'cmake_target': None, 'cmake_target_skip_unavailable': False, 'install_base': '/home/vivaan/Documents/star_project_submissions/Week_0/ros2_ws/install/tuos_interfaces', 'merge_install': False, 'path': '/home/vivaan/Documents/star_project_submissions/Week_0/ros2_ws/src/tuos_ros/tuos_interfaces', 'symlink_install': False, 'test_result_base': None}
[0.159s] Level 5:colcon.colcon_core.verb:set package 'tuos_simulations' build argument 'cmake_args' from command line to 'None'
[0.159s] Level 5:colcon.colcon_core.verb:set package 'tuos_simulations' build argument 'cmake_target' from command line to 'None'
[0.159s] Level 5:colcon.colcon_core.verb:set package 'tuos_simulations' build argument 'cmake_target_skip_unavailable' from command line to 'False'
[0.159s] Level 5:colcon.colcon_core.verb:set package 'tuos_simulations' build argument 'cmake_clean_cache' from command line to 'False'
[0.159s] Level 5:colcon.colcon_core.verb:set package 'tuos_simulations' build argument 'cmake_clean_first' from command line to 'False'
[0.159s] Level 5:colcon.colcon_core.verb:set package 'tuos_simulations' build argument 'cmake_force_configure' from command line to 'False'
[0.159s] Level 5:colcon.colcon_core.verb:set package 'tuos_simulations' build argument 'ament_cmake_args' from command line to 'None'
[0.159s] Level 5:colcon.colcon_core.verb:set package 'tuos_simulations' build argument 'catkin_cmake_args' from command line to 'None'
[0.159s] Level 5:colcon.colcon_core.verb:set package 'tuos_simulations' build argument 'catkin_skip_building_tests' from command line to 'False'
[0.159s] DEBUG:colcon.colcon_core.verb:Building package 'tuos_simulations' with the following arguments: {'ament_cmake_args': None, 'build_base': '/home/vivaan/Documents/star_project_submissions/Week_0/ros2_ws/build/tuos_simulations', 'catkin_cmake_args': None, 'catkin_skip_building_tests': False, 'cmake_args': None, 'cmake_clean_cache': False, 'cmake_clean_first': False, 'cmake_force_configure': False, 'cmake_target': None, 'cmake_target_skip_unavailable': False, 'install_base': '/home/vivaan/Documents/star_project_submissions/Week_0/ros2_ws/install/tuos_simulations', 'merge_install': False, 'path': '/home/vivaan/Documents/star_project_submissions/Week_0/ros2_ws/src/tuos_ros/tuos_simulations', 'symlink_install': False, 'test_result_base': None}
[0.159s] Level 5:colcon.colcon_core.verb:set package 'tuos_tb3_tools' build argument 'cmake_args' from command line to 'None'
[0.159s] Level 5:colcon.colcon_core.verb:set package 'tuos_tb3_tools' build argument 'cmake_target' from command line to 'None'
[0.159s] Level 5:colcon.colcon_core.verb:set package 'tuos_tb3_tools' build argument 'cmake_target_skip_unavailable' from command line to 'False'
[0.159s] Level 5:colcon.colcon_core.verb:set package 'tuos_tb3_tools' build argument 'cmake_clean_cache' from command line to 'False'
[0.159s] Level 5:colcon.colcon_core.verb:set package 'tuos_tb3_tools' build argument 'cmake_clean_first' from command line to 'False'
[0.159s] Level 5:colcon.colcon_core.verb:set package 'tuos_tb3_tools' build argument 'cmake_force_configure' from command line to 'False'
[0.159s] Level 5:colcon.colcon_core.verb:set package 'tuos_tb3_tools' build argument 'ament_cmake_args' from command line to 'None'
[0.159s] Level 5:colcon.colcon_core.verb:set package 'tuos_tb3_tools' build argument 'catkin_cmake_args' from command line to 'None'
[0.159s] Level 5:colcon.colcon_core.verb:set package 'tuos_tb3_tools' build argument 'catkin_skip_building_tests' from command line to 'False'
[0.159s] DEBUG:colcon.colcon_core.verb:Building package 'tuos_tb3_tools' with the following arguments: {'ament_cmake_args': None, 'build_base': '/home/vivaan/Documents/star_project_submissions/Week_0/ros2_ws/build/tuos_tb3_tools', 'catkin_cmake_args': None, 'catkin_skip_building_tests': False, 'cmake_args': None, 'cmake_clean_cache': False, 'cmake_clean_first': False, 'cmake_force_configure': False, 'cmake_target': None, 'cmake_target_skip_unavailable': False, 'install_base': '/home/vivaan/Documents/star_project_submissions/Week_0/ros2_ws/install/tuos_tb3_tools', 'merge_install': False, 'path': '/home/vivaan/Documents/star_project_submissions/Week_0/ros2_ws/src/tuos_ros/tuos_tb3_tools', 'symlink_install': False, 'test_result_base': None}
[0.159s] Level 5:colcon.colcon_core.verb:set package 'com2009_simulations' build argument 'cmake_args' from command line to 'None'
[0.159s] Level 5:colcon.colcon_core.verb:set package 'com2009_simulations' build argument 'cmake_target' from command line to 'None'
[0.159s] Level 5:colcon.colcon_core.verb:set package 'com2009_simulations' build argument 'cmake_target_skip_unavailable' from command line to 'False'
[0.159s] Level 5:colcon.colcon_core.verb:set package 'com2009_simulations' build argument 'cmake_clean_cache' from command line to 'False'
[0.160s] Level 5:colcon.colcon_core.verb:set package 'com2009_simulations' build argument 'cmake_clean_first' from command line to 'False'
[0.160s] Level 5:colcon.colcon_core.verb:set package 'com2009_simulations' build argument 'cmake_force_configure' from command line to 'False'
[0.160s] Level 5:colcon.colcon_core.verb:set package 'com2009_simulations' build argument 'ament_cmake_args' from command line to 'None'
[0.160s] Level 5:colcon.colcon_core.verb:set package 'com2009_simulations' build argument 'catkin_cmake_args' from command line to 'None'
[0.160s] Level 5:colcon.colcon_core.verb:set package 'com2009_simulations' build argument 'catkin_skip_building_tests' from command line to 'False'
[0.160s] DEBUG:colcon.colcon_core.verb:Building package 'com2009_simulations' with the following arguments: {'ament_cmake_args': None, 'build_base': '/home/vivaan/Documents/star_project_submissions/Week_0/ros2_ws/build/com2009_simulations', 'catkin_cmake_args': None, 'catkin_skip_building_tests': False, 'cmake_args': None, 'cmake_clean_cache': False, 'cmake_clean_first': False, 'cmake_force_configure': False, 'cmake_target': None, 'cmake_target_skip_unavailable': False, 'install_base': '/home/vivaan/Documents/star_project_submissions/Week_0/ros2_ws/install/com2009_simulations', 'merge_install': False, 'path': '/home/vivaan/Documents/star_project_submissions/Week_0/ros2_ws/src/tuos_ros/com2009_simulations', 'symlink_install': False, 'test_result_base': None}
[0.160s] Level 5:colcon.colcon_core.verb:set package 'tuos_ros' build argument 'cmake_args' from command line to 'None'
[0.160s] Level 5:colcon.colcon_core.verb:set package 'tuos_ros' build argument 'cmake_target' from command line to 'None'
[0.160s] Level 5:colcon.colcon_core.verb:set package 'tuos_ros' build argument 'cmake_target_skip_unavailable' from command line to 'False'
[0.160s] Level 5:colcon.colcon_core.verb:set package 'tuos_ros' build argument 'cmake_clean_cache' from command line to 'False'
[0.160s] Level 5:colcon.colcon_core.verb:set package 'tuos_ros' build argument 'cmake_clean_first' from command line to 'False'
[0.160s] Level 5:colcon.colcon_core.verb:set package 'tuos_ros' build argument 'cmake_force_configure' from command line to 'False'
[0.160s] Level 5:colcon.colcon_core.verb:set package 'tuos_ros' build argument 'ament_cmake_args' from command line to 'None'
[0.160s] Level 5:colcon.colcon_core.verb:set package 'tuos_ros' build argument 'catkin_cmake_args' from command line to 'None'
[0.160s] Level 5:colcon.colcon_core.verb:set package 'tuos_ros' build argument 'catkin_skip_building_tests' from command line to 'False'
[0.160s] DEBUG:colcon.colcon_core.verb:Building package 'tuos_ros' with the following arguments: {'ament_cmake_args': None, 'build_base': '/home/vivaan/Documents/star_project_submissions/Week_0/ros2_ws/build/tuos_ros', 'catkin_cmake_args': None, 'catkin_skip_building_tests': False, 'cmake_args': None, 'cmake_clean_cache': False, 'cmake_clean_first': False, 'cmake_force_configure': False, 'cmake_target': None, 'cmake_target_skip_unavailable': False, 'install_base': '/home/vivaan/Documents/star_project_submissions/Week_0/ros2_ws/install/tuos_ros', 'merge_install': False, 'path': '/home/vivaan/Documents/star_project_submissions/Week_0/ros2_ws/src/tuos_ros/tuos_ros', 'symlink_install': False, 'test_result_base': None}
[0.160s] INFO:colcon.colcon_core.executor:Executing jobs using 'parallel' executor
[0.161s] DEBUG:colcon.colcon_parallel_executor.executor.parallel:run_until_complete
[0.161s] INFO:colcon.colcon_ros.task.ament_cmake.build:Building ROS package in '/home/vivaan/Documents/star_project_submissions/Week_0/ros2_ws/src/tuos_ros/tuos_simulations' with build type 'ament_cmake'
[0.161s] INFO:colcon.colcon_cmake.task.cmake.build:Building CMake package in '/home/vivaan/Documents/star_project_submissions/Week_0/ros2_ws/src/tuos_ros/tuos_simulations'
[0.163s] INFO:colcon.colcon_core.plugin_system:Skipping extension 'colcon_core.shell.bat': Not used on non-Windows systems
[0.163s] INFO:colcon.colcon_core.shell:Skip shell extension 'powershell' for command environment: Not usable outside of PowerShell
[0.163s] DEBUG:colcon.colcon_core.shell:Skip shell extension 'dsv' for command environment
[0.165s] INFO:colcon.colcon_ros.task.ament_cmake.build:Building ROS package in '/home/vivaan/Documents/star_project_submissions/Week_0/ros2_ws/src/tuos_ros/tuos_examples' with build type 'ament_cmake'
[0.165s] INFO:colcon.colcon_cmake.task.cmake.build:Building CMake package in '/home/vivaan/Documents/star_project_submissions/Week_0/ros2_ws/src/tuos_ros/tuos_examples'
[0.166s] INFO:colcon.colcon_core.shell:Skip shell extension 'powershell' for command environment: Not usable outside of PowerShell
[0.166s] DEBUG:colcon.colcon_core.shell:Skip shell extension 'dsv' for command environment
[0.168s] INFO:colcon.colcon_ros.task.ament_cmake.build:Building ROS package in '/home/vivaan/Documents/star_project_submissions/Week_0/ros2_ws/src/tuos_ros/tuos_interfaces' with build type 'ament_cmake'
[0.168s] INFO:colcon.colcon_cmake.task.cmake.build:Building CMake package in '/home/vivaan/Documents/star_project_submissions/Week_0/ros2_ws/src/tuos_ros/tuos_interfaces'
[0.168s] INFO:colcon.colcon_core.shell:Skip shell extension 'powershell' for command environment: Not usable outside of PowerShell
[0.168s] DEBUG:colcon.colcon_core.shell:Skip shell extension 'dsv' for command environment
[0.170s] INFO:colcon.colcon_ros.task.ament_cmake.build:Building ROS package in '/home/vivaan/Documents/star_project_submissions/Week_0/ros2_ws/src/tuos_ros/tuos_tb3_tools' with build type 'ament_cmake'
[0.170s] INFO:colcon.colcon_cmake.task.cmake.build:Building CMake package in '/home/vivaan/Documents/star_project_submissions/Week_0/ros2_ws/src/tuos_ros/tuos_tb3_tools'
[0.170s] INFO:colcon.colcon_core.shell:Skip shell extension 'powershell' for command environment: Not usable outside of PowerShell
[0.170s] DEBUG:colcon.colcon_core.shell:Skip shell extension 'dsv' for command environment
[0.173s] INFO:colcon.colcon_ros.task.ament_cmake.build:Building ROS package in '/home/vivaan/Documents/star_project_submissions/Week_0/ros2_ws/src/part1_pubsub' with build type 'ament_cmake'
[0.173s] INFO:colcon.colcon_cmake.task.cmake.build:Building CMake package in '/home/vivaan/Documents/star_project_submissions/Week_0/ros2_ws/src/part1_pubsub'
[0.173s] INFO:colcon.colcon_core.shell:Skip shell extension 'powershell' for command environment: Not usable outside of PowerShell
[0.173s] DEBUG:colcon.colcon_core.shell:Skip shell extension 'dsv' for command environment
[0.175s] INFO:colcon.colcon_ros.task.ament_cmake.build:Building ROS package in '/home/vivaan/Documents/star_project_submissions/Week_0/ros2_ws/src/part2_navigation' with build type 'ament_cmake'
[0.175s] INFO:colcon.colcon_cmake.task.cmake.build:Building CMake package in '/home/vivaan/Documents/star_project_submissions/Week_0/ros2_ws/src/part2_navigation'
[0.175s] INFO:colcon.colcon_core.shell:Skip shell extension 'powershell' for command environment: Not usable outside of PowerShell
[0.175s] DEBUG:colcon.colcon_core.shell:Skip shell extension 'dsv' for command environment
[0.178s] INFO:colcon.colcon_ros.task.ament_cmake.build:Building ROS package in '/home/vivaan/Documents/star_project_submissions/Week_0/ros2_ws/src/part3_beyond_basics' with build type 'ament_cmake'
[0.178s] INFO:colcon.colcon_cmake.task.cmake.build:Building CMake package in '/home/vivaan/Documents/star_project_submissions/Week_0/ros2_ws/src/part3_beyond_basics'
[0.178s] INFO:colcon.colcon_core.shell:Skip shell extension 'powershell' for command environment: Not usable outside of PowerShell
[0.178s] DEBUG:colcon.colcon_core.shell:Skip shell extension 'dsv' for command environment
[0.184s] DEBUG:colcon.colcon_core.event_handler.log_command:Invoking command in '/home/vivaan/Documents/star_project_submissions/Week_0/ros2_ws/build/tuos_simulations': CMAKE_PREFIX_PATH=${CMAKE_PREFIX_PATH}:/opt/ros/humble /usr/bin/cmake --build /home/vivaan/Documents/star_project_submissions/Week_0/ros2_ws/build/tuos_simulations -- -j12 -l12
[0.185s] DEBUG:colcon.colcon_core.event_handler.log_command:Invoking command in '/home/vivaan/Documents/star_project_submissions/Week_0/ros2_ws/build/tuos_examples': CMAKE_PREFIX_PATH=${CMAKE_PREFIX_PATH}:/opt/ros/humble /usr/bin/cmake --build /home/vivaan/Documents/star_project_submissions/Week_0/ros2_ws/build/tuos_examples -- -j12 -l12
[0.187s] DEBUG:colcon.colcon_core.event_handler.log_command:Invoking command in '/home/vivaan/Documents/star_project_submissions/Week_0/ros2_ws/build/tuos_interfaces': CMAKE_PREFIX_PATH=${CMAKE_PREFIX_PATH}:/opt/ros/humble /usr/bin/cmake --build /home/vivaan/Documents/star_project_submissions/Week_0/ros2_ws/build/tuos_interfaces -- -j12 -l12
[0.189s] DEBUG:colcon.colcon_core.event_handler.log_command:Invoking command in '/home/vivaan/Documents/star_project_submissions/Week_0/ros2_ws/build/tuos_tb3_tools': CMAKE_PREFIX_PATH=${CMAKE_PREFIX_PATH}:/opt/ros/humble /usr/bin/cmake --build /home/vivaan/Documents/star_project_submissions/Week_0/ros2_ws/build/tuos_tb3_tools -- -j12 -l12
[0.192s] DEBUG:colcon.colcon_core.event_handler.log_command:Invoking command in '/home/vivaan/Documents/star_project_submissions/Week_0/ros2_ws/build/part1_pubsub': CMAKE_PREFIX_PATH=${CMAKE_PREFIX_PATH}:/opt/ros/humble /usr/bin/cmake --build /home/vivaan/Documents/star_project_submissions/Week_0/ros2_ws/build/part1_pubsub -- -j12 -l12
[0.195s] DEBUG:colcon.colcon_core.event_handler.log_command:Invoking command in '/home/vivaan/Documents/star_project_submissions/Week_0/ros2_ws/build/part2_navigation': CMAKE_PREFIX_PATH=${CMAKE_PREFIX_PATH}:/opt/ros/humble /usr/bin/cmake --build /home/vivaan/Documents/star_project_submissions/Week_0/ros2_ws/build/part2_navigation -- -j12 -l12
[0.199s] DEBUG:colcon.colcon_core.event_handler.log_command:Invoking command in '/home/vivaan/Documents/star_project_submissions/Week_0/ros2_ws/build/part3_beyond_basics': CMAKE_PREFIX_PATH=${CMAKE_PREFIX_PATH}:/opt/ros/humble /usr/bin/cmake --build /home/vivaan/Documents/star_project_submissions/Week_0/ros2_ws/build/part3_beyond_basics -- -j12 -l12
[0.225s] DEBUG:colcon.colcon_core.event_handler.log_command:Invoked command in '/home/vivaan/Documents/star_project_submissions/Week_0/ros2_ws/build/tuos_simulations' returned '0': CMAKE_PREFIX_PATH=${CMAKE_PREFIX_PATH}:/opt/ros/humble /usr/bin/cmake --build /home/vivaan/Documents/star_project_submissions/Week_0/ros2_ws/build/tuos_simulations -- -j12 -l12
[0.239s] DEBUG:colcon.colcon_core.event_handler.log_command:Invoking command in '/home/vivaan/Documents/star_project_submissions/Week_0/ros2_ws/build/tuos_simulations': CMAKE_PREFIX_PATH=${CMAKE_PREFIX_PATH}:/opt/ros/humble /usr/bin/cmake --install /home/vivaan/Documents/star_project_submissions/Week_0/ros2_ws/build/tuos_simulations
[0.253s] Level 1:colcon.colcon_core.environment:create_environment_scripts_only(tuos_simulations)
[0.258s] Level 1:colcon.colcon_core.environment:checking '/home/vivaan/Documents/star_project_submissions/Week_0/ros2_ws/install/tuos_simulations' for CMake module files
[0.258s] Level 1:colcon.colcon_core.environment:checking '/home/vivaan/Documents/star_project_submissions/Week_0/ros2_ws/install/tuos_simulations' for CMake config files
[0.259s] Level 1:colcon.colcon_core.shell:create_environment_hook('tuos_simulations', 'cmake_prefix_path')
[0.259s] INFO:colcon.colcon_core.shell:Creating environment hook '/home/vivaan/Documents/star_project_submissions/Week_0/ros2_ws/install/tuos_simulations/share/tuos_simulations/hook/cmake_prefix_path.ps1'
[0.260s] INFO:colcon.colcon_core.shell:Creating environment descriptor '/home/vivaan/Documents/star_project_submissions/Week_0/ros2_ws/install/tuos_simulations/share/tuos_simulations/hook/cmake_prefix_path.dsv'
[0.264s] INFO:colcon.colcon_core.shell:Creating environment hook '/home/vivaan/Documents/star_project_submissions/Week_0/ros2_ws/install/tuos_simulations/share/tuos_simulations/hook/cmake_prefix_path.sh'
[0.263s] DEBUG:colcon.colcon_core.event_handler.log_command:Invoked command in '/home/vivaan/Documents/star_project_submissions/Week_0/ros2_ws/build/tuos_simulations' returned '0': CMAKE_PREFIX_PATH=${CMAKE_PREFIX_PATH}:/opt/ros/humble /usr/bin/cmake --install /home/vivaan/Documents/star_project_submissions/Week_0/ros2_ws/build/tuos_simulations
[0.265s] Level 1:colcon.colcon_core.environment:checking '/home/vivaan/Documents/star_project_submissions/Week_0/ros2_ws/install/tuos_simulations/bin'
[0.265s] Level 1:colcon.colcon_core.environment:checking '/home/vivaan/Documents/star_project_submissions/Week_0/ros2_ws/install/tuos_simulations/lib/pkgconfig/tuos_simulations.pc'
[0.266s] Level 1:colcon.colcon_core.environment:checking '/home/vivaan/Documents/star_project_submissions/Week_0/ros2_ws/install/tuos_simulations/lib/python3.10/site-packages'
[0.266s] Level 1:colcon.colcon_core.environment:checking '/home/vivaan/Documents/star_project_submissions/Week_0/ros2_ws/install/tuos_simulations/bin'
[0.266s] INFO:colcon.colcon_core.shell:Creating package script '/home/vivaan/Documents/star_project_submissions/Week_0/ros2_ws/install/tuos_simulations/share/tuos_simulations/package.ps1'
[0.268s] INFO:colcon.colcon_core.shell:Creating package descriptor '/home/vivaan/Documents/star_project_submissions/Week_0/ros2_ws/install/tuos_simulations/share/tuos_simulations/package.dsv'
[0.269s] INFO:colcon.colcon_core.shell:Creating package script '/home/vivaan/Documents/star_project_submissions/Week_0/ros2_ws/install/tuos_simulations/share/tuos_simulations/package.sh'
[0.270s] INFO:colcon.colcon_core.shell:Creating package script '/home/vivaan/Documents/star_project_submissions/Week_0/ros2_ws/install/tuos_simulations/share/tuos_simulations/package.bash'
[0.271s] INFO:colcon.colcon_core.shell:Creating package script '/home/vivaan/Documents/star_project_submissions/Week_0/ros2_ws/install/tuos_simulations/share/tuos_simulations/package.zsh'
[0.272s] Level 1:colcon.colcon_core.environment:create_file_with_runtime_dependencies(/home/vivaan/Documents/star_project_submissions/Week_0/ros2_ws/install/tuos_simulations/share/colcon-core/packages/tuos_simulations)
[0.272s] Level 1:colcon.colcon_core.environment:create_environment_scripts_only(tuos_simulations)
[0.272s] Level 1:colcon.colcon_core.environment:checking '/home/vivaan/Documents/star_project_submissions/Week_0/ros2_ws/install/tuos_simulations' for CMake module files
[0.273s] Level 1:colcon.colcon_core.environment:checking '/home/vivaan/Documents/star_project_submissions/Week_0/ros2_ws/install/tuos_simulations' for CMake config files
[0.276s] Level 1:colcon.colcon_core.shell:create_environment_hook('tuos_simulations', 'cmake_prefix_path')
[0.276s] INFO:colcon.colcon_core.shell:Creating environment hook '/home/vivaan/Documents/star_project_submissions/Week_0/ros2_ws/install/tuos_simulations/share/tuos_simulations/hook/cmake_prefix_path.ps1'
[0.278s] INFO:colcon.colcon_core.shell:Creating environment descriptor '/home/vivaan/Documents/star_project_submissions/Week_0/ros2_ws/install/tuos_simulations/share/tuos_simulations/hook/cmake_prefix_path.dsv'
[0.279s] INFO:colcon.colcon_core.shell:Creating environment hook '/home/vivaan/Documents/star_project_submissions/Week_0/ros2_ws/install/tuos_simulations/share/tuos_simulations/hook/cmake_prefix_path.sh'
[0.281s] Level 1:colcon.colcon_core.environment:checking '/home/vivaan/Documents/star_project_submissions/Week_0/ros2_ws/install/tuos_simulations/bin'
[0.281s] Level 1:colcon.colcon_core.environment:checking '/home/vivaan/Documents/star_project_submissions/Week_0/ros2_ws/install/tuos_simulations/lib/pkgconfig/tuos_simulations.pc'
[0.282s] Level 1:colcon.colcon_core.environment:checking '/home/vivaan/Documents/star_project_submissions/Week_0/ros2_ws/install/tuos_simulations/lib/python3.10/site-packages'
[0.282s] Level 1:colcon.colcon_core.environment:checking '/home/vivaan/Documents/star_project_submissions/Week_0/ros2_ws/install/tuos_simulations/bin'
[0.283s] INFO:colcon.colcon_core.shell:Creating package script '/home/vivaan/Documents/star_project_submissions/Week_0/ros2_ws/install/tuos_simulations/share/tuos_simulations/package.ps1'
[0.284s] INFO:colcon.colcon_core.shell:Creating package descriptor '/home/vivaan/Documents/star_project_submissions/Week_0/ros2_ws/install/tuos_simulations/share/tuos_simulations/package.dsv'
[0.284s] INFO:colcon.colcon_core.shell:Creating package script '/home/vivaan/Documents/star_project_submissions/Week_0/ros2_ws/install/tuos_simulations/share/tuos_simulations/package.sh'
[0.285s] INFO:colcon.colcon_core.shell:Creating package script '/home/vivaan/Documents/star_project_submissions/Week_0/ros2_ws/install/tuos_simulations/share/tuos_simulations/package.bash'
[0.286s] INFO:colcon.colcon_core.shell:Creating package script '/home/vivaan/Documents/star_project_submissions/Week_0/ros2_ws/install/tuos_simulations/share/tuos_simulations/package.zsh'
[0.287s] Level 1:colcon.colcon_core.environment:create_file_with_runtime_dependencies(/home/vivaan/Documents/star_project_submissions/Week_0/ros2_ws/install/tuos_simulations/share/colcon-core/packages/tuos_simulations)
[0.287s] INFO:colcon.colcon_ros.task.ament_cmake.build:Building ROS package in '/home/vivaan/Documents/star_project_submissions/Week_0/ros2_ws/src/tuos_ros/com2009_simulations' with build type 'ament_cmake'
[0.288s] INFO:colcon.colcon_cmake.task.cmake.build:Building CMake package in '/home/vivaan/Documents/star_project_submissions/Week_0/ros2_ws/src/tuos_ros/com2009_simulations'
[0.288s] INFO:colcon.colcon_core.shell:Skip shell extension 'powershell' for command environment: Not usable outside of PowerShell
[0.288s] DEBUG:colcon.colcon_core.shell:Skip shell extension 'dsv' for command environment
[0.293s] DEBUG:colcon.colcon_core.event_handler.log_command:Invoked command in '/home/vivaan/Documents/star_project_submissions/Week_0/ros2_ws/build/part2_navigation' returned '0': CMAKE_PREFIX_PATH=${CMAKE_PREFIX_PATH}:/opt/ros/humble /usr/bin/cmake --build /home/vivaan/Documents/star_project_submissions/Week_0/ros2_ws/build/part2_navigation -- -j12 -l12
[0.295s] DEBUG:colcon.colcon_core.event_handler.log_command:Invoking command in '/home/vivaan/Documents/star_project_submissions/Week_0/ros2_ws/build/part2_navigation': CMAKE_PREFIX_PATH=${CMAKE_PREFIX_PATH}:/opt/ros/humble /usr/bin/cmake --install /home/vivaan/Documents/star_project_submissions/Week_0/ros2_ws/build/part2_navigation
[0.296s] DEBUG:colcon.colcon_core.event_handler.log_command:Invoked command in '/home/vivaan/Documents/star_project_submissions/Week_0/ros2_ws/build/tuos_tb3_tools' returned '0': CMAKE_PREFIX_PATH=${CMAKE_PREFIX_PATH}:/opt/ros/humble /usr/bin/cmake --build /home/vivaan/Documents/star_project_submissions/Week_0/ros2_ws/build/tuos_tb3_tools -- -j12 -l12
[0.297s] DEBUG:colcon.colcon_core.event_handler.log_command:Invoking command in '/home/vivaan/Documents/star_project_submissions/Week_0/ros2_ws/build/tuos_tb3_tools': CMAKE_PREFIX_PATH=${CMAKE_PREFIX_PATH}:/opt/ros/humble /usr/bin/cmake --install /home/vivaan/Documents/star_project_submissions/Week_0/ros2_ws/build/tuos_tb3_tools
[0.300s] DEBUG:colcon.colcon_core.event_handler.log_command:Invoking command in '/home/vivaan/Documents/star_project_submissions/Week_0/ros2_ws/build/com2009_simulations': CMAKE_PREFIX_PATH=/home/vivaan/Documents/star_project_submissions/Week_0/ros2_ws/install/tuos_simulations:/home/vivaan/Documents/star_project_submissions/Week_0/ros2_ws/install/tuos_ros:/home/vivaan/Documents/star_project_submissions/Week_0/ros2_ws/install/tuos_tb3_tools:/home/vivaan/Documents/star_project_submissions/Week_0/ros2_ws/install/com2009_simulations:/home/vivaan/Documents/star_project_submissions/Week_0/ros2_ws/install/tuos_interfaces:/home/vivaan/Documents/star_project_submissions/Week_0/ros2_ws/install/tuos_examples:/home/vivaan/Documents/star_project_submissions/Week_0/ros2_ws/install/part3_beyond_basics:/home/vivaan/Documents/star_project_submissions/Week_0/ros2_ws/install/part2_navigation:/home/vivaan/Documents/star_project_submissions/Week_0/ros2_ws/install/part1_pubsub:/opt/ros/humble /usr/bin/cmake --build /home/vivaan/Documents/star_project_submissions/Week_0/ros2_ws/build/com2009_simulations -- -j12 -l12
[0.307s] Level 1:colcon.colcon_core.environment:create_environment_scripts_only(part2_navigation)
[0.307s] Level 1:colcon.colcon_core.environment:checking '/home/vivaan/Documents/star_project_submissions/Week_0/ros2_ws/install/part2_navigation' for CMake module files
[0.308s] DEBUG:colcon.colcon_core.event_handler.log_command:Invoked command in '/home/vivaan/Documents/star_project_submissions/Week_0/ros2_ws/build/part2_navigation' returned '0': CMAKE_PREFIX_PATH=${CMAKE_PREFIX_PATH}:/opt/ros/humble /usr/bin/cmake --install /home/vivaan/Documents/star_project_submissions/Week_0/ros2_ws/build/part2_navigation
[0.308s] Level 1:colcon.colcon_core.environment:checking '/home/vivaan/Documents/star_project_submissions/Week_0/ros2_ws/install/part2_navigation' for CMake config files
[0.309s] Level 1:colcon.colcon_core.shell:create_environment_hook('part2_navigation', 'cmake_prefix_path')
[0.309s] INFO:colcon.colcon_core.shell:Creating environment hook '/home/vivaan/Documents/star_project_submissions/Week_0/ros2_ws/install/part2_navigation/share/part2_navigation/hook/cmake_prefix_path.ps1'
[0.309s] INFO:colcon.colcon_core.shell:Creating environment descriptor '/home/vivaan/Documents/star_project_submissions/Week_0/ros2_ws/install/part2_navigation/share/part2_navigation/hook/cmake_prefix_path.dsv'
[0.310s] INFO:colcon.colcon_core.shell:Creating environment hook '/home/vivaan/Documents/star_project_submissions/Week_0/ros2_ws/install/part2_navigation/share/part2_navigation/hook/cmake_prefix_path.sh'
[0.311s] Level 1:colcon.colcon_core.environment:checking '/home/vivaan/Documents/star_project_submissions/Week_0/ros2_ws/install/part2_navigation/lib'
[0.311s] Level 1:colcon.colcon_core.environment:checking '/home/vivaan/Documents/star_project_submissions/Week_0/ros2_ws/install/part2_navigation/bin'
[0.311s] Level 1:colcon.colcon_core.environment:checking '/home/vivaan/Documents/star_project_submissions/Week_0/ros2_ws/install/part2_navigation/lib/pkgconfig/part2_navigation.pc'
[0.311s] Level 1:colcon.colcon_core.environment:checking '/home/vivaan/Documents/star_project_submissions/Week_0/ros2_ws/install/part2_navigation/lib/python3.10/site-packages'
[0.312s] Level 1:colcon.colcon_core.environment:checking '/home/vivaan/Documents/star_project_submissions/Week_0/ros2_ws/install/part2_navigation/bin'
[0.312s] INFO:colcon.colcon_core.shell:Creating package script '/home/vivaan/Documents/star_project_submissions/Week_0/ros2_ws/install/part2_navigation/share/part2_navigation/package.ps1'
[0.313s] INFO:colcon.colcon_core.shell:Creating package descriptor '/home/vivaan/Documents/star_project_submissions/Week_0/ros2_ws/install/part2_navigation/share/part2_navigation/package.dsv'
[0.313s] INFO:colcon.colcon_core.shell:Creating package script '/home/vivaan/Documents/star_project_submissions/Week_0/ros2_ws/install/part2_navigation/share/part2_navigation/package.sh'
[0.314s] INFO:colcon.colcon_core.shell:Creating package script '/home/vivaan/Documents/star_project_submissions/Week_0/ros2_ws/install/part2_navigation/share/part2_navigation/package.bash'
[0.314s] INFO:colcon.colcon_core.shell:Creating package script '/home/vivaan/Documents/star_project_submissions/Week_0/ros2_ws/install/part2_navigation/share/part2_navigation/package.zsh'
[0.314s] Level 1:colcon.colcon_core.environment:create_file_with_runtime_dependencies(/home/vivaan/Documents/star_project_submissions/Week_0/ros2_ws/install/part2_navigation/share/colcon-core/packages/part2_navigation)
[0.315s] Level 1:colcon.colcon_core.environment:create_environment_scripts_only(part2_navigation)
[0.315s] Level 1:colcon.colcon_core.environment:checking '/home/vivaan/Documents/star_project_submissions/Week_0/ros2_ws/install/part2_navigation' for CMake module files
[0.315s] Level 1:colcon.colcon_core.environment:checking '/home/vivaan/Documents/star_project_submissions/Week_0/ros2_ws/install/part2_navigation' for CMake config files
[0.315s] Level 1:colcon.colcon_core.shell:create_environment_hook('part2_navigation', 'cmake_prefix_path')
[0.316s] INFO:colcon.colcon_core.shell:Creating environment hook '/home/vivaan/Documents/star_project_submissions/Week_0/ros2_ws/install/part2_navigation/share/part2_navigation/hook/cmake_prefix_path.ps1'
[0.316s] INFO:colcon.colcon_core.shell:Creating environment descriptor '/home/vivaan/Documents/star_project_submissions/Week_0/ros2_ws/install/part2_navigation/share/part2_navigation/hook/cmake_prefix_path.dsv'
[0.316s] INFO:colcon.colcon_core.shell:Creating environment hook '/home/vivaan/Documents/star_project_submissions/Week_0/ros2_ws/install/part2_navigation/share/part2_navigation/hook/cmake_prefix_path.sh'
[0.317s] Level 1:colcon.colcon_core.environment:checking '/home/vivaan/Documents/star_project_submissions/Week_0/ros2_ws/install/part2_navigation/lib'
[0.317s] Level 1:colcon.colcon_core.environment:checking '/home/vivaan/Documents/star_project_submissions/Week_0/ros2_ws/install/part2_navigation/bin'
[0.317s] Level 1:colcon.colcon_core.environment:checking '/home/vivaan/Documents/star_project_submissions/Week_0/ros2_ws/install/part2_navigation/lib/pkgconfig/part2_navigation.pc'
[0.317s] Level 1:colcon.colcon_core.environment:checking '/home/vivaan/Documents/star_project_submissions/Week_0/ros2_ws/install/part2_navigation/lib/python3.10/site-packages'
[0.317s] Level 1:colcon.colcon_core.environment:checking '/home/vivaan/Documents/star_project_submissions/Week_0/ros2_ws/install/part2_navigation/bin'
[0.318s] INFO:colcon.colcon_core.shell:Creating package script '/home/vivaan/Documents/star_project_submissions/Week_0/ros2_ws/install/part2_navigation/share/part2_navigation/package.ps1'
[0.318s] INFO:colcon.colcon_core.shell:Creating package descriptor '/home/vivaan/Documents/star_project_submissions/Week_0/ros2_ws/install/part2_navigation/share/part2_navigation/package.dsv'
[0.319s] INFO:colcon.colcon_core.shell:Creating package script '/home/vivaan/Documents/star_project_submissions/Week_0/ros2_ws/install/part2_navigation/share/part2_navigation/package.sh'
[0.320s] INFO:colcon.colcon_core.shell:Creating package script '/home/vivaan/Documents/star_project_submissions/Week_0/ros2_ws/install/part2_navigation/share/part2_navigation/package.bash'
[0.320s] INFO:colcon.colcon_core.shell:Creating package script '/home/vivaan/Documents/star_project_submissions/Week_0/ros2_ws/install/part2_navigation/share/part2_navigation/package.zsh'
[0.321s] Level 1:colcon.colcon_core.environment:create_file_with_runtime_dependencies(/home/vivaan/Documents/star_project_submissions/Week_0/ros2_ws/install/part2_navigation/share/colcon-core/packages/part2_navigation)
[0.322s] Level 1:colcon.colcon_core.environment:create_environment_scripts_only(tuos_tb3_tools)
[0.322s] Level 1:colcon.colcon_core.environment:checking '/home/vivaan/Documents/star_project_submissions/Week_0/ros2_ws/install/tuos_tb3_tools' for CMake module files
[0.323s] Level 1:colcon.colcon_core.environment:checking '/home/vivaan/Documents/star_project_submissions/Week_0/ros2_ws/install/tuos_tb3_tools' for CMake config files
[0.323s] Level 1:colcon.colcon_core.shell:create_environment_hook('tuos_tb3_tools', 'cmake_prefix_path')
[0.323s] INFO:colcon.colcon_core.shell:Creating environment hook '/home/vivaan/Documents/star_project_submissions/Week_0/ros2_ws/install/tuos_tb3_tools/share/tuos_tb3_tools/hook/cmake_prefix_path.ps1'
[0.324s] INFO:colcon.colcon_core.shell:Creating environment descriptor '/home/vivaan/Documents/star_project_submissions/Week_0/ros2_ws/install/tuos_tb3_tools/share/tuos_tb3_tools/hook/cmake_prefix_path.dsv'
[0.324s] DEBUG:colcon.colcon_core.event_handler.log_command:Invoked command in '/home/vivaan/Documents/star_project_submissions/Week_0/ros2_ws/build/tuos_tb3_tools' returned '0': CMAKE_PREFIX_PATH=${CMAKE_PREFIX_PATH}:/opt/ros/humble /usr/bin/cmake --install /home/vivaan/Documents/star_project_submissions/Week_0/ros2_ws/build/tuos_tb3_tools
[0.325s] INFO:colcon.colcon_core.shell:Creating environment hook '/home/vivaan/Documents/star_project_submissions/Week_0/ros2_ws/install/tuos_tb3_tools/share/tuos_tb3_tools/hook/cmake_prefix_path.sh'
[0.325s] Level 1:colcon.colcon_core.environment:checking '/home/vivaan/Documents/star_project_submissions/Week_0/ros2_ws/install/tuos_tb3_tools/lib'
[0.325s] Level 1:colcon.colcon_core.environment:checking '/home/vivaan/Documents/star_project_submissions/Week_0/ros2_ws/install/tuos_tb3_tools/bin'
[0.326s] Level 1:colcon.colcon_core.environment:checking '/home/vivaan/Documents/star_project_submissions/Week_0/ros2_ws/install/tuos_tb3_tools/lib/pkgconfig/tuos_tb3_tools.pc'
[0.326s] Level 1:colcon.colcon_core.environment:checking '/home/vivaan/Documents/star_project_submissions/Week_0/ros2_ws/install/tuos_tb3_tools/lib/python3.10/site-packages'
[0.327s] Level 1:colcon.colcon_core.environment:checking '/home/vivaan/Documents/star_project_submissions/Week_0/ros2_ws/install/tuos_tb3_tools/bin'
[0.327s] INFO:colcon.colcon_core.shell:Creating package script '/home/vivaan/Documents/star_project_submissions/Week_0/ros2_ws/install/tuos_tb3_tools/share/tuos_tb3_tools/package.ps1'
[0.328s] INFO:colcon.colcon_core.shell:Creating package descriptor '/home/vivaan/Documents/star_project_submissions/Week_0/ros2_ws/install/tuos_tb3_tools/share/tuos_tb3_tools/package.dsv'
[0.329s] INFO:colcon.colcon_core.shell:Creating package script '/home/vivaan/Documents/star_project_submissions/Week_0/ros2_ws/install/tuos_tb3_tools/share/tuos_tb3_tools/package.sh'
[0.329s] INFO:colcon.colcon_core.shell:Creating package script '/home/vivaan/Documents/star_project_submissions/Week_0/ros2_ws/install/tuos_tb3_tools/share/tuos_tb3_tools/package.bash'
[0.330s] INFO:colcon.colcon_core.shell:Creating package script '/home/vivaan/Documents/star_project_submissions/Week_0/ros2_ws/install/tuos_tb3_tools/share/tuos_tb3_tools/package.zsh'
[0.330s] Level 1:colcon.colcon_core.environment:create_file_with_runtime_dependencies(/home/vivaan/Documents/star_project_submissions/Week_0/ros2_ws/install/tuos_tb3_tools/share/colcon-core/packages/tuos_tb3_tools)
[0.331s] Level 1:colcon.colcon_core.environment:create_environment_scripts_only(tuos_tb3_tools)
[0.331s] Level 1:colcon.colcon_core.environment:checking '/home/vivaan/Documents/star_project_submissions/Week_0/ros2_ws/install/tuos_tb3_tools' for CMake module files
[0.332s] Level 1:colcon.colcon_core.environment:checking '/home/vivaan/Documents/star_project_submissions/Week_0/ros2_ws/install/tuos_tb3_tools' for CMake config files
[0.332s] Level 1:colcon.colcon_core.shell:create_environment_hook('tuos_tb3_tools', 'cmake_prefix_path')
[0.333s] INFO:colcon.colcon_core.shell:Creating environment hook '/home/vivaan/Documents/star_project_submissions/Week_0/ros2_ws/install/tuos_tb3_tools/share/tuos_tb3_tools/hook/cmake_prefix_path.ps1'
[0.333s] INFO:colcon.colcon_core.shell:Creating environment descriptor '/home/vivaan/Documents/star_project_submissions/Week_0/ros2_ws/install/tuos_tb3_tools/share/tuos_tb3_tools/hook/cmake_prefix_path.dsv'
[0.334s] INFO:colcon.colcon_core.shell:Creating environment hook '/home/vivaan/Documents/star_project_submissions/Week_0/ros2_ws/install/tuos_tb3_tools/share/tuos_tb3_tools/hook/cmake_prefix_path.sh'
[0.334s] Level 1:colcon.colcon_core.environment:checking '/home/vivaan/Documents/star_project_submissions/Week_0/ros2_ws/install/tuos_tb3_tools/lib'
[0.334s] Level 1:colcon.colcon_core.environment:checking '/home/vivaan/Documents/star_project_submissions/Week_0/ros2_ws/install/tuos_tb3_tools/bin'
[0.334s] Level 1:colcon.colcon_core.environment:checking '/home/vivaan/Documents/star_project_submissions/Week_0/ros2_ws/install/tuos_tb3_tools/lib/pkgconfig/tuos_tb3_tools.pc'
[0.335s] Level 1:colcon.colcon_core.environment:checking '/home/vivaan/Documents/star_project_submissions/Week_0/ros2_ws/install/tuos_tb3_tools/lib/python3.10/site-packages'
[0.335s] Level 1:colcon.colcon_core.environment:checking '/home/vivaan/Documents/star_project_submissions/Week_0/ros2_ws/install/tuos_tb3_tools/bin'
[0.336s] INFO:colcon.colcon_core.shell:Creating package script '/home/vivaan/Documents/star_project_submissions/Week_0/ros2_ws/install/tuos_tb3_tools/share/tuos_tb3_tools/package.ps1'
[0.336s] INFO:colcon.colcon_core.shell:Creating package descriptor '/home/vivaan/Documents/star_project_submissions/Week_0/ros2_ws/install/tuos_tb3_tools/share/tuos_tb3_tools/package.dsv'
[0.337s] INFO:colcon.colcon_core.shell:Creating package script '/home/vivaan/Documents/star_project_submissions/Week_0/ros2_ws/install/tuos_tb3_tools/share/tuos_tb3_tools/package.sh'
[0.337s] INFO:colcon.colcon_core.shell:Creating package script '/home/vivaan/Documents/star_project_submissions/Week_0/ros2_ws/install/tuos_tb3_tools/share/tuos_tb3_tools/package.bash'
[0.338s] INFO:colcon.colcon_core.shell:Creating package script '/home/vivaan/Documents/star_project_submissions/Week_0/ros2_ws/install/tuos_tb3_tools/share/tuos_tb3_tools/package.zsh'
[0.339s] Level 1:colcon.colcon_core.environment:create_file_with_runtime_dependencies(/home/vivaan/Documents/star_project_submissions/Week_0/ros2_ws/install/tuos_tb3_tools/share/colcon-core/packages/tuos_tb3_tools)
[0.342s] DEBUG:colcon.colcon_core.event_handler.log_command:Invoked command in '/home/vivaan/Documents/star_project_submissions/Week_0/ros2_ws/build/com2009_simulations' returned '0': CMAKE_PREFIX_PATH=/home/vivaan/Documents/star_project_submissions/Week_0/ros2_ws/install/tuos_simulations:/home/vivaan/Documents/star_project_submissions/Week_0/ros2_ws/install/tuos_ros:/home/vivaan/Documents/star_project_submissions/Week_0/ros2_ws/install/tuos_tb3_tools:/home/vivaan/Documents/star_project_submissions/Week_0/ros2_ws/install/com2009_simulations:/home/vivaan/Documents/star_project_submissions/Week_0/ros2_ws/install/tuos_interfaces:/home/vivaan/Documents/star_project_submissions/Week_0/ros2_ws/install/tuos_examples:/home/vivaan/Documents/star_project_submissions/Week_0/ros2_ws/install/part3_beyond_basics:/home/vivaan/Documents/star_project_submissions/Week_0/ros2_ws/install/part2_navigation:/home/vivaan/Documents/star_project_submissions/Week_0/ros2_ws/install/part1_pubsub:/opt/ros/humble /usr/bin/cmake --build /home/vivaan/Documents/star_project_submissions/Week_0/ros2_ws/build/com2009_simulations -- -j12 -l12
[0.344s] DEBUG:colcon.colcon_core.event_handler.log_command:Invoking command in '/home/vivaan/Documents/star_project_submissions/Week_0/ros2_ws/build/com2009_simulations': CMAKE_PREFIX_PATH=/home/vivaan/Documents/star_project_submissions/Week_0/ros2_ws/install/tuos_simulations:/home/vivaan/Documents/star_project_submissions/Week_0/ros2_ws/install/tuos_ros:/home/vivaan/Documents/star_project_submissions/Week_0/ros2_ws/install/tuos_tb3_tools:/home/vivaan/Documents/star_project_submissions/Week_0/ros2_ws/install/com2009_simulations:/home/vivaan/Documents/star_project_submissions/Week_0/ros2_ws/install/tuos_interfaces:/home/vivaan/Documents/star_project_submissions/Week_0/ros2_ws/install/tuos_examples:/home/vivaan/Documents/star_project_submissions/Week_0/ros2_ws/install/part3_beyond_basics:/home/vivaan/Documents/star_project_submissions/Week_0/ros2_ws/install/part2_navigation:/home/vivaan/Documents/star_project_submissions/Week_0/ros2_ws/install/part1_pubsub:/opt/ros/humble /usr/bin/cmake --install /home/vivaan/Documents/star_project_submissions/Week_0/ros2_ws/build/com2009_simulations
[0.356s] Level 1:colcon.colcon_core.environment:create_environment_scripts_only(com2009_simulations)
[0.356s] Level 1:colcon.colcon_core.environment:checking '/home/vivaan/Documents/star_project_submissions/Week_0/ros2_ws/install/com2009_simulations' for CMake module files
[0.361s] Level 1:colcon.colcon_core.environment:checking '/home/vivaan/Documents/star_project_submissions/Week_0/ros2_ws/install/com2009_simulations' for CMake config files
[0.362s] Level 1:colcon.colcon_core.shell:create_environment_hook('com2009_simulations', 'cmake_prefix_path')
[0.362s] INFO:colcon.colcon_core.shell:Creating environment hook '/home/vivaan/Documents/star_project_submissions/Week_0/ros2_ws/install/com2009_simulations/share/com2009_simulations/hook/cmake_prefix_path.ps1'
[0.363s] INFO:colcon.colcon_core.shell:Creating environment descriptor '/home/vivaan/Documents/star_project_submissions/Week_0/ros2_ws/install/com2009_simulations/share/com2009_simulations/hook/cmake_prefix_path.dsv'
[0.364s] INFO:colcon.colcon_core.shell:Creating environment hook '/home/vivaan/Documents/star_project_submissions/Week_0/ros2_ws/install/com2009_simulations/share/com2009_simulations/hook/cmake_prefix_path.sh'
[0.364s] Level 1:colcon.colcon_core.environment:checking '/home/vivaan/Documents/star_project_submissions/Week_0/ros2_ws/install/com2009_simulations/bin'
[0.364s] Level 1:colcon.colcon_core.environment:checking '/home/vivaan/Documents/star_project_submissions/Week_0/ros2_ws/install/com2009_simulations/lib/pkgconfig/com2009_simulations.pc'
[0.365s] Level 1:colcon.colcon_core.environment:checking '/home/vivaan/Documents/star_project_submissions/Week_0/ros2_ws/install/com2009_simulations/lib/python3.10/site-packages'
[0.366s] Level 1:colcon.colcon_core.environment:checking '/home/vivaan/Documents/star_project_submissions/Week_0/ros2_ws/install/com2009_simulations/bin'
[0.366s] INFO:colcon.colcon_core.shell:Creating package script '/home/vivaan/Documents/star_project_submissions/Week_0/ros2_ws/install/com2009_simulations/share/com2009_simulations/package.ps1'
[0.368s] DEBUG:colcon.colcon_core.event_handler.log_command:Invoked command in '/home/vivaan/Documents/star_project_submissions/Week_0/ros2_ws/build/com2009_simulations' returned '0': CMAKE_PREFIX_PATH=/home/vivaan/Documents/star_project_submissions/Week_0/ros2_ws/install/tuos_simulations:/home/vivaan/Documents/star_project_submissions/Week_0/ros2_ws/install/tuos_ros:/home/vivaan/Documents/star_project_submissions/Week_0/ros2_ws/install/tuos_tb3_tools:/home/vivaan/Documents/star_project_submissions/Week_0/ros2_ws/install/com2009_simulations:/home/vivaan/Documents/star_project_submissions/Week_0/ros2_ws/install/tuos_interfaces:/home/vivaan/Documents/star_project_submissions/Week_0/ros2_ws/install/tuos_examples:/home/vivaan/Documents/star_project_submissions/Week_0/ros2_ws/install/part3_beyond_basics:/home/vivaan/Documents/star_project_submissions/Week_0/ros2_ws/install/part2_navigation:/home/vivaan/Documents/star_project_submissions/Week_0/ros2_ws/install/part1_pubsub:/opt/ros/humble /usr/bin/cmake --install /home/vivaan/Documents/star_project_submissions/Week_0/ros2_ws/build/com2009_simulations
[0.369s] INFO:colcon.colcon_core.shell:Creating package descriptor '/home/vivaan/Documents/star_project_submissions/Week_0/ros2_ws/install/com2009_simulations/share/com2009_simulations/package.dsv'
[0.370s] INFO:colcon.colcon_core.shell:Creating package script '/home/vivaan/Documents/star_project_submissions/Week_0/ros2_ws/install/com2009_simulations/share/com2009_simulations/package.sh'
[0.370s] INFO:colcon.colcon_core.shell:Creating package script '/home/vivaan/Documents/star_project_submissions/Week_0/ros2_ws/install/com2009_simulations/share/com2009_simulations/package.bash'
[0.372s] INFO:colcon.colcon_core.shell:Creating package script '/home/vivaan/Documents/star_project_submissions/Week_0/ros2_ws/install/com2009_simulations/share/com2009_simulations/package.zsh'
[0.372s] Level 1:colcon.colcon_core.environment:create_file_with_runtime_dependencies(/home/vivaan/Documents/star_project_submissions/Week_0/ros2_ws/install/com2009_simulations/share/colcon-core/packages/com2009_simulations)
[0.373s] Level 1:colcon.colcon_core.environment:create_environment_scripts_only(com2009_simulations)
[0.374s] Level 1:colcon.colcon_core.environment:checking '/home/vivaan/Documents/star_project_submissions/Week_0/ros2_ws/install/com2009_simulations' for CMake module files
[0.374s] Level 1:colcon.colcon_core.environment:checking '/home/vivaan/Documents/star_project_submissions/Week_0/ros2_ws/install/com2009_simulations' for CMake config files
[0.375s] Level 1:colcon.colcon_core.shell:create_environment_hook('com2009_simulations', 'cmake_prefix_path')
[0.375s] INFO:colcon.colcon_core.shell:Creating environment hook '/home/vivaan/Documents/star_project_submissions/Week_0/ros2_ws/install/com2009_simulations/share/com2009_simulations/hook/cmake_prefix_path.ps1'
[0.376s] INFO:colcon.colcon_core.shell:Creating environment descriptor '/home/vivaan/Documents/star_project_submissions/Week_0/ros2_ws/install/com2009_simulations/share/com2009_simulations/hook/cmake_prefix_path.dsv'
[0.377s] INFO:colcon.colcon_core.shell:Creating environment hook '/home/vivaan/Documents/star_project_submissions/Week_0/ros2_ws/install/com2009_simulations/share/com2009_simulations/hook/cmake_prefix_path.sh'
[0.378s] Level 1:colcon.colcon_core.environment:checking '/home/vivaan/Documents/star_project_submissions/Week_0/ros2_ws/install/com2009_simulations/bin'
[0.378s] Level 1:colcon.colcon_core.environment:checking '/home/vivaan/Documents/star_project_submissions/Week_0/ros2_ws/install/com2009_simulations/lib/pkgconfig/com2009_simulations.pc'
[0.378s] Level 1:colcon.colcon_core.environment:checking '/home/vivaan/Documents/star_project_submissions/Week_0/ros2_ws/install/com2009_simulations/lib/python3.10/site-packages'
[0.379s] Level 1:colcon.colcon_core.environment:checking '/home/vivaan/Documents/star_project_submissions/Week_0/ros2_ws/install/com2009_simulations/bin'
[0.379s] INFO:colcon.colcon_core.shell:Creating package script '/home/vivaan/Documents/star_project_submissions/Week_0/ros2_ws/install/com2009_simulations/share/com2009_simulations/package.ps1'
[0.380s] INFO:colcon.colcon_core.shell:Creating package descriptor '/home/vivaan/Documents/star_project_submissions/Week_0/ros2_ws/install/com2009_simulations/share/com2009_simulations/package.dsv'
[0.380s] INFO:colcon.colcon_core.shell:Creating package script '/home/vivaan/Documents/star_project_submissions/Week_0/ros2_ws/install/com2009_simulations/share/com2009_simulations/package.sh'
[0.381s] INFO:colcon.colcon_core.shell:Creating package script '/home/vivaan/Documents/star_project_submissions/Week_0/ros2_ws/install/com2009_simulations/share/com2009_simulations/package.bash'
[0.382s] INFO:colcon.colcon_core.shell:Creating package script '/home/vivaan/Documents/star_project_submissions/Week_0/ros2_ws/install/com2009_simulations/share/com2009_simulations/package.zsh'
[0.382s] Level 1:colcon.colcon_core.environment:create_file_with_runtime_dependencies(/home/vivaan/Documents/star_project_submissions/Week_0/ros2_ws/install/com2009_simulations/share/colcon-core/packages/com2009_simulations)
[0.524s] DEBUG:colcon.colcon_core.event_handler.log_command:Invoked command in '/home/vivaan/Documents/star_project_submissions/Week_0/ros2_ws/build/part3_beyond_basics' returned '0': CMAKE_PREFIX_PATH=${CMAKE_PREFIX_PATH}:/opt/ros/humble /usr/bin/cmake --build /home/vivaan/Documents/star_project_submissions/Week_0/ros2_ws/build/part3_beyond_basics -- -j12 -l12
[0.526s] DEBUG:colcon.colcon_core.event_handler.log_command:Invoking command in '/home/vivaan/Documents/star_project_submissions/Week_0/ros2_ws/build/part3_beyond_basics': CMAKE_PREFIX_PATH=${CMAKE_PREFIX_PATH}:/opt/ros/humble /usr/bin/cmake --install /home/vivaan/Documents/star_project_submissions/Week_0/ros2_ws/build/part3_beyond_basics
[0.533s] DEBUG:colcon.colcon_core.event_handler.log_command:Invoked command in '/home/vivaan/Documents/star_project_submissions/Week_0/ros2_ws/build/tuos_examples' returned '0': CMAKE_PREFIX_PATH=${CMAKE_PREFIX_PATH}:/opt/ros/humble /usr/bin/cmake --build /home/vivaan/Documents/star_project_submissions/Week_0/ros2_ws/build/tuos_examples -- -j12 -l12
[0.534s] DEBUG:colcon.colcon_core.event_handler.log_command:Invoking command in '/home/vivaan/Documents/star_project_submissions/Week_0/ros2_ws/build/tuos_examples': CMAKE_PREFIX_PATH=${CMAKE_PREFIX_PATH}:/opt/ros/humble /usr/bin/cmake --install /home/vivaan/Documents/star_project_submissions/Week_0/ros2_ws/build/tuos_examples
[0.542s] DEBUG:colcon.colcon_core.event_handler.log_command:Invoked command in '/home/vivaan/Documents/star_project_submissions/Week_0/ros2_ws/build/tuos_interfaces' returned '0': CMAKE_PREFIX_PATH=${CMAKE_PREFIX_PATH}:/opt/ros/humble /usr/bin/cmake --build /home/vivaan/Documents/star_project_submissions/Week_0/ros2_ws/build/tuos_interfaces -- -j12 -l12
[0.544s] DEBUG:colcon.colcon_core.event_handler.log_command:Invoking command in '/home/vivaan/Documents/star_project_submissions/Week_0/ros2_ws/build/tuos_interfaces': CMAKE_PREFIX_PATH=${CMAKE_PREFIX_PATH}:/opt/ros/humble /usr/bin/cmake --install /home/vivaan/Documents/star_project_submissions/Week_0/ros2_ws/build/tuos_interfaces
[0.561s] Level 1:colcon.colcon_core.environment:create_environment_scripts_only(part3_beyond_basics)
[0.562s] Level 1:colcon.colcon_core.environment:checking '/home/vivaan/Documents/star_project_submissions/Week_0/ros2_ws/install/part3_beyond_basics' for CMake module files
[0.562s] DEBUG:colcon.colcon_core.event_handler.log_command:Invoked command in '/home/vivaan/Documents/star_project_submissions/Week_0/ros2_ws/build/part3_beyond_basics' returned '0': CMAKE_PREFIX_PATH=${CMAKE_PREFIX_PATH}:/opt/ros/humble /usr/bin/cmake --install /home/vivaan/Documents/star_project_submissions/Week_0/ros2_ws/build/part3_beyond_basics
[0.563s] Level 1:colcon.colcon_core.environment:checking '/home/vivaan/Documents/star_project_submissions/Week_0/ros2_ws/install/part3_beyond_basics' for CMake config files
[0.563s] Level 1:colcon.colcon_core.shell:create_environment_hook('part3_beyond_basics', 'cmake_prefix_path')
[0.563s] INFO:colcon.colcon_core.shell:Creating environment hook '/home/vivaan/Documents/star_project_submissions/Week_0/ros2_ws/install/part3_beyond_basics/share/part3_beyond_basics/hook/cmake_prefix_path.ps1'
[0.564s] INFO:colcon.colcon_core.shell:Creating environment descriptor '/home/vivaan/Documents/star_project_submissions/Week_0/ros2_ws/install/part3_beyond_basics/share/part3_beyond_basics/hook/cmake_prefix_path.dsv'
[0.564s] INFO:colcon.colcon_core.shell:Creating environment hook '/home/vivaan/Documents/star_project_submissions/Week_0/ros2_ws/install/part3_beyond_basics/share/part3_beyond_basics/hook/cmake_prefix_path.sh'
[0.564s] Level 1:colcon.colcon_core.environment:checking '/home/vivaan/Documents/star_project_submissions/Week_0/ros2_ws/install/part3_beyond_basics/lib'
[0.564s] Level 1:colcon.colcon_core.environment:checking '/home/vivaan/Documents/star_project_submissions/Week_0/ros2_ws/install/part3_beyond_basics/bin'
[0.564s] Level 1:colcon.colcon_core.environment:checking '/home/vivaan/Documents/star_project_submissions/Week_0/ros2_ws/install/part3_beyond_basics/lib/pkgconfig/part3_beyond_basics.pc'
[0.565s] Level 1:colcon.colcon_core.environment:checking '/home/vivaan/Documents/star_project_submissions/Week_0/ros2_ws/install/part3_beyond_basics/lib/python3.10/site-packages'
[0.565s] Level 1:colcon.colcon_core.environment:checking '/home/vivaan/Documents/star_project_submissions/Week_0/ros2_ws/install/part3_beyond_basics/bin'
[0.565s] INFO:colcon.colcon_core.shell:Creating package script '/home/vivaan/Documents/star_project_submissions/Week_0/ros2_ws/install/part3_beyond_basics/share/part3_beyond_basics/package.ps1'
[0.565s] INFO:colcon.colcon_core.shell:Creating package descriptor '/home/vivaan/Documents/star_project_submissions/Week_0/ros2_ws/install/part3_beyond_basics/share/part3_beyond_basics/package.dsv'
[0.566s] INFO:colcon.colcon_core.shell:Creating package script '/home/vivaan/Documents/star_project_submissions/Week_0/ros2_ws/install/part3_beyond_basics/share/part3_beyond_basics/package.sh'
[0.566s] INFO:colcon.colcon_core.shell:Creating package script '/home/vivaan/Documents/star_project_submissions/Week_0/ros2_ws/install/part3_beyond_basics/share/part3_beyond_basics/package.bash'
[0.566s] INFO:colcon.colcon_core.shell:Creating package script '/home/vivaan/Documents/star_project_submissions/Week_0/ros2_ws/install/part3_beyond_basics/share/part3_beyond_basics/package.zsh'
[0.566s] Level 1:colcon.colcon_core.environment:create_file_with_runtime_dependencies(/home/vivaan/Documents/star_project_submissions/Week_0/ros2_ws/install/part3_beyond_basics/share/colcon-core/packages/part3_beyond_basics)
[0.567s] Level 1:colcon.colcon_core.environment:create_environment_scripts_only(part3_beyond_basics)
[0.567s] Level 1:colcon.colcon_core.environment:checking '/home/vivaan/Documents/star_project_submissions/Week_0/ros2_ws/install/part3_beyond_basics' for CMake module files
[0.567s] Level 1:colcon.colcon_core.environment:checking '/home/vivaan/Documents/star_project_submissions/Week_0/ros2_ws/install/part3_beyond_basics' for CMake config files
[0.567s] Level 1:colcon.colcon_core.shell:create_environment_hook('part3_beyond_basics', 'cmake_prefix_path')
[0.567s] INFO:colcon.colcon_core.shell:Creating environment hook '/home/vivaan/Documents/star_project_submissions/Week_0/ros2_ws/install/part3_beyond_basics/share/part3_beyond_basics/hook/cmake_prefix_path.ps1'
[0.568s] INFO:colcon.colcon_core.shell:Creating environment descriptor '/home/vivaan/Documents/star_project_submissions/Week_0/ros2_ws/install/part3_beyond_basics/share/part3_beyond_basics/hook/cmake_prefix_path.dsv'
[0.568s] INFO:colcon.colcon_core.shell:Creating environment hook '/home/vivaan/Documents/star_project_submissions/Week_0/ros2_ws/install/part3_beyond_basics/share/part3_beyond_basics/hook/cmake_prefix_path.sh'
[0.569s] Level 1:colcon.colcon_core.environment:checking '/home/vivaan/Documents/star_project_submissions/Week_0/ros2_ws/install/part3_beyond_basics/lib'
[0.569s] Level 1:colcon.colcon_core.environment:checking '/home/vivaan/Documents/star_project_submissions/Week_0/ros2_ws/install/part3_beyond_basics/bin'
[0.569s] Level 1:colcon.colcon_core.environment:checking '/home/vivaan/Documents/star_project_submissions/Week_0/ros2_ws/install/part3_beyond_basics/lib/pkgconfig/part3_beyond_basics.pc'
[0.569s] Level 1:colcon.colcon_core.environment:checking '/home/vivaan/Documents/star_project_submissions/Week_0/ros2_ws/install/part3_beyond_basics/lib/python3.10/site-packages'
[0.569s] Level 1:colcon.colcon_core.environment:checking '/home/vivaan/Documents/star_project_submissions/Week_0/ros2_ws/install/part3_beyond_basics/bin'
[0.569s] INFO:colcon.colcon_core.shell:Creating package script '/home/vivaan/Documents/star_project_submissions/Week_0/ros2_ws/install/part3_beyond_basics/share/part3_beyond_basics/package.ps1'
[0.570s] INFO:colcon.colcon_core.shell:Creating package descriptor '/home/vivaan/Documents/star_project_submissions/Week_0/ros2_ws/install/part3_beyond_basics/share/part3_beyond_basics/package.dsv'
[0.570s] INFO:colcon.colcon_core.shell:Creating package script '/home/vivaan/Documents/star_project_submissions/Week_0/ros2_ws/install/part3_beyond_basics/share/part3_beyond_basics/package.sh'
[0.570s] INFO:colcon.colcon_core.shell:Creating package script '/home/vivaan/Documents/star_project_submissions/Week_0/ros2_ws/install/part3_beyond_basics/share/part3_beyond_basics/package.bash'
[0.571s] INFO:colcon.colcon_core.shell:Creating package script '/home/vivaan/Documents/star_project_submissions/Week_0/ros2_ws/install/part3_beyond_basics/share/part3_beyond_basics/package.zsh'
[0.571s] Level 1:colcon.colcon_core.environment:create_file_with_runtime_dependencies(/home/vivaan/Documents/star_project_submissions/Week_0/ros2_ws/install/part3_beyond_basics/share/colcon-core/packages/part3_beyond_basics)
[0.583s] Level 1:colcon.colcon_core.environment:create_environment_scripts_only(tuos_examples)
[0.583s] Level 1:colcon.colcon_core.environment:checking '/home/vivaan/Documents/star_project_submissions/Week_0/ros2_ws/install/tuos_examples' for CMake module files
[0.585s] DEBUG:colcon.colcon_core.event_handler.log_command:Invoked command in '/home/vivaan/Documents/star_project_submissions/Week_0/ros2_ws/build/tuos_examples' returned '0': CMAKE_PREFIX_PATH=${CMAKE_PREFIX_PATH}:/opt/ros/humble /usr/bin/cmake --install /home/vivaan/Documents/star_project_submissions/Week_0/ros2_ws/build/tuos_examples
[0.585s] Level 1:colcon.colcon_core.environment:checking '/home/vivaan/Documents/star_project_submissions/Week_0/ros2_ws/install/tuos_examples' for CMake config files
[0.586s] Level 1:colcon.colcon_core.shell:create_environment_hook('tuos_examples', 'cmake_prefix_path')
[0.586s] INFO:colcon.colcon_core.shell:Creating environment hook '/home/vivaan/Documents/star_project_submissions/Week_0/ros2_ws/install/tuos_examples/share/tuos_examples/hook/cmake_prefix_path.ps1'
[0.588s] INFO:colcon.colcon_core.shell:Creating environment descriptor '/home/vivaan/Documents/star_project_submissions/Week_0/ros2_ws/install/tuos_examples/share/tuos_examples/hook/cmake_prefix_path.dsv'
[0.588s] INFO:colcon.colcon_core.shell:Creating environment hook '/home/vivaan/Documents/star_project_submissions/Week_0/ros2_ws/install/tuos_examples/share/tuos_examples/hook/cmake_prefix_path.sh'
[0.591s] Level 1:colcon.colcon_core.environment:checking '/home/vivaan/Documents/star_project_submissions/Week_0/ros2_ws/install/tuos_examples/lib'
[0.591s] Level 1:colcon.colcon_core.environment:checking '/home/vivaan/Documents/star_project_submissions/Week_0/ros2_ws/install/tuos_examples/bin'
[0.591s] Level 1:colcon.colcon_core.environment:checking '/home/vivaan/Documents/star_project_submissions/Week_0/ros2_ws/install/tuos_examples/lib/pkgconfig/tuos_examples.pc'
[0.591s] Level 1:colcon.colcon_core.environment:checking '/home/vivaan/Documents/star_project_submissions/Week_0/ros2_ws/install/tuos_examples/lib/python3.10/site-packages'
[0.591s] Level 1:colcon.colcon_core.environment:checking '/home/vivaan/Documents/star_project_submissions/Week_0/ros2_ws/install/tuos_examples/bin'
[0.591s] INFO:colcon.colcon_core.shell:Creating package script '/home/vivaan/Documents/star_project_submissions/Week_0/ros2_ws/install/tuos_examples/share/tuos_examples/package.ps1'
[0.592s] INFO:colcon.colcon_core.shell:Creating package descriptor '/home/vivaan/Documents/star_project_submissions/Week_0/ros2_ws/install/tuos_examples/share/tuos_examples/package.dsv'
[0.592s] INFO:colcon.colcon_core.shell:Creating package script '/home/vivaan/Documents/star_project_submissions/Week_0/ros2_ws/install/tuos_examples/share/tuos_examples/package.sh'
[0.592s] INFO:colcon.colcon_core.shell:Creating package script '/home/vivaan/Documents/star_project_submissions/Week_0/ros2_ws/install/tuos_examples/share/tuos_examples/package.bash'
[0.592s] INFO:colcon.colcon_core.shell:Creating package script '/home/vivaan/Documents/star_project_submissions/Week_0/ros2_ws/install/tuos_examples/share/tuos_examples/package.zsh'
[0.593s] Level 1:colcon.colcon_core.environment:create_file_with_runtime_dependencies(/home/vivaan/Documents/star_project_submissions/Week_0/ros2_ws/install/tuos_examples/share/colcon-core/packages/tuos_examples)
[0.593s] Level 1:colcon.colcon_core.environment:create_environment_scripts_only(tuos_examples)
[0.593s] Level 1:colcon.colcon_core.environment:checking '/home/vivaan/Documents/star_project_submissions/Week_0/ros2_ws/install/tuos_examples' for CMake module files
[0.593s] Level 1:colcon.colcon_core.environment:checking '/home/vivaan/Documents/star_project_submissions/Week_0/ros2_ws/install/tuos_examples' for CMake config files
[0.594s] Level 1:colcon.colcon_core.shell:create_environment_hook('tuos_examples', 'cmake_prefix_path')
[0.594s] INFO:colcon.colcon_core.shell:Creating environment hook '/home/vivaan/Documents/star_project_submissions/Week_0/ros2_ws/install/tuos_examples/share/tuos_examples/hook/cmake_prefix_path.ps1'
[0.594s] INFO:colcon.colcon_core.shell:Creating environment descriptor '/home/vivaan/Documents/star_project_submissions/Week_0/ros2_ws/install/tuos_examples/share/tuos_examples/hook/cmake_prefix_path.dsv'
[0.594s] INFO:colcon.colcon_core.shell:Creating environment hook '/home/vivaan/Documents/star_project_submissions/Week_0/ros2_ws/install/tuos_examples/share/tuos_examples/hook/cmake_prefix_path.sh'
[0.595s] Level 1:colcon.colcon_core.environment:checking '/home/vivaan/Documents/star_project_submissions/Week_0/ros2_ws/install/tuos_examples/lib'
[0.595s] Level 1:colcon.colcon_core.environment:checking '/home/vivaan/Documents/star_project_submissions/Week_0/ros2_ws/install/tuos_examples/bin'
[0.595s] Level 1:colcon.colcon_core.environment:checking '/home/vivaan/Documents/star_project_submissions/Week_0/ros2_ws/install/tuos_examples/lib/pkgconfig/tuos_examples.pc'
[0.595s] Level 1:colcon.colcon_core.environment:checking '/home/vivaan/Documents/star_project_submissions/Week_0/ros2_ws/install/tuos_examples/lib/python3.10/site-packages'
[0.595s] Level 1:colcon.colcon_core.environment:checking '/home/vivaan/Documents/star_project_submissions/Week_0/ros2_ws/install/tuos_examples/bin'
[0.595s] INFO:colcon.colcon_core.shell:Creating package script '/home/vivaan/Documents/star_project_submissions/Week_0/ros2_ws/install/tuos_examples/share/tuos_examples/package.ps1'
[0.596s] INFO:colcon.colcon_core.shell:Creating package descriptor '/home/vivaan/Documents/star_project_submissions/Week_0/ros2_ws/install/tuos_examples/share/tuos_examples/package.dsv'
[0.596s] INFO:colcon.colcon_core.shell:Creating package script '/home/vivaan/Documents/star_project_submissions/Week_0/ros2_ws/install/tuos_examples/share/tuos_examples/package.sh'
[0.596s] INFO:colcon.colcon_core.shell:Creating package script '/home/vivaan/Documents/star_project_submissions/Week_0/ros2_ws/install/tuos_examples/share/tuos_examples/package.bash'
[0.596s] INFO:colcon.colcon_core.shell:Creating package script '/home/vivaan/Documents/star_project_submissions/Week_0/ros2_ws/install/tuos_examples/share/tuos_examples/package.zsh'
[0.597s] Level 1:colcon.colcon_core.environment:create_file_with_runtime_dependencies(/home/vivaan/Documents/star_project_submissions/Week_0/ros2_ws/install/tuos_examples/share/colcon-core/packages/tuos_examples)
[0.598s] Level 1:colcon.colcon_core.environment:create_environment_scripts_only(tuos_interfaces)
[0.598s] Level 1:colcon.colcon_core.environment:checking '/home/vivaan/Documents/star_project_submissions/Week_0/ros2_ws/install/tuos_interfaces' for CMake module files
[0.598s] DEBUG:colcon.colcon_core.event_handler.log_command:Invoked command in '/home/vivaan/Documents/star_project_submissions/Week_0/ros2_ws/build/tuos_interfaces' returned '0': CMAKE_PREFIX_PATH=${CMAKE_PREFIX_PATH}:/opt/ros/humble /usr/bin/cmake --install /home/vivaan/Documents/star_project_submissions/Week_0/ros2_ws/build/tuos_interfaces
[0.599s] Level 1:colcon.colcon_core.environment:checking '/home/vivaan/Documents/star_project_submissions/Week_0/ros2_ws/install/tuos_interfaces' for CMake config files
[0.599s] Level 1:colcon.colcon_core.shell:create_environment_hook('tuos_interfaces', 'cmake_prefix_path')
[0.600s] INFO:colcon.colcon_core.shell:Creating environment hook '/home/vivaan/Documents/star_project_submissions/Week_0/ros2_ws/install/tuos_interfaces/share/tuos_interfaces/hook/cmake_prefix_path.ps1'
[0.600s] INFO:colcon.colcon_core.shell:Creating environment descriptor '/home/vivaan/Documents/star_project_submissions/Week_0/ros2_ws/install/tuos_interfaces/share/tuos_interfaces/hook/cmake_prefix_path.dsv'
[0.601s] INFO:colcon.colcon_core.shell:Creating environment hook '/home/vivaan/Documents/star_project_submissions/Week_0/ros2_ws/install/tuos_interfaces/share/tuos_interfaces/hook/cmake_prefix_path.sh'
[0.601s] Level 1:colcon.colcon_core.environment:checking '/home/vivaan/Documents/star_project_submissions/Week_0/ros2_ws/install/tuos_interfaces/lib'
[0.601s] Level 1:colcon.colcon_core.shell:create_environment_hook('tuos_interfaces', 'ld_library_path_lib')
[0.601s] INFO:colcon.colcon_core.shell:Creating environment hook '/home/vivaan/Documents/star_project_submissions/Week_0/ros2_ws/install/tuos_interfaces/share/tuos_interfaces/hook/ld_library_path_lib.ps1'
[0.602s] INFO:colcon.colcon_core.shell:Creating environment descriptor '/home/vivaan/Documents/star_project_submissions/Week_0/ros2_ws/install/tuos_interfaces/share/tuos_interfaces/hook/ld_library_path_lib.dsv'
[0.602s] INFO:colcon.colcon_core.shell:Creating environment hook '/home/vivaan/Documents/star_project_submissions/Week_0/ros2_ws/install/tuos_interfaces/share/tuos_interfaces/hook/ld_library_path_lib.sh'
[0.602s] Level 1:colcon.colcon_core.environment:checking '/home/vivaan/Documents/star_project_submissions/Week_0/ros2_ws/install/tuos_interfaces/bin'
[0.602s] Level 1:colcon.colcon_core.environment:checking '/home/vivaan/Documents/star_project_submissions/Week_0/ros2_ws/install/tuos_interfaces/lib/pkgconfig/tuos_interfaces.pc'
[0.602s] Level 1:colcon.colcon_core.environment:checking '/home/vivaan/Documents/star_project_submissions/Week_0/ros2_ws/install/tuos_interfaces/lib/python3.10/site-packages'
[0.603s] Level 1:colcon.colcon_core.environment:checking '/home/vivaan/Documents/star_project_submissions/Week_0/ros2_ws/install/tuos_interfaces/bin'
[0.603s] INFO:colcon.colcon_core.shell:Creating package script '/home/vivaan/Documents/star_project_submissions/Week_0/ros2_ws/install/tuos_interfaces/share/tuos_interfaces/package.ps1'
[0.603s] INFO:colcon.colcon_core.shell:Creating package descriptor '/home/vivaan/Documents/star_project_submissions/Week_0/ros2_ws/install/tuos_interfaces/share/tuos_interfaces/package.dsv'
[0.604s] INFO:colcon.colcon_core.shell:Creating package script '/home/vivaan/Documents/star_project_submissions/Week_0/ros2_ws/install/tuos_interfaces/share/tuos_interfaces/package.sh'
[0.604s] INFO:colcon.colcon_core.shell:Creating package script '/home/vivaan/Documents/star_project_submissions/Week_0/ros2_ws/install/tuos_interfaces/share/tuos_interfaces/package.bash'
[0.604s] INFO:colcon.colcon_core.shell:Creating package script '/home/vivaan/Documents/star_project_submissions/Week_0/ros2_ws/install/tuos_interfaces/share/tuos_interfaces/package.zsh'
[0.604s] Level 1:colcon.colcon_core.environment:create_file_with_runtime_dependencies(/home/vivaan/Documents/star_project_submissions/Week_0/ros2_ws/install/tuos_interfaces/share/colcon-core/packages/tuos_interfaces)
[0.605s] Level 1:colcon.colcon_core.environment:create_environment_scripts_only(tuos_interfaces)
[0.605s] Level 1:colcon.colcon_core.environment:checking '/home/vivaan/Documents/star_project_submissions/Week_0/ros2_ws/install/tuos_interfaces' for CMake module files
[0.605s] Level 1:colcon.colcon_core.environment:checking '/home/vivaan/Documents/star_project_submissions/Week_0/ros2_ws/install/tuos_interfaces' for CMake config files
[0.605s] Level 1:colcon.colcon_core.shell:create_environment_hook('tuos_interfaces', 'cmake_prefix_path')
[0.605s] INFO:colcon.colcon_core.shell:Creating environment hook '/home/vivaan/Documents/star_project_submissions/Week_0/ros2_ws/install/tuos_interfaces/share/tuos_interfaces/hook/cmake_prefix_path.ps1'
[0.606s] INFO:colcon.colcon_core.shell:Creating environment descriptor '/home/vivaan/Documents/star_project_submissions/Week_0/ros2_ws/install/tuos_interfaces/share/tuos_interfaces/hook/cmake_prefix_path.dsv'
[0.606s] INFO:colcon.colcon_core.shell:Creating environment hook '/home/vivaan/Documents/star_project_submissions/Week_0/ros2_ws/install/tuos_interfaces/share/tuos_interfaces/hook/cmake_prefix_path.sh'
[0.606s] Level 1:colcon.colcon_core.environment:checking '/home/vivaan/Documents/star_project_submissions/Week_0/ros2_ws/install/tuos_interfaces/lib'
[0.606s] Level 1:colcon.colcon_core.shell:create_environment_hook('tuos_interfaces', 'ld_library_path_lib')
[0.606s] INFO:colcon.colcon_core.shell:Creating environment hook '/home/vivaan/Documents/star_project_submissions/Week_0/ros2_ws/install/tuos_interfaces/share/tuos_interfaces/hook/ld_library_path_lib.ps1'
[0.607s] INFO:colcon.colcon_core.shell:Creating environment descriptor '/home/vivaan/Documents/star_project_submissions/Week_0/ros2_ws/install/tuos_interfaces/share/tuos_interfaces/hook/ld_library_path_lib.dsv'
[0.607s] INFO:colcon.colcon_core.shell:Creating environment hook '/home/vivaan/Documents/star_project_submissions/Week_0/ros2_ws/install/tuos_interfaces/share/tuos_interfaces/hook/ld_library_path_lib.sh'
[0.607s] Level 1:colcon.colcon_core.environment:checking '/home/vivaan/Documents/star_project_submissions/Week_0/ros2_ws/install/tuos_interfaces/bin'
[0.607s] Level 1:colcon.colcon_core.environment:checking '/home/vivaan/Documents/star_project_submissions/Week_0/ros2_ws/install/tuos_interfaces/lib/pkgconfig/tuos_interfaces.pc'
[0.607s] Level 1:colcon.colcon_core.environment:checking '/home/vivaan/Documents/star_project_submissions/Week_0/ros2_ws/install/tuos_interfaces/lib/python3.10/site-packages'
[0.607s] Level 1:colcon.colcon_core.environment:checking '/home/vivaan/Documents/star_project_submissions/Week_0/ros2_ws/install/tuos_interfaces/bin'
[0.608s] INFO:colcon.colcon_core.shell:Creating package script '/home/vivaan/Documents/star_project_submissions/Week_0/ros2_ws/install/tuos_interfaces/share/tuos_interfaces/package.ps1'
[0.608s] INFO:colcon.colcon_core.shell:Creating package descriptor '/home/vivaan/Documents/star_project_submissions/Week_0/ros2_ws/install/tuos_interfaces/share/tuos_interfaces/package.dsv'
[0.608s] INFO:colcon.colcon_core.shell:Creating package script '/home/vivaan/Documents/star_project_submissions/Week_0/ros2_ws/install/tuos_interfaces/share/tuos_interfaces/package.sh'
[0.609s] INFO:colcon.colcon_core.shell:Creating package script '/home/vivaan/Documents/star_project_submissions/Week_0/ros2_ws/install/tuos_interfaces/share/tuos_interfaces/package.bash'
[0.609s] INFO:colcon.colcon_core.shell:Creating package script '/home/vivaan/Documents/star_project_submissions/Week_0/ros2_ws/install/tuos_interfaces/share/tuos_interfaces/package.zsh'
[0.609s] Level 1:colcon.colcon_core.environment:create_file_with_runtime_dependencies(/home/vivaan/Documents/star_project_submissions/Week_0/ros2_ws/install/tuos_interfaces/share/colcon-core/packages/tuos_interfaces)
[0.609s] INFO:colcon.colcon_ros.task.ament_cmake.build:Building ROS package in '/home/vivaan/Documents/star_project_submissions/Week_0/ros2_ws/src/tuos_ros/tuos_ros' with build type 'ament_cmake'
[0.609s] INFO:colcon.colcon_cmake.task.cmake.build:Building CMake package in '/home/vivaan/Documents/star_project_submissions/Week_0/ros2_ws/src/tuos_ros/tuos_ros'
[0.609s] INFO:colcon.colcon_core.shell:Skip shell extension 'powershell' for command environment: Not usable outside of PowerShell
[0.610s] DEBUG:colcon.colcon_core.shell:Skip shell extension 'dsv' for command environment
[0.613s] DEBUG:colcon.colcon_core.event_handler.log_command:Invoked command in '/home/vivaan/Documents/star_project_submissions/Week_0/ros2_ws/build/part1_pubsub' returned '0': CMAKE_PREFIX_PATH=${CMAKE_PREFIX_PATH}:/opt/ros/humble /usr/bin/cmake --build /home/vivaan/Documents/star_project_submissions/Week_0/ros2_ws/build/part1_pubsub -- -j12 -l12
[0.614s] DEBUG:colcon.colcon_core.event_handler.log_command:Invoking command in '/home/vivaan/Documents/star_project_submissions/Week_0/ros2_ws/build/part1_pubsub': CMAKE_PREFIX_PATH=${CMAKE_PREFIX_PATH}:/opt/ros/humble /usr/bin/cmake --install /home/vivaan/Documents/star_project_submissions/Week_0/ros2_ws/build/part1_pubsub
[0.625s] DEBUG:colcon.colcon_core.event_handler.log_command:Invoking command in '/home/vivaan/Documents/star_project_submissions/Week_0/ros2_ws/build/tuos_ros': CMAKE_PREFIX_PATH=/home/vivaan/Documents/star_project_submissions/Week_0/ros2_ws/install/com2009_simulations:/home/vivaan/Documents/star_project_submissions/Week_0/ros2_ws/install/tuos_tb3_tools:/home/vivaan/Documents/star_project_submissions/Week_0/ros2_ws/install/tuos_simulations:/home/vivaan/Documents/star_project_submissions/Week_0/ros2_ws/install/tuos_interfaces:/home/vivaan/Documents/star_project_submissions/Week_0/ros2_ws/install/tuos_examples:/home/vivaan/Documents/star_project_submissions/Week_0/ros2_ws/install/tuos_ros:/home/vivaan/Documents/star_project_submissions/Week_0/ros2_ws/install/part3_beyond_basics:/home/vivaan/Documents/star_project_submissions/Week_0/ros2_ws/install/part2_navigation:/home/vivaan/Documents/star_project_submissions/Week_0/ros2_ws/install/part1_pubsub:/opt/ros/humble /usr/bin/cmake --build /home/vivaan/Documents/star_project_submissions/Week_0/ros2_ws/build/tuos_ros -- -j12 -l12
[0.657s] DEBUG:colcon.colcon_core.event_handler.log_command:Invoked command in '/home/vivaan/Documents/star_project_submissions/Week_0/ros2_ws/build/tuos_ros' returned '0': CMAKE_PREFIX_PATH=/home/vivaan/Documents/star_project_submissions/Week_0/ros2_ws/install/com2009_simulations:/home/vivaan/Documents/star_project_submissions/Week_0/ros2_ws/install/tuos_tb3_tools:/home/vivaan/Documents/star_project_submissions/Week_0/ros2_ws/install/tuos_simulations:/home/vivaan/Documents/star_project_submissions/Week_0/ros2_ws/install/tuos_interfaces:/home/vivaan/Documents/star_project_submissions/Week_0/ros2_ws/install/tuos_examples:/home/vivaan/Documents/star_project_submissions/Week_0/ros2_ws/install/tuos_ros:/home/vivaan/Documents/star_project_submissions/Week_0/ros2_ws/install/part3_beyond_basics:/home/vivaan/Documents/star_project_submissions/Week_0/ros2_ws/install/part2_navigation:/home/vivaan/Documents/star_project_submissions/Week_0/ros2_ws/install/part1_pubsub:/opt/ros/humble /usr/bin/cmake --build /home/vivaan/Documents/star_project_submissions/Week_0/ros2_ws/build/tuos_ros -- -j12 -l12
[0.658s] DEBUG:colcon.colcon_core.event_handler.log_command:Invoking command in '/home/vivaan/Documents/star_project_submissions/Week_0/ros2_ws/build/tuos_ros': CMAKE_PREFIX_PATH=/home/vivaan/Documents/star_project_submissions/Week_0/ros2_ws/install/com2009_simulations:/home/vivaan/Documents/star_project_submissions/Week_0/ros2_ws/install/tuos_tb3_tools:/home/vivaan/Documents/star_project_submissions/Week_0/ros2_ws/install/tuos_simulations:/home/vivaan/Documents/star_project_submissions/Week_0/ros2_ws/install/tuos_interfaces:/home/vivaan/Documents/star_project_submissions/Week_0/ros2_ws/install/tuos_examples:/home/vivaan/Documents/star_project_submissions/Week_0/ros2_ws/install/tuos_ros:/home/vivaan/Documents/star_project_submissions/Week_0/ros2_ws/install/part3_beyond_basics:/home/vivaan/Documents/star_project_submissions/Week_0/ros2_ws/install/part2_navigation:/home/vivaan/Documents/star_project_submissions/Week_0/ros2_ws/install/part1_pubsub:/opt/ros/humble /usr/bin/cmake --install /home/vivaan/Documents/star_project_submissions/Week_0/ros2_ws/build/tuos_ros
[0.667s] Level 1:colcon.colcon_core.environment:create_environment_scripts_only(tuos_ros)
[0.668s] Level 1:colcon.colcon_core.environment:checking '/home/vivaan/Documents/star_project_submissions/Week_0/ros2_ws/install/tuos_ros' for CMake module files
[0.668s] DEBUG:colcon.colcon_core.event_handler.log_command:Invoked command in '/home/vivaan/Documents/star_project_submissions/Week_0/ros2_ws/build/tuos_ros' returned '0': CMAKE_PREFIX_PATH=/home/vivaan/Documents/star_project_submissions/Week_0/ros2_ws/install/com2009_simulations:/home/vivaan/Documents/star_project_submissions/Week_0/ros2_ws/install/tuos_tb3_tools:/home/vivaan/Documents/star_project_submissions/Week_0/ros2_ws/install/tuos_simulations:/home/vivaan/Documents/star_project_submissions/Week_0/ros2_ws/install/tuos_interfaces:/home/vivaan/Documents/star_project_submissions/Week_0/ros2_ws/install/tuos_examples:/home/vivaan/Documents/star_project_submissions/Week_0/ros2_ws/install/tuos_ros:/home/vivaan/Documents/star_project_submissions/Week_0/ros2_ws/install/part3_beyond_basics:/home/vivaan/Documents/star_project_submissions/Week_0/ros2_ws/install/part2_navigation:/home/vivaan/Documents/star_project_submissions/Week_0/ros2_ws/install/part1_pubsub:/opt/ros/humble /usr/bin/cmake --install /home/vivaan/Documents/star_project_submissions/Week_0/ros2_ws/build/tuos_ros
[0.668s] Level 1:colcon.colcon_core.environment:checking '/home/vivaan/Documents/star_project_submissions/Week_0/ros2_ws/install/tuos_ros' for CMake config files
[0.669s] Level 1:colcon.colcon_core.shell:create_environment_hook('tuos_ros', 'cmake_prefix_path')
[0.669s] INFO:colcon.colcon_core.shell:Creating environment hook '/home/vivaan/Documents/star_project_submissions/Week_0/ros2_ws/install/tuos_ros/share/tuos_ros/hook/cmake_prefix_path.ps1'
[0.670s] INFO:colcon.colcon_core.shell:Creating environment descriptor '/home/vivaan/Documents/star_project_submissions/Week_0/ros2_ws/install/tuos_ros/share/tuos_ros/hook/cmake_prefix_path.dsv'
[0.670s] INFO:colcon.colcon_core.shell:Creating environment hook '/home/vivaan/Documents/star_project_submissions/Week_0/ros2_ws/install/tuos_ros/share/tuos_ros/hook/cmake_prefix_path.sh'
[0.671s] Level 1:colcon.colcon_core.environment:checking '/home/vivaan/Documents/star_project_submissions/Week_0/ros2_ws/install/tuos_ros/bin'
[0.671s] Level 1:colcon.colcon_core.environment:checking '/home/vivaan/Documents/star_project_submissions/Week_0/ros2_ws/install/tuos_ros/lib/pkgconfig/tuos_ros.pc'
[0.671s] Level 1:colcon.colcon_core.environment:checking '/home/vivaan/Documents/star_project_submissions/Week_0/ros2_ws/install/tuos_ros/lib/python3.10/site-packages'
[0.672s] Level 1:colcon.colcon_core.environment:checking '/home/vivaan/Documents/star_project_submissions/Week_0/ros2_ws/install/tuos_ros/bin'
[0.672s] INFO:colcon.colcon_core.shell:Creating package script '/home/vivaan/Documents/star_project_submissions/Week_0/ros2_ws/install/tuos_ros/share/tuos_ros/package.ps1'
[0.673s] INFO:colcon.colcon_core.shell:Creating package descriptor '/home/vivaan/Documents/star_project_submissions/Week_0/ros2_ws/install/tuos_ros/share/tuos_ros/package.dsv'
[0.673s] INFO:colcon.colcon_core.shell:Creating package script '/home/vivaan/Documents/star_project_submissions/Week_0/ros2_ws/install/tuos_ros/share/tuos_ros/package.sh'
[0.673s] INFO:colcon.colcon_core.shell:Creating package script '/home/vivaan/Documents/star_project_submissions/Week_0/ros2_ws/install/tuos_ros/share/tuos_ros/package.bash'
[0.674s] INFO:colcon.colcon_core.shell:Creating package script '/home/vivaan/Documents/star_project_submissions/Week_0/ros2_ws/install/tuos_ros/share/tuos_ros/package.zsh'
[0.674s] Level 1:colcon.colcon_core.environment:create_file_with_runtime_dependencies(/home/vivaan/Documents/star_project_submissions/Week_0/ros2_ws/install/tuos_ros/share/colcon-core/packages/tuos_ros)
[0.674s] Level 1:colcon.colcon_core.environment:create_environment_scripts_only(tuos_ros)
[0.674s] Level 1:colcon.colcon_core.environment:checking '/home/vivaan/Documents/star_project_submissions/Week_0/ros2_ws/install/tuos_ros' for CMake module files
[0.675s] Level 1:colcon.colcon_core.environment:checking '/home/vivaan/Documents/star_project_submissions/Week_0/ros2_ws/install/tuos_ros' for CMake config files
[0.675s] Level 1:colcon.colcon_core.shell:create_environment_hook('tuos_ros', 'cmake_prefix_path')
[0.675s] INFO:colcon.colcon_core.shell:Creating environment hook '/home/vivaan/Documents/star_project_submissions/Week_0/ros2_ws/install/tuos_ros/share/tuos_ros/hook/cmake_prefix_path.ps1'
[0.675s] INFO:colcon.colcon_core.shell:Creating environment descriptor '/home/vivaan/Documents/star_project_submissions/Week_0/ros2_ws/install/tuos_ros/share/tuos_ros/hook/cmake_prefix_path.dsv'
[0.675s] INFO:colcon.colcon_core.shell:Creating environment hook '/home/vivaan/Documents/star_project_submissions/Week_0/ros2_ws/install/tuos_ros/share/tuos_ros/hook/cmake_prefix_path.sh'
[0.676s] Level 1:colcon.colcon_core.environment:checking '/home/vivaan/Documents/star_project_submissions/Week_0/ros2_ws/install/tuos_ros/bin'
[0.676s] Level 1:colcon.colcon_core.environment:checking '/home/vivaan/Documents/star_project_submissions/Week_0/ros2_ws/install/tuos_ros/lib/pkgconfig/tuos_ros.pc'
[0.676s] Level 1:colcon.colcon_core.environment:checking '/home/vivaan/Documents/star_project_submissions/Week_0/ros2_ws/install/tuos_ros/lib/python3.10/site-packages'
[0.676s] Level 1:colcon.colcon_core.environment:checking '/home/vivaan/Documents/star_project_submissions/Week_0/ros2_ws/install/tuos_ros/bin'
[0.676s] INFO:colcon.colcon_core.shell:Creating package script '/home/vivaan/Documents/star_project_submissions/Week_0/ros2_ws/install/tuos_ros/share/tuos_ros/package.ps1'
[0.677s] INFO:colcon.colcon_core.shell:Creating package descriptor '/home/vivaan/Documents/star_project_submissions/Week_0/ros2_ws/install/tuos_ros/share/tuos_ros/package.dsv'
[0.677s] INFO:colcon.colcon_core.shell:Creating package script '/home/vivaan/Documents/star_project_submissions/Week_0/ros2_ws/install/tuos_ros/share/tuos_ros/package.sh'
[0.677s] INFO:colcon.colcon_core.shell:Creating package script '/home/vivaan/Documents/star_project_submissions/Week_0/ros2_ws/install/tuos_ros/share/tuos_ros/package.bash'
[0.678s] INFO:colcon.colcon_core.shell:Creating package script '/home/vivaan/Documents/star_project_submissions/Week_0/ros2_ws/install/tuos_ros/share/tuos_ros/package.zsh'
[0.678s] Level 1:colcon.colcon_core.environment:create_file_with_runtime_dependencies(/home/vivaan/Documents/star_project_submissions/Week_0/ros2_ws/install/tuos_ros/share/colcon-core/packages/tuos_ros)
[0.689s] Level 1:colcon.colcon_core.environment:create_environment_scripts_only(part1_pubsub)
[0.689s] Level 1:colcon.colcon_core.environment:checking '/home/vivaan/Documents/star_project_submissions/Week_0/ros2_ws/install/part1_pubsub' for CMake module files
[0.690s] DEBUG:colcon.colcon_core.event_handler.log_command:Invoked command in '/home/vivaan/Documents/star_project_submissions/Week_0/ros2_ws/build/part1_pubsub' returned '0': CMAKE_PREFIX_PATH=${CMAKE_PREFIX_PATH}:/opt/ros/humble /usr/bin/cmake --install /home/vivaan/Documents/star_project_submissions/Week_0/ros2_ws/build/part1_pubsub
[0.690s] Level 1:colcon.colcon_core.environment:checking '/home/vivaan/Documents/star_project_submissions/Week_0/ros2_ws/install/part1_pubsub' for CMake config files
[0.691s] Level 1:colcon.colcon_core.shell:create_environment_hook('part1_pubsub', 'cmake_prefix_path')
[0.691s] INFO:colcon.colcon_core.shell:Creating environment hook '/home/vivaan/Documents/star_project_submissions/Week_0/ros2_ws/install/part1_pubsub/share/part1_pubsub/hook/cmake_prefix_path.ps1'
[0.691s] INFO:colcon.colcon_core.shell:Creating environment descriptor '/home/vivaan/Documents/star_project_submissions/Week_0/ros2_ws/install/part1_pubsub/share/part1_pubsub/hook/cmake_prefix_path.dsv'
[0.692s] INFO:colcon.colcon_core.shell:Creating environment hook '/home/vivaan/Documents/star_project_submissions/Week_0/ros2_ws/install/part1_pubsub/share/part1_pubsub/hook/cmake_prefix_path.sh'
[0.692s] Level 1:colcon.colcon_core.environment:checking '/home/vivaan/Documents/star_project_submissions/Week_0/ros2_ws/install/part1_pubsub/lib'
[0.692s] Level 1:colcon.colcon_core.shell:create_environment_hook('part1_pubsub', 'ld_library_path_lib')
[0.692s] INFO:colcon.colcon_core.shell:Creating environment hook '/home/vivaan/Documents/star_project_submissions/Week_0/ros2_ws/install/part1_pubsub/share/part1_pubsub/hook/ld_library_path_lib.ps1'
[0.692s] INFO:colcon.colcon_core.shell:Creating environment descriptor '/home/vivaan/Documents/star_project_submissions/Week_0/ros2_ws/install/part1_pubsub/share/part1_pubsub/hook/ld_library_path_lib.dsv'
[0.692s] INFO:colcon.colcon_core.shell:Creating environment hook '/home/vivaan/Documents/star_project_submissions/Week_0/ros2_ws/install/part1_pubsub/share/part1_pubsub/hook/ld_library_path_lib.sh'
[0.693s] Level 1:colcon.colcon_core.environment:checking '/home/vivaan/Documents/star_project_submissions/Week_0/ros2_ws/install/part1_pubsub/bin'
[0.693s] Level 1:colcon.colcon_core.environment:checking '/home/vivaan/Documents/star_project_submissions/Week_0/ros2_ws/install/part1_pubsub/lib/pkgconfig/part1_pubsub.pc'
[0.693s] Level 1:colcon.colcon_core.environment:checking '/home/vivaan/Documents/star_project_submissions/Week_0/ros2_ws/install/part1_pubsub/lib/python3.10/site-packages'
[0.693s] Level 1:colcon.colcon_core.environment:checking '/home/vivaan/Documents/star_project_submissions/Week_0/ros2_ws/install/part1_pubsub/bin'
[0.693s] INFO:colcon.colcon_core.shell:Creating package script '/home/vivaan/Documents/star_project_submissions/Week_0/ros2_ws/install/part1_pubsub/share/part1_pubsub/package.ps1'
[0.694s] INFO:colcon.colcon_core.shell:Creating package descriptor '/home/vivaan/Documents/star_project_submissions/Week_0/ros2_ws/install/part1_pubsub/share/part1_pubsub/package.dsv'
[0.694s] INFO:colcon.colcon_core.shell:Creating package script '/home/vivaan/Documents/star_project_submissions/Week_0/ros2_ws/install/part1_pubsub/share/part1_pubsub/package.sh'
[0.694s] INFO:colcon.colcon_core.shell:Creating package script '/home/vivaan/Documents/star_project_submissions/Week_0/ros2_ws/install/part1_pubsub/share/part1_pubsub/package.bash'
[0.694s] INFO:colcon.colcon_core.shell:Creating package script '/home/vivaan/Documents/star_project_submissions/Week_0/ros2_ws/install/part1_pubsub/share/part1_pubsub/package.zsh'
[0.695s] Level 1:colcon.colcon_core.environment:create_file_with_runtime_dependencies(/home/vivaan/Documents/star_project_submissions/Week_0/ros2_ws/install/part1_pubsub/share/colcon-core/packages/part1_pubsub)
[0.695s] Level 1:colcon.colcon_core.environment:create_environment_scripts_only(part1_pubsub)
[0.695s] Level 1:colcon.colcon_core.environment:checking '/home/vivaan/Documents/star_project_submissions/Week_0/ros2_ws/install/part1_pubsub' for CMake module files
[0.695s] Level 1:colcon.colcon_core.environment:checking '/home/vivaan/Documents/star_project_submissions/Week_0/ros2_ws/install/part1_pubsub' for CMake config files
[0.696s] Level 1:colcon.colcon_core.shell:create_environment_hook('part1_pubsub', 'cmake_prefix_path')
[0.696s] INFO:colcon.colcon_core.shell:Creating environment hook '/home/vivaan/Documents/star_project_submissions/Week_0/ros2_ws/install/part1_pubsub/share/part1_pubsub/hook/cmake_prefix_path.ps1'
[0.696s] INFO:colcon.colcon_core.shell:Creating environment descriptor '/home/vivaan/Documents/star_project_submissions/Week_0/ros2_ws/install/part1_pubsub/share/part1_pubsub/hook/cmake_prefix_path.dsv'
[0.696s] INFO:colcon.colcon_core.shell:Creating environment hook '/home/vivaan/Documents/star_project_submissions/Week_0/ros2_ws/install/part1_pubsub/share/part1_pubsub/hook/cmake_prefix_path.sh'
[0.696s] Level 1:colcon.colcon_core.environment:checking '/home/vivaan/Documents/star_project_submissions/Week_0/ros2_ws/install/part1_pubsub/lib'
[0.696s] Level 1:colcon.colcon_core.shell:create_environment_hook('part1_pubsub', 'ld_library_path_lib')
[0.697s] INFO:colcon.colcon_core.shell:Creating environment hook '/home/vivaan/Documents/star_project_submissions/Week_0/ros2_ws/install/part1_pubsub/share/part1_pubsub/hook/ld_library_path_lib.ps1'
[0.697s] INFO:colcon.colcon_core.shell:Creating environment descriptor '/home/vivaan/Documents/star_project_submissions/Week_0/ros2_ws/install/part1_pubsub/share/part1_pubsub/hook/ld_library_path_lib.dsv'
[0.697s] INFO:colcon.colcon_core.shell:Creating environment hook '/home/vivaan/Documents/star_project_submissions/Week_0/ros2_ws/install/part1_pubsub/share/part1_pubsub/hook/ld_library_path_lib.sh'
[0.697s] Level 1:colcon.colcon_core.environment:checking '/home/vivaan/Documents/star_project_submissions/Week_0/ros2_ws/install/part1_pubsub/bin'
[0.697s] Level 1:colcon.colcon_core.environment:checking '/home/vivaan/Documents/star_project_submissions/Week_0/ros2_ws/install/part1_pubsub/lib/pkgconfig/part1_pubsub.pc'
[0.697s] Level 1:colcon.colcon_core.environment:checking '/home/vivaan/Documents/star_project_submissions/Week_0/ros2_ws/install/part1_pubsub/lib/python3.10/site-packages'
[0.698s] Level 1:colcon.colcon_core.environment:checking '/home/vivaan/Documents/star_project_submissions/Week_0/ros2_ws/install/part1_pubsub/bin'
[0.698s] INFO:colcon.colcon_core.shell:Creating package script '/home/vivaan/Documents/star_project_submissions/Week_0/ros2_ws/install/part1_pubsub/share/part1_pubsub/package.ps1'
[0.698s] INFO:colcon.colcon_core.shell:Creating package descriptor '/home/vivaan/Documents/star_project_submissions/Week_0/ros2_ws/install/part1_pubsub/share/part1_pubsub/package.dsv'
[0.698s] INFO:colcon.colcon_core.shell:Creating package script '/home/vivaan/Documents/star_project_submissions/Week_0/ros2_ws/install/part1_pubsub/share/part1_pubsub/package.sh'
[0.699s] INFO:colcon.colcon_core.shell:Creating package script '/home/vivaan/Documents/star_project_submissions/Week_0/ros2_ws/install/part1_pubsub/share/part1_pubsub/package.bash'
[0.699s] INFO:colcon.colcon_core.shell:Creating package script '/home/vivaan/Documents/star_project_submissions/Week_0/ros2_ws/install/part1_pubsub/share/part1_pubsub/package.zsh'
[0.699s] Level 1:colcon.colcon_core.environment:create_file_with_runtime_dependencies(/home/vivaan/Documents/star_project_submissions/Week_0/ros2_ws/install/part1_pubsub/share/colcon-core/packages/part1_pubsub)
[0.699s] DEBUG:colcon.colcon_parallel_executor.executor.parallel:closing loop
[0.699s] DEBUG:colcon.colcon_parallel_executor.executor.parallel:loop closed
[0.700s] DEBUG:colcon.colcon_parallel_executor.executor.parallel:run_until_complete finished with '0'
[0.700s] DEBUG:colcon.colcon_core.event_reactor:joining thread
[0.703s] INFO:colcon.colcon_core.plugin_system:Skipping extension 'colcon_notification.desktop_notification.terminal_notifier': Not used on non-Darwin systems
[0.703s] INFO:colcon.colcon_core.plugin_system:Skipping extension 'colcon_notification.desktop_notification.win32': Not used on non-Windows systems
[0.703s] INFO:colcon.colcon_notification.desktop_notification:Sending desktop notification using 'notify2'
[0.713s] DEBUG:colcon.colcon_core.event_reactor:joined thread
[0.713s] INFO:colcon.colcon_core.shell:Creating prefix script '/home/vivaan/Documents/star_project_submissions/Week_0/ros2_ws/install/local_setup.ps1'
[0.714s] INFO:colcon.colcon_core.shell:Creating prefix util module '/home/vivaan/Documents/star_project_submissions/Week_0/ros2_ws/install/_local_setup_util_ps1.py'
[0.715s] INFO:colcon.colcon_core.shell:Creating prefix chain script '/home/vivaan/Documents/star_project_submissions/Week_0/ros2_ws/install/setup.ps1'
[0.716s] INFO:colcon.colcon_core.shell:Creating prefix script '/home/vivaan/Documents/star_project_submissions/Week_0/ros2_ws/install/local_setup.sh'
[0.717s] INFO:colcon.colcon_core.shell:Creating prefix util module '/home/vivaan/Documents/star_project_submissions/Week_0/ros2_ws/install/_local_setup_util_sh.py'
[0.717s] INFO:colcon.colcon_core.shell:Creating prefix chain script '/home/vivaan/Documents/star_project_submissions/Week_0/ros2_ws/install/setup.sh'
[0.718s] INFO:colcon.colcon_core.shell:Creating prefix script '/home/vivaan/Documents/star_project_submissions/Week_0/ros2_ws/install/local_setup.bash'
[0.719s] INFO:colcon.colcon_core.shell:Creating prefix chain script '/home/vivaan/Documents/star_project_submissions/Week_0/ros2_ws/install/setup.bash'
[0.719s] INFO:colcon.colcon_core.shell:Creating prefix script '/home/vivaan/Documents/star_project_submissions/Week_0/ros2_ws/install/local_setup.zsh'
[0.720s] INFO:colcon.colcon_core.shell:Creating prefix chain script '/home/vivaan/Documents/star_project_submissions/Week_0/ros2_ws/install/setup.zsh'
