[0.066s] DEBUG:colcon:Command line arguments: ['/usr/bin/colcon', 'build']
[0.066s] DEBUG:colcon:Parsed command line arguments: Namespace(log_base=None, log_level=None, verb_name='build', build_base='build', install_base='install', merge_install=False, symlink_install=False, test_result_base=None, continue_on_error=False, executor='parallel', parallel_workers=12, event_handlers=None, ignore_user_meta=False, metas=['./colcon.meta'], base_paths=['.'], packages_ignore=None, packages_ignore_regex=None, paths=None, packages_up_to=None, packages_up_to_regex=None, packages_above=None, packages_above_and_dependencies=None, packages_above_depth=None, packages_select_by_dep=None, packages_skip_by_dep=None, packages_skip_up_to=None, packages_select_build_failed=False, packages_skip_build_finished=False, packages_select_test_failures=False, packages_skip_test_passed=False, packages_select=None, packages_skip=None, packages_select_regex=None, packages_skip_regex=None, packages_start=None, packages_end=None, allow_overriding=[], cmake_args=None, cmake_target=None, cmake_target_skip_unavailable=False, cmake_clean_cache=False, cmake_clean_first=False, cmake_force_configure=False, ament_cmake_args=None, catkin_cmake_args=None, catkin_skip_building_tests=False, verb_parser=<colcon_defaults.argument_parser.defaults.DefaultArgumentsDecorator object at 0x7a228b6dd090>, verb_extension=<colcon_core.verb.build.BuildVerb object at 0x7a228b84eb30>, main=<bound method BuildVerb.main of <colcon_core.verb.build.BuildVerb object at 0x7a228b84eb30>>)
[0.094s] Level 1:colcon.colcon_core.package_discovery:discover_packages(colcon_meta) check parameters
[0.094s] Level 1:colcon.colcon_core.package_discovery:discover_packages(recursive) check parameters
[0.094s] Level 1:colcon.colcon_core.package_discovery:discover_packages(ignore) check parameters
[0.094s] Level 1:colcon.colcon_core.package_discovery:discover_packages(path) check parameters
[0.094s] Level 1:colcon.colcon_core.package_discovery:discover_packages(colcon_meta) discover
[0.094s] Level 1:colcon.colcon_core.package_discovery:discover_packages(recursive) discover
[0.094s] INFO:colcon.colcon_core.package_discovery:Crawling recursively for packages in '/home/vivaan/Documents/star_project_submissions/Week_0/ros2_ws'
[0.094s] Level 1:colcon.colcon_core.package_identification:_identify(.) by extensions ['ignore', 'ignore_ament_install']
[0.094s] Level 1:colcon.colcon_core.package_identification:_identify(.) by extension 'ignore'
[0.094s] Level 1:colcon.colcon_core.package_identification:_identify(.) by extension 'ignore_ament_install'
[0.094s] Level 1:colcon.colcon_core.package_identification:_identify(.) by extensions ['colcon_pkg']
[0.094s] Level 1:colcon.colcon_core.package_identification:_identify(.) by extension 'colcon_pkg'
[0.094s] Level 1:colcon.colcon_core.package_identification:_identify(.) by extensions ['colcon_meta']
[0.094s] Level 1:colcon.colcon_core.package_identification:_identify(.) by extension 'colcon_meta'
[0.094s] Level 1:colcon.colcon_core.package_identification:_identify(.) by extensions ['ros']
[0.094s] Level 1:colcon.colcon_core.package_identification:_identify(.) by extension 'ros'
[0.104s] Level 1:colcon.colcon_core.package_identification:_identify(.) by extensions ['cmake', 'python']
[0.104s] Level 1:colcon.colcon_core.package_identification:_identify(.) by extension 'cmake'
[0.104s] Level 1:colcon.colcon_core.package_identification:_identify(.) by extension 'python'
[0.104s] Level 1:colcon.colcon_core.package_identification:_identify(.) by extensions ['python_setup_py']
[0.104s] Level 1:colcon.colcon_core.package_identification:_identify(.) by extension 'python_setup_py'
[0.104s] Level 1:colcon.colcon_core.package_identification:_identify(build) by extensions ['ignore', 'ignore_ament_install']
[0.104s] Level 1:colcon.colcon_core.package_identification:_identify(build) by extension 'ignore'
[0.105s] Level 1:colcon.colcon_core.package_identification:_identify(build) ignored
[0.105s] Level 1:colcon.colcon_core.package_identification:_identify(install) by extensions ['ignore', 'ignore_ament_install']
[0.105s] Level 1:colcon.colcon_core.package_identification:_identify(install) by extension 'ignore'
[0.105s] Level 1:colcon.colcon_core.package_identification:_identify(install) ignored
[0.105s] Level 1:colcon.colcon_core.package_identification:_identify(log) by extensions ['ignore', 'ignore_ament_install']
[0.105s] Level 1:colcon.colcon_core.package_identification:_identify(log) by extension 'ignore'
[0.105s] Level 1:colcon.colcon_core.package_identification:_identify(log) ignored
[0.105s] Level 1:colcon.colcon_core.package_identification:_identify(src) by extensions ['ignore', 'ignore_ament_install']
[0.105s] Level 1:colcon.colcon_core.package_identification:_identify(src) by extension 'ignore'
[0.105s] Level 1:colcon.colcon_core.package_identification:_identify(src) by extension 'ignore_ament_install'
[0.105s] Level 1:colcon.colcon_core.package_identification:_identify(src) by extensions ['colcon_pkg']
[0.105s] Level 1:colcon.colcon_core.package_identification:_identify(src) by extension 'colcon_pkg'
[0.105s] Level 1:colcon.colcon_core.package_identification:_identify(src) by extensions ['colcon_meta']
[0.105s] Level 1:colcon.colcon_core.package_identification:_identify(src) by extension 'colcon_meta'
[0.105s] Level 1:colcon.colcon_core.package_identification:_identify(src) by extensions ['ros']
[0.105s] Level 1:colcon.colcon_core.package_identification:_identify(src) by extension 'ros'
[0.105s] Level 1:colcon.colcon_core.package_identification:_identify(src) by extensions ['cmake', 'python']
[0.105s] Level 1:colcon.colcon_core.package_identification:_identify(src) by extension 'cmake'
[0.105s] Level 1:colcon.colcon_core.package_identification:_identify(src) by extension 'python'
[0.105s] Level 1:colcon.colcon_core.package_identification:_identify(src) by extensions ['python_setup_py']
[0.105s] Level 1:colcon.colcon_core.package_identification:_identify(src) by extension 'python_setup_py'
[0.105s] Level 1:colcon.colcon_core.package_identification:_identify(src/part1_pubsub) by extensions ['ignore', 'ignore_ament_install']
[0.105s] Level 1:colcon.colcon_core.package_identification:_identify(src/part1_pubsub) by extension 'ignore'
[0.105s] Level 1:colcon.colcon_core.package_identification:_identify(src/part1_pubsub) by extension 'ignore_ament_install'
[0.105s] Level 1:colcon.colcon_core.package_identification:_identify(src/part1_pubsub) by extensions ['colcon_pkg']
[0.105s] Level 1:colcon.colcon_core.package_identification:_identify(src/part1_pubsub) by extension 'colcon_pkg'
[0.105s] Level 1:colcon.colcon_core.package_identification:_identify(src/part1_pubsub) by extensions ['colcon_meta']
[0.105s] Level 1:colcon.colcon_core.package_identification:_identify(src/part1_pubsub) by extension 'colcon_meta'
[0.105s] Level 1:colcon.colcon_core.package_identification:_identify(src/part1_pubsub) by extensions ['ros']
[0.105s] Level 1:colcon.colcon_core.package_identification:_identify(src/part1_pubsub) by extension 'ros'
[0.107s] DEBUG:colcon.colcon_core.package_identification:Package 'src/part1_pubsub' with type 'ros.ament_cmake' and name 'part1_pubsub'
[0.107s] Level 1:colcon.colcon_core.package_identification:_identify(src/tuos_ros) by extensions ['ignore', 'ignore_ament_install']
[0.107s] Level 1:colcon.colcon_core.package_identification:_identify(src/tuos_ros) by extension 'ignore'
[0.107s] Level 1:colcon.colcon_core.package_identification:_identify(src/tuos_ros) by extension 'ignore_ament_install'
[0.107s] Level 1:colcon.colcon_core.package_identification:_identify(src/tuos_ros) by extensions ['colcon_pkg']
[0.107s] Level 1:colcon.colcon_core.package_identification:_identify(src/tuos_ros) by extension 'colcon_pkg'
[0.107s] Level 1:colcon.colcon_core.package_identification:_identify(src/tuos_ros) by extensions ['colcon_meta']
[0.107s] Level 1:colcon.colcon_core.package_identification:_identify(src/tuos_ros) by extension 'colcon_meta'
[0.107s] Level 1:colcon.colcon_core.package_identification:_identify(src/tuos_ros) by extensions ['ros']
[0.107s] Level 1:colcon.colcon_core.package_identification:_identify(src/tuos_ros) by extension 'ros'
[0.107s] Level 1:colcon.colcon_core.package_identification:_identify(src/tuos_ros) by extensions ['cmake', 'python']
[0.107s] Level 1:colcon.colcon_core.package_identification:_identify(src/tuos_ros) by extension 'cmake'
[0.107s] Level 1:colcon.colcon_core.package_identification:_identify(src/tuos_ros) by extension 'python'
[0.107s] Level 1:colcon.colcon_core.package_identification:_identify(src/tuos_ros) by extensions ['python_setup_py']
[0.107s] Level 1:colcon.colcon_core.package_identification:_identify(src/tuos_ros) by extension 'python_setup_py'
[0.107s] Level 1:colcon.colcon_core.package_identification:_identify(src/tuos_ros/com2009_simulations) by extensions ['ignore', 'ignore_ament_install']
[0.107s] Level 1:colcon.colcon_core.package_identification:_identify(src/tuos_ros/com2009_simulations) by extension 'ignore'
[0.108s] Level 1:colcon.colcon_core.package_identification:_identify(src/tuos_ros/com2009_simulations) by extension 'ignore_ament_install'
[0.108s] Level 1:colcon.colcon_core.package_identification:_identify(src/tuos_ros/com2009_simulations) by extensions ['colcon_pkg']
[0.108s] Level 1:colcon.colcon_core.package_identification:_identify(src/tuos_ros/com2009_simulations) by extension 'colcon_pkg'
[0.108s] Level 1:colcon.colcon_core.package_identification:_identify(src/tuos_ros/com2009_simulations) by extensions ['colcon_meta']
[0.108s] Level 1:colcon.colcon_core.package_identification:_identify(src/tuos_ros/com2009_simulations) by extension 'colcon_meta'
[0.108s] Level 1:colcon.colcon_core.package_identification:_identify(src/tuos_ros/com2009_simulations) by extensions ['ros']
[0.108s] Level 1:colcon.colcon_core.package_identification:_identify(src/tuos_ros/com2009_simulations) by extension 'ros'
[0.108s] DEBUG:colcon.colcon_core.package_identification:Package 'src/tuos_ros/com2009_simulations' with type 'ros.ament_cmake' and name 'com2009_simulations'
[0.108s] Level 1:colcon.colcon_core.package_identification:_identify(src/tuos_ros/tuos_examples) by extensions ['ignore', 'ignore_ament_install']
[0.108s] Level 1:colcon.colcon_core.package_identification:_identify(src/tuos_ros/tuos_examples) by extension 'ignore'
[0.108s] Level 1:colcon.colcon_core.package_identification:_identify(src/tuos_ros/tuos_examples) by extension 'ignore_ament_install'
[0.108s] Level 1:colcon.colcon_core.package_identification:_identify(src/tuos_ros/tuos_examples) by extensions ['colcon_pkg']
[0.108s] Level 1:colcon.colcon_core.package_identification:_identify(src/tuos_ros/tuos_examples) by extension 'colcon_pkg'
[0.108s] Level 1:colcon.colcon_core.package_identification:_identify(src/tuos_ros/tuos_examples) by extensions ['colcon_meta']
[0.108s] Level 1:colcon.colcon_core.package_identification:_identify(src/tuos_ros/tuos_examples) by extension 'colcon_meta'
[0.108s] Level 1:colcon.colcon_core.package_identification:_identify(src/tuos_ros/tuos_examples) by extensions ['ros']
[0.108s] Level 1:colcon.colcon_core.package_identification:_identify(src/tuos_ros/tuos_examples) by extension 'ros'
[0.109s] DEBUG:colcon.colcon_core.package_identification:Package 'src/tuos_ros/tuos_examples' with type 'ros.ament_cmake' and name 'tuos_examples'
[0.109s] Level 1:colcon.colcon_core.package_identification:_identify(src/tuos_ros/tuos_interfaces) by extensions ['ignore', 'ignore_ament_install']
[0.109s] Level 1:colcon.colcon_core.package_identification:_identify(src/tuos_ros/tuos_interfaces) by extension 'ignore'
[0.109s] Level 1:colcon.colcon_core.package_identification:_identify(src/tuos_ros/tuos_interfaces) by extension 'ignore_ament_install'
[0.109s] Level 1:colcon.colcon_core.package_identification:_identify(src/tuos_ros/tuos_interfaces) by extensions ['colcon_pkg']
[0.109s] Level 1:colcon.colcon_core.package_identification:_identify(src/tuos_ros/tuos_interfaces) by extension 'colcon_pkg'
[0.109s] Level 1:colcon.colcon_core.package_identification:_identify(src/tuos_ros/tuos_interfaces) by extensions ['colcon_meta']
[0.109s] Level 1:colcon.colcon_core.package_identification:_identify(src/tuos_ros/tuos_interfaces) by extension 'colcon_meta'
[0.109s] Level 1:colcon.colcon_core.package_identification:_identify(src/tuos_ros/tuos_interfaces) by extensions ['ros']
[0.109s] Level 1:colcon.colcon_core.package_identification:_identify(src/tuos_ros/tuos_interfaces) by extension 'ros'
[0.109s] DEBUG:colcon.colcon_core.package_identification:Package 'src/tuos_ros/tuos_interfaces' with type 'ros.ament_cmake' and name 'tuos_interfaces'
[0.109s] Level 1:colcon.colcon_core.package_identification:_identify(src/tuos_ros/tuos_ros) by extensions ['ignore', 'ignore_ament_install']
[0.109s] Level 1:colcon.colcon_core.package_identification:_identify(src/tuos_ros/tuos_ros) by extension 'ignore'
[0.109s] Level 1:colcon.colcon_core.package_identification:_identify(src/tuos_ros/tuos_ros) by extension 'ignore_ament_install'
[0.109s] Level 1:colcon.colcon_core.package_identification:_identify(src/tuos_ros/tuos_ros) by extensions ['colcon_pkg']
[0.109s] Level 1:colcon.colcon_core.package_identification:_identify(src/tuos_ros/tuos_ros) by extension 'colcon_pkg'
[0.109s] Level 1:colcon.colcon_core.package_identification:_identify(src/tuos_ros/tuos_ros) by extensions ['colcon_meta']
[0.110s] Level 1:colcon.colcon_core.package_identification:_identify(src/tuos_ros/tuos_ros) by extension 'colcon_meta'
[0.110s] Level 1:colcon.colcon_core.package_identification:_identify(src/tuos_ros/tuos_ros) by extensions ['ros']
[0.110s] Level 1:colcon.colcon_core.package_identification:_identify(src/tuos_ros/tuos_ros) by extension 'ros'
[0.110s] DEBUG:colcon.colcon_core.package_identification:Package 'src/tuos_ros/tuos_ros' with type 'ros.ament_cmake' and name 'tuos_ros'
[0.110s] Level 1:colcon.colcon_core.package_identification:_identify(src/tuos_ros/tuos_simulations) by extensions ['ignore', 'ignore_ament_install']
[0.110s] Level 1:colcon.colcon_core.package_identification:_identify(src/tuos_ros/tuos_simulations) by extension 'ignore'
[0.110s] Level 1:colcon.colcon_core.package_identification:_identify(src/tuos_ros/tuos_simulations) by extension 'ignore_ament_install'
[0.110s] Level 1:colcon.colcon_core.package_identification:_identify(src/tuos_ros/tuos_simulations) by extensions ['colcon_pkg']
[0.110s] Level 1:colcon.colcon_core.package_identification:_identify(src/tuos_ros/tuos_simulations) by extension 'colcon_pkg'
[0.110s] Level 1:colcon.colcon_core.package_identification:_identify(src/tuos_ros/tuos_simulations) by extensions ['colcon_meta']
[0.110s] Level 1:colcon.colcon_core.package_identification:_identify(src/tuos_ros/tuos_simulations) by extension 'colcon_meta'
[0.110s] Level 1:colcon.colcon_core.package_identification:_identify(src/tuos_ros/tuos_simulations) by extensions ['ros']
[0.110s] Level 1:colcon.colcon_core.package_identification:_identify(src/tuos_ros/tuos_simulations) by extension 'ros'
[0.110s] DEBUG:colcon.colcon_core.package_identification:Package 'src/tuos_ros/tuos_simulations' with type 'ros.ament_cmake' and name 'tuos_simulations'
[0.111s] Level 1:colcon.colcon_core.package_identification:_identify(src/tuos_ros/tuos_tb3_tools) by extensions ['ignore', 'ignore_ament_install']
[0.111s] Level 1:colcon.colcon_core.package_identification:_identify(src/tuos_ros/tuos_tb3_tools) by extension 'ignore'
[0.111s] Level 1:colcon.colcon_core.package_identification:_identify(src/tuos_ros/tuos_tb3_tools) by extension 'ignore_ament_install'
[0.111s] Level 1:colcon.colcon_core.package_identification:_identify(src/tuos_ros/tuos_tb3_tools) by extensions ['colcon_pkg']
[0.111s] Level 1:colcon.colcon_core.package_identification:_identify(src/tuos_ros/tuos_tb3_tools) by extension 'colcon_pkg'
[0.111s] Level 1:colcon.colcon_core.package_identification:_identify(src/tuos_ros/tuos_tb3_tools) by extensions ['colcon_meta']
[0.111s] Level 1:colcon.colcon_core.package_identification:_identify(src/tuos_ros/tuos_tb3_tools) by extension 'colcon_meta'
[0.111s] Level 1:colcon.colcon_core.package_identification:_identify(src/tuos_ros/tuos_tb3_tools) by extensions ['ros']
[0.111s] Level 1:colcon.colcon_core.package_identification:_identify(src/tuos_ros/tuos_tb3_tools) by extension 'ros'
[0.111s] DEBUG:colcon.colcon_core.package_identification:Package 'src/tuos_ros/tuos_tb3_tools' with type 'ros.ament_cmake' and name 'tuos_tb3_tools'
[0.111s] Level 1:colcon.colcon_core.package_discovery:discover_packages(recursive) using defaults
[0.111s] Level 1:colcon.colcon_core.package_discovery:discover_packages(ignore) discover
[0.111s] Level 1:colcon.colcon_core.package_discovery:discover_packages(ignore) using defaults
[0.111s] Level 1:colcon.colcon_core.package_discovery:discover_packages(path) discover
[0.111s] Level 1:colcon.colcon_core.package_discovery:discover_packages(path) using defaults
[0.125s] Level 1:colcon.colcon_core.package_discovery:discover_packages(prefix_path) check parameters
[0.125s] Level 1:colcon.colcon_core.package_discovery:discover_packages(prefix_path) discover
[0.127s] DEBUG:colcon.colcon_installed_package_information.package_discovery:Found 318 installed packages in /opt/ros/humble
[0.128s] Level 1:colcon.colcon_core.package_discovery:discover_packages(prefix_path) using defaults
[0.151s] Level 5:colcon.colcon_core.verb:set package 'part1_pubsub' build argument 'cmake_args' from command line to 'None'
[0.151s] Level 5:colcon.colcon_core.verb:set package 'part1_pubsub' build argument 'cmake_target' from command line to 'None'
[0.151s] Level 5:colcon.colcon_core.verb:set package 'part1_pubsub' build argument 'cmake_target_skip_unavailable' from command line to 'False'
[0.151s] Level 5:colcon.colcon_core.verb:set package 'part1_pubsub' build argument 'cmake_clean_cache' from command line to 'False'
[0.151s] Level 5:colcon.colcon_core.verb:set package 'part1_pubsub' build argument 'cmake_clean_first' from command line to 'False'
[0.151s] Level 5:colcon.colcon_core.verb:set package 'part1_pubsub' build argument 'cmake_force_configure' from command line to 'False'
[0.151s] Level 5:colcon.colcon_core.verb:set package 'part1_pubsub' build argument 'ament_cmake_args' from command line to 'None'
[0.151s] Level 5:colcon.colcon_core.verb:set package 'part1_pubsub' build argument 'catkin_cmake_args' from command line to 'None'
[0.151s] Level 5:colcon.colcon_core.verb:set package 'part1_pubsub' build argument 'catkin_skip_building_tests' from command line to 'False'
[0.151s] DEBUG:colcon.colcon_core.verb:Building package 'part1_pubsub' with the following arguments: {'ament_cmake_args': None, 'build_base': '/home/vivaan/Documents/star_project_submissions/Week_0/ros2_ws/build/part1_pubsub', 'catkin_cmake_args': None, 'catkin_skip_building_tests': False, 'cmake_args': None, 'cmake_clean_cache': False, 'cmake_clean_first': False, 'cmake_force_configure': False, 'cmake_target': None, 'cmake_target_skip_unavailable': False, 'install_base': '/home/vivaan/Documents/star_project_submissions/Week_0/ros2_ws/install/part1_pubsub', 'merge_install': False, 'path': '/home/vivaan/Documents/star_project_submissions/Week_0/ros2_ws/src/part1_pubsub', 'symlink_install': False, 'test_result_base': None}
[0.151s] Level 5:colcon.colcon_core.verb:set package 'tuos_examples' build argument 'cmake_args' from command line to 'None'
[0.151s] Level 5:colcon.colcon_core.verb:set package 'tuos_examples' build argument 'cmake_target' from command line to 'None'
[0.151s] Level 5:colcon.colcon_core.verb:set package 'tuos_examples' build argument 'cmake_target_skip_unavailable' from command line to 'False'
[0.151s] Level 5:colcon.colcon_core.verb:set package 'tuos_examples' build argument 'cmake_clean_cache' from command line to 'False'
[0.151s] Level 5:colcon.colcon_core.verb:set package 'tuos_examples' build argument 'cmake_clean_first' from command line to 'False'
[0.151s] Level 5:colcon.colcon_core.verb:set package 'tuos_examples' build argument 'cmake_force_configure' from command line to 'False'
[0.151s] Level 5:colcon.colcon_core.verb:set package 'tuos_examples' build argument 'ament_cmake_args' from command line to 'None'
[0.151s] Level 5:colcon.colcon_core.verb:set package 'tuos_examples' build argument 'catkin_cmake_args' from command line to 'None'
[0.151s] Level 5:colcon.colcon_core.verb:set package 'tuos_examples' build argument 'catkin_skip_building_tests' from command line to 'False'
[0.152s] DEBUG:colcon.colcon_core.verb:Building package 'tuos_examples' with the following arguments: {'ament_cmake_args': None, 'build_base': '/home/vivaan/Documents/star_project_submissions/Week_0/ros2_ws/build/tuos_examples', 'catkin_cmake_args': None, 'catkin_skip_building_tests': False, 'cmake_args': None, 'cmake_clean_cache': False, 'cmake_clean_first': False, 'cmake_force_configure': False, 'cmake_target': None, 'cmake_target_skip_unavailable': False, 'install_base': '/home/vivaan/Documents/star_project_submissions/Week_0/ros2_ws/install/tuos_examples', 'merge_install': False, 'path': '/home/vivaan/Documents/star_project_submissions/Week_0/ros2_ws/src/tuos_ros/tuos_examples', 'symlink_install': False, 'test_result_base': None}
[0.152s] Level 5:colcon.colcon_core.verb:set package 'tuos_interfaces' build argument 'cmake_args' from command line to 'None'
[0.152s] Level 5:colcon.colcon_core.verb:set package 'tuos_interfaces' build argument 'cmake_target' from command line to 'None'
[0.152s] Level 5:colcon.colcon_core.verb:set package 'tuos_interfaces' build argument 'cmake_target_skip_unavailable' from command line to 'False'
[0.152s] Level 5:colcon.colcon_core.verb:set package 'tuos_interfaces' build argument 'cmake_clean_cache' from command line to 'False'
[0.152s] Level 5:colcon.colcon_core.verb:set package 'tuos_interfaces' build argument 'cmake_clean_first' from command line to 'False'
[0.152s] Level 5:colcon.colcon_core.verb:set package 'tuos_interfaces' build argument 'cmake_force_configure' from command line to 'False'
[0.152s] Level 5:colcon.colcon_core.verb:set package 'tuos_interfaces' build argument 'ament_cmake_args' from command line to 'None'
[0.152s] Level 5:colcon.colcon_core.verb:set package 'tuos_interfaces' build argument 'catkin_cmake_args' from command line to 'None'
[0.152s] Level 5:colcon.colcon_core.verb:set package 'tuos_interfaces' build argument 'catkin_skip_building_tests' from command line to 'False'
[0.152s] DEBUG:colcon.colcon_core.verb:Building package 'tuos_interfaces' with the following arguments: {'ament_cmake_args': None, 'build_base': '/home/vivaan/Documents/star_project_submissions/Week_0/ros2_ws/build/tuos_interfaces', 'catkin_cmake_args': None, 'catkin_skip_building_tests': False, 'cmake_args': None, 'cmake_clean_cache': False, 'cmake_clean_first': False, 'cmake_force_configure': False, 'cmake_target': None, 'cmake_target_skip_unavailable': False, 'install_base': '/home/vivaan/Documents/star_project_submissions/Week_0/ros2_ws/install/tuos_interfaces', 'merge_install': False, 'path': '/home/vivaan/Documents/star_project_submissions/Week_0/ros2_ws/src/tuos_ros/tuos_interfaces', 'symlink_install': False, 'test_result_base': None}
[0.152s] Level 5:colcon.colcon_core.verb:set package 'tuos_simulations' build argument 'cmake_args' from command line to 'None'
[0.152s] Level 5:colcon.colcon_core.verb:set package 'tuos_simulations' build argument 'cmake_target' from command line to 'None'
[0.152s] Level 5:colcon.colcon_core.verb:set package 'tuos_simulations' build argument 'cmake_target_skip_unavailable' from command line to 'False'
[0.152s] Level 5:colcon.colcon_core.verb:set package 'tuos_simulations' build argument 'cmake_clean_cache' from command line to 'False'
[0.152s] Level 5:colcon.colcon_core.verb:set package 'tuos_simulations' build argument 'cmake_clean_first' from command line to 'False'
[0.152s] Level 5:colcon.colcon_core.verb:set package 'tuos_simulations' build argument 'cmake_force_configure' from command line to 'False'
[0.152s] Level 5:colcon.colcon_core.verb:set package 'tuos_simulations' build argument 'ament_cmake_args' from command line to 'None'
[0.152s] Level 5:colcon.colcon_core.verb:set package 'tuos_simulations' build argument 'catkin_cmake_args' from command line to 'None'
[0.152s] Level 5:colcon.colcon_core.verb:set package 'tuos_simulations' build argument 'catkin_skip_building_tests' from command line to 'False'
[0.152s] DEBUG:colcon.colcon_core.verb:Building package 'tuos_simulations' with the following arguments: {'ament_cmake_args': None, 'build_base': '/home/vivaan/Documents/star_project_submissions/Week_0/ros2_ws/build/tuos_simulations', 'catkin_cmake_args': None, 'catkin_skip_building_tests': False, 'cmake_args': None, 'cmake_clean_cache': False, 'cmake_clean_first': False, 'cmake_force_configure': False, 'cmake_target': None, 'cmake_target_skip_unavailable': False, 'install_base': '/home/vivaan/Documents/star_project_submissions/Week_0/ros2_ws/install/tuos_simulations', 'merge_install': False, 'path': '/home/vivaan/Documents/star_project_submissions/Week_0/ros2_ws/src/tuos_ros/tuos_simulations', 'symlink_install': False, 'test_result_base': None}
[0.152s] Level 5:colcon.colcon_core.verb:set package 'tuos_tb3_tools' build argument 'cmake_args' from command line to 'None'
[0.152s] Level 5:colcon.colcon_core.verb:set package 'tuos_tb3_tools' build argument 'cmake_target' from command line to 'None'
[0.152s] Level 5:colcon.colcon_core.verb:set package 'tuos_tb3_tools' build argument 'cmake_target_skip_unavailable' from command line to 'False'
[0.152s] Level 5:colcon.colcon_core.verb:set package 'tuos_tb3_tools' build argument 'cmake_clean_cache' from command line to 'False'
[0.152s] Level 5:colcon.colcon_core.verb:set package 'tuos_tb3_tools' build argument 'cmake_clean_first' from command line to 'False'
[0.152s] Level 5:colcon.colcon_core.verb:set package 'tuos_tb3_tools' build argument 'cmake_force_configure' from command line to 'False'
[0.152s] Level 5:colcon.colcon_core.verb:set package 'tuos_tb3_tools' build argument 'ament_cmake_args' from command line to 'None'
[0.152s] Level 5:colcon.colcon_core.verb:set package 'tuos_tb3_tools' build argument 'catkin_cmake_args' from command line to 'None'
[0.152s] Level 5:colcon.colcon_core.verb:set package 'tuos_tb3_tools' build argument 'catkin_skip_building_tests' from command line to 'False'
[0.152s] DEBUG:colcon.colcon_core.verb:Building package 'tuos_tb3_tools' with the following arguments: {'ament_cmake_args': None, 'build_base': '/home/vivaan/Documents/star_project_submissions/Week_0/ros2_ws/build/tuos_tb3_tools', 'catkin_cmake_args': None, 'catkin_skip_building_tests': False, 'cmake_args': None, 'cmake_clean_cache': False, 'cmake_clean_first': False, 'cmake_force_configure': False, 'cmake_target': None, 'cmake_target_skip_unavailable': False, 'install_base': '/home/vivaan/Documents/star_project_submissions/Week_0/ros2_ws/install/tuos_tb3_tools', 'merge_install': False, 'path': '/home/vivaan/Documents/star_project_submissions/Week_0/ros2_ws/src/tuos_ros/tuos_tb3_tools', 'symlink_install': False, 'test_result_base': None}
[0.153s] Level 5:colcon.colcon_core.verb:set package 'com2009_simulations' build argument 'cmake_args' from command line to 'None'
[0.153s] Level 5:colcon.colcon_core.verb:set package 'com2009_simulations' build argument 'cmake_target' from command line to 'None'
[0.153s] Level 5:colcon.colcon_core.verb:set package 'com2009_simulations' build argument 'cmake_target_skip_unavailable' from command line to 'False'
[0.153s] Level 5:colcon.colcon_core.verb:set package 'com2009_simulations' build argument 'cmake_clean_cache' from command line to 'False'
[0.153s] Level 5:colcon.colcon_core.verb:set package 'com2009_simulations' build argument 'cmake_clean_first' from command line to 'False'
[0.153s] Level 5:colcon.colcon_core.verb:set package 'com2009_simulations' build argument 'cmake_force_configure' from command line to 'False'
[0.153s] Level 5:colcon.colcon_core.verb:set package 'com2009_simulations' build argument 'ament_cmake_args' from command line to 'None'
[0.153s] Level 5:colcon.colcon_core.verb:set package 'com2009_simulations' build argument 'catkin_cmake_args' from command line to 'None'
[0.153s] Level 5:colcon.colcon_core.verb:set package 'com2009_simulations' build argument 'catkin_skip_building_tests' from command line to 'False'
[0.153s] DEBUG:colcon.colcon_core.verb:Building package 'com2009_simulations' with the following arguments: {'ament_cmake_args': None, 'build_base': '/home/vivaan/Documents/star_project_submissions/Week_0/ros2_ws/build/com2009_simulations', 'catkin_cmake_args': None, 'catkin_skip_building_tests': False, 'cmake_args': None, 'cmake_clean_cache': False, 'cmake_clean_first': False, 'cmake_force_configure': False, 'cmake_target': None, 'cmake_target_skip_unavailable': False, 'install_base': '/home/vivaan/Documents/star_project_submissions/Week_0/ros2_ws/install/com2009_simulations', 'merge_install': False, 'path': '/home/vivaan/Documents/star_project_submissions/Week_0/ros2_ws/src/tuos_ros/com2009_simulations', 'symlink_install': False, 'test_result_base': None}
[0.153s] Level 5:colcon.colcon_core.verb:set package 'tuos_ros' build argument 'cmake_args' from command line to 'None'
[0.153s] Level 5:colcon.colcon_core.verb:set package 'tuos_ros' build argument 'cmake_target' from command line to 'None'
[0.153s] Level 5:colcon.colcon_core.verb:set package 'tuos_ros' build argument 'cmake_target_skip_unavailable' from command line to 'False'
[0.153s] Level 5:colcon.colcon_core.verb:set package 'tuos_ros' build argument 'cmake_clean_cache' from command line to 'False'
[0.153s] Level 5:colcon.colcon_core.verb:set package 'tuos_ros' build argument 'cmake_clean_first' from command line to 'False'
[0.153s] Level 5:colcon.colcon_core.verb:set package 'tuos_ros' build argument 'cmake_force_configure' from command line to 'False'
[0.153s] Level 5:colcon.colcon_core.verb:set package 'tuos_ros' build argument 'ament_cmake_args' from command line to 'None'
[0.153s] Level 5:colcon.colcon_core.verb:set package 'tuos_ros' build argument 'catkin_cmake_args' from command line to 'None'
[0.153s] Level 5:colcon.colcon_core.verb:set package 'tuos_ros' build argument 'catkin_skip_building_tests' from command line to 'False'
[0.153s] DEBUG:colcon.colcon_core.verb:Building package 'tuos_ros' with the following arguments: {'ament_cmake_args': None, 'build_base': '/home/vivaan/Documents/star_project_submissions/Week_0/ros2_ws/build/tuos_ros', 'catkin_cmake_args': None, 'catkin_skip_building_tests': False, 'cmake_args': None, 'cmake_clean_cache': False, 'cmake_clean_first': False, 'cmake_force_configure': False, 'cmake_target': None, 'cmake_target_skip_unavailable': False, 'install_base': '/home/vivaan/Documents/star_project_submissions/Week_0/ros2_ws/install/tuos_ros', 'merge_install': False, 'path': '/home/vivaan/Documents/star_project_submissions/Week_0/ros2_ws/src/tuos_ros/tuos_ros', 'symlink_install': False, 'test_result_base': None}
[0.153s] INFO:colcon.colcon_core.executor:Executing jobs using 'parallel' executor
[0.154s] DEBUG:colcon.colcon_parallel_executor.executor.parallel:run_until_complete
[0.154s] INFO:colcon.colcon_ros.task.ament_cmake.build:Building ROS package in '/home/vivaan/Documents/star_project_submissions/Week_0/ros2_ws/src/tuos_ros/tuos_simulations' with build type 'ament_cmake'
[0.154s] INFO:colcon.colcon_cmake.task.cmake.build:Building CMake package in '/home/vivaan/Documents/star_project_submissions/Week_0/ros2_ws/src/tuos_ros/tuos_simulations'
[0.156s] INFO:colcon.colcon_core.plugin_system:Skipping extension 'colcon_core.shell.bat': Not used on non-Windows systems
[0.156s] INFO:colcon.colcon_core.shell:Skip shell extension 'powershell' for command environment: Not usable outside of PowerShell
[0.156s] DEBUG:colcon.colcon_core.shell:Skip shell extension 'dsv' for command environment
[0.158s] INFO:colcon.colcon_ros.task.ament_cmake.build:Building ROS package in '/home/vivaan/Documents/star_project_submissions/Week_0/ros2_ws/src/tuos_ros/tuos_examples' with build type 'ament_cmake'
[0.158s] INFO:colcon.colcon_cmake.task.cmake.build:Building CMake package in '/home/vivaan/Documents/star_project_submissions/Week_0/ros2_ws/src/tuos_ros/tuos_examples'
[0.158s] INFO:colcon.colcon_core.shell:Skip shell extension 'powershell' for command environment: Not usable outside of PowerShell
[0.158s] DEBUG:colcon.colcon_core.shell:Skip shell extension 'dsv' for command environment
[0.160s] INFO:colcon.colcon_ros.task.ament_cmake.build:Building ROS package in '/home/vivaan/Documents/star_project_submissions/Week_0/ros2_ws/src/tuos_ros/tuos_interfaces' with build type 'ament_cmake'
[0.160s] INFO:colcon.colcon_cmake.task.cmake.build:Building CMake package in '/home/vivaan/Documents/star_project_submissions/Week_0/ros2_ws/src/tuos_ros/tuos_interfaces'
[0.160s] INFO:colcon.colcon_core.shell:Skip shell extension 'powershell' for command environment: Not usable outside of PowerShell
[0.160s] DEBUG:colcon.colcon_core.shell:Skip shell extension 'dsv' for command environment
[0.162s] INFO:colcon.colcon_ros.task.ament_cmake.build:Building ROS package in '/home/vivaan/Documents/star_project_submissions/Week_0/ros2_ws/src/tuos_ros/tuos_tb3_tools' with build type 'ament_cmake'
[0.162s] INFO:colcon.colcon_cmake.task.cmake.build:Building CMake package in '/home/vivaan/Documents/star_project_submissions/Week_0/ros2_ws/src/tuos_ros/tuos_tb3_tools'
[0.162s] INFO:colcon.colcon_core.shell:Skip shell extension 'powershell' for command environment: Not usable outside of PowerShell
[0.162s] DEBUG:colcon.colcon_core.shell:Skip shell extension 'dsv' for command environment
[0.164s] INFO:colcon.colcon_ros.task.ament_cmake.build:Building ROS package in '/home/vivaan/Documents/star_project_submissions/Week_0/ros2_ws/src/part1_pubsub' with build type 'ament_cmake'
[0.164s] INFO:colcon.colcon_cmake.task.cmake.build:Building CMake package in '/home/vivaan/Documents/star_project_submissions/Week_0/ros2_ws/src/part1_pubsub'
[0.164s] INFO:colcon.colcon_core.shell:Skip shell extension 'powershell' for command environment: Not usable outside of PowerShell
[0.164s] DEBUG:colcon.colcon_core.shell:Skip shell extension 'dsv' for command environment
[0.168s] DEBUG:colcon.colcon_core.event_handler.log_command:Invoking command in '/home/vivaan/Documents/star_project_submissions/Week_0/ros2_ws/build/tuos_simulations': CMAKE_PREFIX_PATH=/opt/ros/humble /usr/bin/cmake /home/vivaan/Documents/star_project_submissions/Week_0/ros2_ws/src/tuos_ros/tuos_simulations -DCMAKE_INSTALL_PREFIX=/home/vivaan/Documents/star_project_submissions/Week_0/ros2_ws/install/tuos_simulations
[0.170s] DEBUG:colcon.colcon_core.event_handler.log_command:Invoking command in '/home/vivaan/Documents/star_project_submissions/Week_0/ros2_ws/build/tuos_examples': CMAKE_PREFIX_PATH=/opt/ros/humble /usr/bin/cmake /home/vivaan/Documents/star_project_submissions/Week_0/ros2_ws/src/tuos_ros/tuos_examples -DCMAKE_INSTALL_PREFIX=/home/vivaan/Documents/star_project_submissions/Week_0/ros2_ws/install/tuos_examples
[0.171s] DEBUG:colcon.colcon_core.event_handler.log_command:Invoking command in '/home/vivaan/Documents/star_project_submissions/Week_0/ros2_ws/build/tuos_interfaces': CMAKE_PREFIX_PATH=/opt/ros/humble /usr/bin/cmake /home/vivaan/Documents/star_project_submissions/Week_0/ros2_ws/src/tuos_ros/tuos_interfaces -DCMAKE_INSTALL_PREFIX=/home/vivaan/Documents/star_project_submissions/Week_0/ros2_ws/install/tuos_interfaces
[0.173s] DEBUG:colcon.colcon_core.event_handler.log_command:Invoking command in '/home/vivaan/Documents/star_project_submissions/Week_0/ros2_ws/build/tuos_tb3_tools': CMAKE_PREFIX_PATH=/opt/ros/humble /usr/bin/cmake /home/vivaan/Documents/star_project_submissions/Week_0/ros2_ws/src/tuos_ros/tuos_tb3_tools -DCMAKE_INSTALL_PREFIX=/home/vivaan/Documents/star_project_submissions/Week_0/ros2_ws/install/tuos_tb3_tools
[0.177s] DEBUG:colcon.colcon_core.event_handler.log_command:Invoking command in '/home/vivaan/Documents/star_project_submissions/Week_0/ros2_ws/build/part1_pubsub': CMAKE_PREFIX_PATH=/opt/ros/humble /usr/bin/cmake /home/vivaan/Documents/star_project_submissions/Week_0/ros2_ws/src/part1_pubsub -DCMAKE_INSTALL_PREFIX=/home/vivaan/Documents/star_project_submissions/Week_0/ros2_ws/install/part1_pubsub
[1.194s] DEBUG:colcon.colcon_core.event_handler.log_command:Invoked command in '/home/vivaan/Documents/star_project_submissions/Week_0/ros2_ws/build/tuos_tb3_tools' returned '0': CMAKE_PREFIX_PATH=/opt/ros/humble /usr/bin/cmake /home/vivaan/Documents/star_project_submissions/Week_0/ros2_ws/src/tuos_ros/tuos_tb3_tools -DCMAKE_INSTALL_PREFIX=/home/vivaan/Documents/star_project_submissions/Week_0/ros2_ws/install/tuos_tb3_tools
[1.196s] DEBUG:colcon.colcon_core.event_handler.log_command:Invoking command in '/home/vivaan/Documents/star_project_submissions/Week_0/ros2_ws/build/tuos_tb3_tools': CMAKE_PREFIX_PATH=/opt/ros/humble /usr/bin/cmake --build /home/vivaan/Documents/star_project_submissions/Week_0/ros2_ws/build/tuos_tb3_tools -- -j12 -l12
[1.313s] DEBUG:colcon.colcon_core.event_handler.log_command:Invoked command in '/home/vivaan/Documents/star_project_submissions/Week_0/ros2_ws/build/tuos_simulations' returned '0': CMAKE_PREFIX_PATH=/opt/ros/humble /usr/bin/cmake /home/vivaan/Documents/star_project_submissions/Week_0/ros2_ws/src/tuos_ros/tuos_simulations -DCMAKE_INSTALL_PREFIX=/home/vivaan/Documents/star_project_submissions/Week_0/ros2_ws/install/tuos_simulations
[1.314s] DEBUG:colcon.colcon_core.event_handler.log_command:Invoking command in '/home/vivaan/Documents/star_project_submissions/Week_0/ros2_ws/build/tuos_simulations': CMAKE_PREFIX_PATH=/opt/ros/humble /usr/bin/cmake --build /home/vivaan/Documents/star_project_submissions/Week_0/ros2_ws/build/tuos_simulations -- -j12 -l12
[1.338s] DEBUG:colcon.colcon_core.event_handler.log_command:Invoked command in '/home/vivaan/Documents/star_project_submissions/Week_0/ros2_ws/build/part1_pubsub' returned '0': CMAKE_PREFIX_PATH=/opt/ros/humble /usr/bin/cmake /home/vivaan/Documents/star_project_submissions/Week_0/ros2_ws/src/part1_pubsub -DCMAKE_INSTALL_PREFIX=/home/vivaan/Documents/star_project_submissions/Week_0/ros2_ws/install/part1_pubsub
[1.339s] DEBUG:colcon.colcon_core.event_handler.log_command:Invoking command in '/home/vivaan/Documents/star_project_submissions/Week_0/ros2_ws/build/part1_pubsub': CMAKE_PREFIX_PATH=/opt/ros/humble /usr/bin/cmake --build /home/vivaan/Documents/star_project_submissions/Week_0/ros2_ws/build/part1_pubsub -- -j12 -l12
[1.356s] DEBUG:colcon.colcon_core.event_handler.log_command:Invoked command in '/home/vivaan/Documents/star_project_submissions/Week_0/ros2_ws/build/tuos_simulations' returned '0': CMAKE_PREFIX_PATH=/opt/ros/humble /usr/bin/cmake --build /home/vivaan/Documents/star_project_submissions/Week_0/ros2_ws/build/tuos_simulations -- -j12 -l12
[1.366s] DEBUG:colcon.colcon_core.event_handler.log_command:Invoking command in '/home/vivaan/Documents/star_project_submissions/Week_0/ros2_ws/build/tuos_simulations': CMAKE_PREFIX_PATH=/opt/ros/humble /usr/bin/cmake --install /home/vivaan/Documents/star_project_submissions/Week_0/ros2_ws/build/tuos_simulations
[1.367s] DEBUG:colcon.colcon_core.event_handler.log_command:Invoked command in '/home/vivaan/Documents/star_project_submissions/Week_0/ros2_ws/build/tuos_examples' returned '0': CMAKE_PREFIX_PATH=/opt/ros/humble /usr/bin/cmake /home/vivaan/Documents/star_project_submissions/Week_0/ros2_ws/src/tuos_ros/tuos_examples -DCMAKE_INSTALL_PREFIX=/home/vivaan/Documents/star_project_submissions/Week_0/ros2_ws/install/tuos_examples
[1.368s] DEBUG:colcon.colcon_core.event_handler.log_command:Invoking command in '/home/vivaan/Documents/star_project_submissions/Week_0/ros2_ws/build/tuos_examples': CMAKE_PREFIX_PATH=/opt/ros/humble /usr/bin/cmake --build /home/vivaan/Documents/star_project_submissions/Week_0/ros2_ws/build/tuos_examples -- -j12 -l12
[1.379s] Level 1:colcon.colcon_core.environment:create_environment_scripts_only(tuos_simulations)
[1.383s] DEBUG:colcon.colcon_core.event_handler.log_command:Invoked command in '/home/vivaan/Documents/star_project_submissions/Week_0/ros2_ws/build/tuos_simulations' returned '0': CMAKE_PREFIX_PATH=/opt/ros/humble /usr/bin/cmake --install /home/vivaan/Documents/star_project_submissions/Week_0/ros2_ws/build/tuos_simulations
[1.384s] Level 1:colcon.colcon_core.environment:checking '/home/vivaan/Documents/star_project_submissions/Week_0/ros2_ws/install/tuos_simulations' for CMake module files
[1.385s] Level 1:colcon.colcon_core.environment:checking '/home/vivaan/Documents/star_project_submissions/Week_0/ros2_ws/install/tuos_simulations' for CMake config files
[1.386s] Level 1:colcon.colcon_core.shell:create_environment_hook('tuos_simulations', 'cmake_prefix_path')
[1.386s] INFO:colcon.colcon_core.shell:Creating environment hook '/home/vivaan/Documents/star_project_submissions/Week_0/ros2_ws/install/tuos_simulations/share/tuos_simulations/hook/cmake_prefix_path.ps1'
[1.387s] INFO:colcon.colcon_core.shell:Creating environment descriptor '/home/vivaan/Documents/star_project_submissions/Week_0/ros2_ws/install/tuos_simulations/share/tuos_simulations/hook/cmake_prefix_path.dsv'
[1.387s] INFO:colcon.colcon_core.shell:Creating environment hook '/home/vivaan/Documents/star_project_submissions/Week_0/ros2_ws/install/tuos_simulations/share/tuos_simulations/hook/cmake_prefix_path.sh'
[1.388s] Level 1:colcon.colcon_core.environment:checking '/home/vivaan/Documents/star_project_submissions/Week_0/ros2_ws/install/tuos_simulations/bin'
[1.388s] Level 1:colcon.colcon_core.environment:checking '/home/vivaan/Documents/star_project_submissions/Week_0/ros2_ws/install/tuos_simulations/lib/pkgconfig/tuos_simulations.pc'
[1.389s] Level 1:colcon.colcon_core.environment:checking '/home/vivaan/Documents/star_project_submissions/Week_0/ros2_ws/install/tuos_simulations/lib/python3.10/site-packages'
[1.389s] Level 1:colcon.colcon_core.environment:checking '/home/vivaan/Documents/star_project_submissions/Week_0/ros2_ws/install/tuos_simulations/bin'
[1.389s] INFO:colcon.colcon_core.shell:Creating package script '/home/vivaan/Documents/star_project_submissions/Week_0/ros2_ws/install/tuos_simulations/share/tuos_simulations/package.ps1'
[1.391s] INFO:colcon.colcon_core.shell:Creating package descriptor '/home/vivaan/Documents/star_project_submissions/Week_0/ros2_ws/install/tuos_simulations/share/tuos_simulations/package.dsv'
[1.391s] INFO:colcon.colcon_core.shell:Creating package script '/home/vivaan/Documents/star_project_submissions/Week_0/ros2_ws/install/tuos_simulations/share/tuos_simulations/package.sh'
[1.392s] INFO:colcon.colcon_core.shell:Creating package script '/home/vivaan/Documents/star_project_submissions/Week_0/ros2_ws/install/tuos_simulations/share/tuos_simulations/package.bash'
[1.393s] INFO:colcon.colcon_core.shell:Creating package script '/home/vivaan/Documents/star_project_submissions/Week_0/ros2_ws/install/tuos_simulations/share/tuos_simulations/package.zsh'
[1.394s] Level 1:colcon.colcon_core.environment:create_file_with_runtime_dependencies(/home/vivaan/Documents/star_project_submissions/Week_0/ros2_ws/install/tuos_simulations/share/colcon-core/packages/tuos_simulations)
[1.394s] Level 1:colcon.colcon_core.environment:create_environment_scripts_only(tuos_simulations)
[1.395s] Level 1:colcon.colcon_core.environment:checking '/home/vivaan/Documents/star_project_submissions/Week_0/ros2_ws/install/tuos_simulations' for CMake module files
[1.395s] Level 1:colcon.colcon_core.environment:checking '/home/vivaan/Documents/star_project_submissions/Week_0/ros2_ws/install/tuos_simulations' for CMake config files
[1.396s] Level 1:colcon.colcon_core.shell:create_environment_hook('tuos_simulations', 'cmake_prefix_path')
[1.396s] INFO:colcon.colcon_core.shell:Creating environment hook '/home/vivaan/Documents/star_project_submissions/Week_0/ros2_ws/install/tuos_simulations/share/tuos_simulations/hook/cmake_prefix_path.ps1'
[1.396s] INFO:colcon.colcon_core.shell:Creating environment descriptor '/home/vivaan/Documents/star_project_submissions/Week_0/ros2_ws/install/tuos_simulations/share/tuos_simulations/hook/cmake_prefix_path.dsv'
[1.397s] INFO:colcon.colcon_core.shell:Creating environment hook '/home/vivaan/Documents/star_project_submissions/Week_0/ros2_ws/install/tuos_simulations/share/tuos_simulations/hook/cmake_prefix_path.sh'
[1.397s] Level 1:colcon.colcon_core.environment:checking '/home/vivaan/Documents/star_project_submissions/Week_0/ros2_ws/install/tuos_simulations/bin'
[1.397s] Level 1:colcon.colcon_core.environment:checking '/home/vivaan/Documents/star_project_submissions/Week_0/ros2_ws/install/tuos_simulations/lib/pkgconfig/tuos_simulations.pc'
[1.398s] Level 1:colcon.colcon_core.environment:checking '/home/vivaan/Documents/star_project_submissions/Week_0/ros2_ws/install/tuos_simulations/lib/python3.10/site-packages'
[1.398s] Level 1:colcon.colcon_core.environment:checking '/home/vivaan/Documents/star_project_submissions/Week_0/ros2_ws/install/tuos_simulations/bin'
[1.398s] INFO:colcon.colcon_core.shell:Creating package script '/home/vivaan/Documents/star_project_submissions/Week_0/ros2_ws/install/tuos_simulations/share/tuos_simulations/package.ps1'
[1.399s] INFO:colcon.colcon_core.shell:Creating package descriptor '/home/vivaan/Documents/star_project_submissions/Week_0/ros2_ws/install/tuos_simulations/share/tuos_simulations/package.dsv'
[1.400s] INFO:colcon.colcon_core.shell:Creating package script '/home/vivaan/Documents/star_project_submissions/Week_0/ros2_ws/install/tuos_simulations/share/tuos_simulations/package.sh'
[1.400s] INFO:colcon.colcon_core.shell:Creating package script '/home/vivaan/Documents/star_project_submissions/Week_0/ros2_ws/install/tuos_simulations/share/tuos_simulations/package.bash'
[1.400s] INFO:colcon.colcon_core.shell:Creating package script '/home/vivaan/Documents/star_project_submissions/Week_0/ros2_ws/install/tuos_simulations/share/tuos_simulations/package.zsh'
[1.401s] Level 1:colcon.colcon_core.environment:create_file_with_runtime_dependencies(/home/vivaan/Documents/star_project_submissions/Week_0/ros2_ws/install/tuos_simulations/share/colcon-core/packages/tuos_simulations)
[1.401s] INFO:colcon.colcon_ros.task.ament_cmake.build:Building ROS package in '/home/vivaan/Documents/star_project_submissions/Week_0/ros2_ws/src/tuos_ros/com2009_simulations' with build type 'ament_cmake'
[1.401s] INFO:colcon.colcon_cmake.task.cmake.build:Building CMake package in '/home/vivaan/Documents/star_project_submissions/Week_0/ros2_ws/src/tuos_ros/com2009_simulations'
[1.401s] INFO:colcon.colcon_core.shell:Skip shell extension 'powershell' for command environment: Not usable outside of PowerShell
[1.401s] DEBUG:colcon.colcon_core.shell:Skip shell extension 'dsv' for command environment
[1.409s] DEBUG:colcon.colcon_core.event_handler.log_command:Invoking command in '/home/vivaan/Documents/star_project_submissions/Week_0/ros2_ws/build/com2009_simulations': AMENT_PREFIX_PATH=/home/vivaan/Documents/star_project_submissions/Week_0/ros2_ws/install/tuos_simulations:${AMENT_PREFIX_PATH} CMAKE_PREFIX_PATH=/home/vivaan/Documents/star_project_submissions/Week_0/ros2_ws/install/tuos_simulations:/opt/ros/humble /usr/bin/cmake /home/vivaan/Documents/star_project_submissions/Week_0/ros2_ws/src/tuos_ros/com2009_simulations -DCMAKE_INSTALL_PREFIX=/home/vivaan/Documents/star_project_submissions/Week_0/ros2_ws/install/com2009_simulations
[1.602s] DEBUG:colcon.colcon_core.event_handler.log_command:Invoked command in '/home/vivaan/Documents/star_project_submissions/Week_0/ros2_ws/build/part1_pubsub' returned '0': CMAKE_PREFIX_PATH=/opt/ros/humble /usr/bin/cmake --build /home/vivaan/Documents/star_project_submissions/Week_0/ros2_ws/build/part1_pubsub -- -j12 -l12
[1.603s] DEBUG:colcon.colcon_core.event_handler.log_command:Invoking command in '/home/vivaan/Documents/star_project_submissions/Week_0/ros2_ws/build/part1_pubsub': CMAKE_PREFIX_PATH=/opt/ros/humble /usr/bin/cmake --install /home/vivaan/Documents/star_project_submissions/Week_0/ros2_ws/build/part1_pubsub
[1.643s] DEBUG:colcon.colcon_core.event_handler.log_command:Invoked command in '/home/vivaan/Documents/star_project_submissions/Week_0/ros2_ws/build/tuos_interfaces' returned '0': CMAKE_PREFIX_PATH=/opt/ros/humble /usr/bin/cmake /home/vivaan/Documents/star_project_submissions/Week_0/ros2_ws/src/tuos_ros/tuos_interfaces -DCMAKE_INSTALL_PREFIX=/home/vivaan/Documents/star_project_submissions/Week_0/ros2_ws/install/tuos_interfaces
[1.644s] DEBUG:colcon.colcon_core.event_handler.log_command:Invoking command in '/home/vivaan/Documents/star_project_submissions/Week_0/ros2_ws/build/tuos_interfaces': CMAKE_PREFIX_PATH=/opt/ros/humble /usr/bin/cmake --build /home/vivaan/Documents/star_project_submissions/Week_0/ros2_ws/build/tuos_interfaces -- -j12 -l12
[1.645s] Level 1:colcon.colcon_core.environment:create_environment_scripts_only(part1_pubsub)
[1.645s] Level 1:colcon.colcon_core.environment:checking '/home/vivaan/Documents/star_project_submissions/Week_0/ros2_ws/install/part1_pubsub' for CMake module files
[1.646s] DEBUG:colcon.colcon_core.event_handler.log_command:Invoked command in '/home/vivaan/Documents/star_project_submissions/Week_0/ros2_ws/build/part1_pubsub' returned '0': CMAKE_PREFIX_PATH=/opt/ros/humble /usr/bin/cmake --install /home/vivaan/Documents/star_project_submissions/Week_0/ros2_ws/build/part1_pubsub
[1.646s] Level 1:colcon.colcon_core.environment:checking '/home/vivaan/Documents/star_project_submissions/Week_0/ros2_ws/install/part1_pubsub' for CMake config files
[1.646s] Level 1:colcon.colcon_core.shell:create_environment_hook('part1_pubsub', 'cmake_prefix_path')
[1.646s] INFO:colcon.colcon_core.shell:Creating environment hook '/home/vivaan/Documents/star_project_submissions/Week_0/ros2_ws/install/part1_pubsub/share/part1_pubsub/hook/cmake_prefix_path.ps1'
[1.647s] INFO:colcon.colcon_core.shell:Creating environment descriptor '/home/vivaan/Documents/star_project_submissions/Week_0/ros2_ws/install/part1_pubsub/share/part1_pubsub/hook/cmake_prefix_path.dsv'
[1.647s] INFO:colcon.colcon_core.shell:Creating environment hook '/home/vivaan/Documents/star_project_submissions/Week_0/ros2_ws/install/part1_pubsub/share/part1_pubsub/hook/cmake_prefix_path.sh'
[1.648s] Level 1:colcon.colcon_core.environment:checking '/home/vivaan/Documents/star_project_submissions/Week_0/ros2_ws/install/part1_pubsub/lib'
[1.648s] Level 1:colcon.colcon_core.environment:checking '/home/vivaan/Documents/star_project_submissions/Week_0/ros2_ws/install/part1_pubsub/bin'
[1.648s] Level 1:colcon.colcon_core.environment:checking '/home/vivaan/Documents/star_project_submissions/Week_0/ros2_ws/install/part1_pubsub/lib/pkgconfig/part1_pubsub.pc'
[1.648s] Level 1:colcon.colcon_core.environment:checking '/home/vivaan/Documents/star_project_submissions/Week_0/ros2_ws/install/part1_pubsub/lib/python3.10/site-packages'
[1.648s] Level 1:colcon.colcon_core.environment:checking '/home/vivaan/Documents/star_project_submissions/Week_0/ros2_ws/install/part1_pubsub/bin'
[1.649s] INFO:colcon.colcon_core.shell:Creating package script '/home/vivaan/Documents/star_project_submissions/Week_0/ros2_ws/install/part1_pubsub/share/part1_pubsub/package.ps1'
[1.649s] INFO:colcon.colcon_core.shell:Creating package descriptor '/home/vivaan/Documents/star_project_submissions/Week_0/ros2_ws/install/part1_pubsub/share/part1_pubsub/package.dsv'
[1.649s] INFO:colcon.colcon_core.shell:Creating package script '/home/vivaan/Documents/star_project_submissions/Week_0/ros2_ws/install/part1_pubsub/share/part1_pubsub/package.sh'
[1.649s] INFO:colcon.colcon_core.shell:Creating package script '/home/vivaan/Documents/star_project_submissions/Week_0/ros2_ws/install/part1_pubsub/share/part1_pubsub/package.bash'
[1.650s] INFO:colcon.colcon_core.shell:Creating package script '/home/vivaan/Documents/star_project_submissions/Week_0/ros2_ws/install/part1_pubsub/share/part1_pubsub/package.zsh'
[1.650s] Level 1:colcon.colcon_core.environment:create_file_with_runtime_dependencies(/home/vivaan/Documents/star_project_submissions/Week_0/ros2_ws/install/part1_pubsub/share/colcon-core/packages/part1_pubsub)
[1.650s] Level 1:colcon.colcon_core.environment:create_environment_scripts_only(part1_pubsub)
[1.651s] Level 1:colcon.colcon_core.environment:checking '/home/vivaan/Documents/star_project_submissions/Week_0/ros2_ws/install/part1_pubsub' for CMake module files
[1.651s] Level 1:colcon.colcon_core.environment:checking '/home/vivaan/Documents/star_project_submissions/Week_0/ros2_ws/install/part1_pubsub' for CMake config files
[1.651s] Level 1:colcon.colcon_core.shell:create_environment_hook('part1_pubsub', 'cmake_prefix_path')
[1.651s] INFO:colcon.colcon_core.shell:Creating environment hook '/home/vivaan/Documents/star_project_submissions/Week_0/ros2_ws/install/part1_pubsub/share/part1_pubsub/hook/cmake_prefix_path.ps1'
[1.651s] INFO:colcon.colcon_core.shell:Creating environment descriptor '/home/vivaan/Documents/star_project_submissions/Week_0/ros2_ws/install/part1_pubsub/share/part1_pubsub/hook/cmake_prefix_path.dsv'
[1.652s] INFO:colcon.colcon_core.shell:Creating environment hook '/home/vivaan/Documents/star_project_submissions/Week_0/ros2_ws/install/part1_pubsub/share/part1_pubsub/hook/cmake_prefix_path.sh'
[1.652s] Level 1:colcon.colcon_core.environment:checking '/home/vivaan/Documents/star_project_submissions/Week_0/ros2_ws/install/part1_pubsub/lib'
[1.652s] Level 1:colcon.colcon_core.environment:checking '/home/vivaan/Documents/star_project_submissions/Week_0/ros2_ws/install/part1_pubsub/bin'
[1.652s] Level 1:colcon.colcon_core.environment:checking '/home/vivaan/Documents/star_project_submissions/Week_0/ros2_ws/install/part1_pubsub/lib/pkgconfig/part1_pubsub.pc'
[1.652s] Level 1:colcon.colcon_core.environment:checking '/home/vivaan/Documents/star_project_submissions/Week_0/ros2_ws/install/part1_pubsub/lib/python3.10/site-packages'
[1.652s] Level 1:colcon.colcon_core.environment:checking '/home/vivaan/Documents/star_project_submissions/Week_0/ros2_ws/install/part1_pubsub/bin'
[1.653s] INFO:colcon.colcon_core.shell:Creating package script '/home/vivaan/Documents/star_project_submissions/Week_0/ros2_ws/install/part1_pubsub/share/part1_pubsub/package.ps1'
[1.653s] INFO:colcon.colcon_core.shell:Creating package descriptor '/home/vivaan/Documents/star_project_submissions/Week_0/ros2_ws/install/part1_pubsub/share/part1_pubsub/package.dsv'
[1.653s] INFO:colcon.colcon_core.shell:Creating package script '/home/vivaan/Documents/star_project_submissions/Week_0/ros2_ws/install/part1_pubsub/share/part1_pubsub/package.sh'
[1.654s] INFO:colcon.colcon_core.shell:Creating package script '/home/vivaan/Documents/star_project_submissions/Week_0/ros2_ws/install/part1_pubsub/share/part1_pubsub/package.bash'
[1.654s] INFO:colcon.colcon_core.shell:Creating package script '/home/vivaan/Documents/star_project_submissions/Week_0/ros2_ws/install/part1_pubsub/share/part1_pubsub/package.zsh'
[1.654s] Level 1:colcon.colcon_core.environment:create_file_with_runtime_dependencies(/home/vivaan/Documents/star_project_submissions/Week_0/ros2_ws/install/part1_pubsub/share/colcon-core/packages/part1_pubsub)
[3.035s] DEBUG:colcon.colcon_core.event_handler.log_command:Invoked command in '/home/vivaan/Documents/star_project_submissions/Week_0/ros2_ws/build/com2009_simulations' returned '0': AMENT_PREFIX_PATH=/home/vivaan/Documents/star_project_submissions/Week_0/ros2_ws/install/tuos_simulations:${AMENT_PREFIX_PATH} CMAKE_PREFIX_PATH=/home/vivaan/Documents/star_project_submissions/Week_0/ros2_ws/install/tuos_simulations:/opt/ros/humble /usr/bin/cmake /home/vivaan/Documents/star_project_submissions/Week_0/ros2_ws/src/tuos_ros/com2009_simulations -DCMAKE_INSTALL_PREFIX=/home/vivaan/Documents/star_project_submissions/Week_0/ros2_ws/install/com2009_simulations
[3.035s] DEBUG:colcon.colcon_core.event_handler.log_command:Invoking command in '/home/vivaan/Documents/star_project_submissions/Week_0/ros2_ws/build/com2009_simulations': AMENT_PREFIX_PATH=/home/vivaan/Documents/star_project_submissions/Week_0/ros2_ws/install/tuos_simulations:${AMENT_PREFIX_PATH} CMAKE_PREFIX_PATH=/home/vivaan/Documents/star_project_submissions/Week_0/ros2_ws/install/tuos_simulations:/opt/ros/humble /usr/bin/cmake --build /home/vivaan/Documents/star_project_submissions/Week_0/ros2_ws/build/com2009_simulations -- -j12 -l12
[3.097s] DEBUG:colcon.colcon_core.event_handler.log_command:Invoked command in '/home/vivaan/Documents/star_project_submissions/Week_0/ros2_ws/build/com2009_simulations' returned '0': AMENT_PREFIX_PATH=/home/vivaan/Documents/star_project_submissions/Week_0/ros2_ws/install/tuos_simulations:${AMENT_PREFIX_PATH} CMAKE_PREFIX_PATH=/home/vivaan/Documents/star_project_submissions/Week_0/ros2_ws/install/tuos_simulations:/opt/ros/humble /usr/bin/cmake --build /home/vivaan/Documents/star_project_submissions/Week_0/ros2_ws/build/com2009_simulations -- -j12 -l12
[3.098s] DEBUG:colcon.colcon_core.event_handler.log_command:Invoking command in '/home/vivaan/Documents/star_project_submissions/Week_0/ros2_ws/build/com2009_simulations': AMENT_PREFIX_PATH=/home/vivaan/Documents/star_project_submissions/Week_0/ros2_ws/install/tuos_simulations:${AMENT_PREFIX_PATH} CMAKE_PREFIX_PATH=/home/vivaan/Documents/star_project_submissions/Week_0/ros2_ws/install/tuos_simulations:/opt/ros/humble /usr/bin/cmake --install /home/vivaan/Documents/star_project_submissions/Week_0/ros2_ws/build/com2009_simulations
[3.115s] Level 1:colcon.colcon_core.environment:create_environment_scripts_only(com2009_simulations)
[3.115s] Level 1:colcon.colcon_core.environment:checking '/home/vivaan/Documents/star_project_submissions/Week_0/ros2_ws/install/com2009_simulations' for CMake module files
[3.115s] DEBUG:colcon.colcon_core.event_handler.log_command:Invoked command in '/home/vivaan/Documents/star_project_submissions/Week_0/ros2_ws/build/com2009_simulations' returned '0': AMENT_PREFIX_PATH=/home/vivaan/Documents/star_project_submissions/Week_0/ros2_ws/install/tuos_simulations:${AMENT_PREFIX_PATH} CMAKE_PREFIX_PATH=/home/vivaan/Documents/star_project_submissions/Week_0/ros2_ws/install/tuos_simulations:/opt/ros/humble /usr/bin/cmake --install /home/vivaan/Documents/star_project_submissions/Week_0/ros2_ws/build/com2009_simulations
[3.116s] Level 1:colcon.colcon_core.environment:checking '/home/vivaan/Documents/star_project_submissions/Week_0/ros2_ws/install/com2009_simulations' for CMake config files
[3.116s] Level 1:colcon.colcon_core.shell:create_environment_hook('com2009_simulations', 'cmake_prefix_path')
[3.116s] INFO:colcon.colcon_core.shell:Creating environment hook '/home/vivaan/Documents/star_project_submissions/Week_0/ros2_ws/install/com2009_simulations/share/com2009_simulations/hook/cmake_prefix_path.ps1'
[3.117s] INFO:colcon.colcon_core.shell:Creating environment descriptor '/home/vivaan/Documents/star_project_submissions/Week_0/ros2_ws/install/com2009_simulations/share/com2009_simulations/hook/cmake_prefix_path.dsv'
[3.117s] INFO:colcon.colcon_core.shell:Creating environment hook '/home/vivaan/Documents/star_project_submissions/Week_0/ros2_ws/install/com2009_simulations/share/com2009_simulations/hook/cmake_prefix_path.sh'
[3.117s] Level 1:colcon.colcon_core.environment:checking '/home/vivaan/Documents/star_project_submissions/Week_0/ros2_ws/install/com2009_simulations/bin'
[3.117s] Level 1:colcon.colcon_core.environment:checking '/home/vivaan/Documents/star_project_submissions/Week_0/ros2_ws/install/com2009_simulations/lib/pkgconfig/com2009_simulations.pc'
[3.118s] Level 1:colcon.colcon_core.environment:checking '/home/vivaan/Documents/star_project_submissions/Week_0/ros2_ws/install/com2009_simulations/lib/python3.10/site-packages'
[3.118s] Level 1:colcon.colcon_core.environment:checking '/home/vivaan/Documents/star_project_submissions/Week_0/ros2_ws/install/com2009_simulations/bin'
[3.118s] INFO:colcon.colcon_core.shell:Creating package script '/home/vivaan/Documents/star_project_submissions/Week_0/ros2_ws/install/com2009_simulations/share/com2009_simulations/package.ps1'
[3.119s] INFO:colcon.colcon_core.shell:Creating package descriptor '/home/vivaan/Documents/star_project_submissions/Week_0/ros2_ws/install/com2009_simulations/share/com2009_simulations/package.dsv'
[3.119s] INFO:colcon.colcon_core.shell:Creating package script '/home/vivaan/Documents/star_project_submissions/Week_0/ros2_ws/install/com2009_simulations/share/com2009_simulations/package.sh'
[3.119s] INFO:colcon.colcon_core.shell:Creating package script '/home/vivaan/Documents/star_project_submissions/Week_0/ros2_ws/install/com2009_simulations/share/com2009_simulations/package.bash'
[3.119s] INFO:colcon.colcon_core.shell:Creating package script '/home/vivaan/Documents/star_project_submissions/Week_0/ros2_ws/install/com2009_simulations/share/com2009_simulations/package.zsh'
[3.120s] Level 1:colcon.colcon_core.environment:create_file_with_runtime_dependencies(/home/vivaan/Documents/star_project_submissions/Week_0/ros2_ws/install/com2009_simulations/share/colcon-core/packages/com2009_simulations)
[3.120s] Level 1:colcon.colcon_core.environment:create_environment_scripts_only(com2009_simulations)
[3.120s] Level 1:colcon.colcon_core.environment:checking '/home/vivaan/Documents/star_project_submissions/Week_0/ros2_ws/install/com2009_simulations' for CMake module files
[3.121s] Level 1:colcon.colcon_core.environment:checking '/home/vivaan/Documents/star_project_submissions/Week_0/ros2_ws/install/com2009_simulations' for CMake config files
[3.121s] Level 1:colcon.colcon_core.shell:create_environment_hook('com2009_simulations', 'cmake_prefix_path')
[3.121s] INFO:colcon.colcon_core.shell:Creating environment hook '/home/vivaan/Documents/star_project_submissions/Week_0/ros2_ws/install/com2009_simulations/share/com2009_simulations/hook/cmake_prefix_path.ps1'
[3.122s] INFO:colcon.colcon_core.shell:Creating environment descriptor '/home/vivaan/Documents/star_project_submissions/Week_0/ros2_ws/install/com2009_simulations/share/com2009_simulations/hook/cmake_prefix_path.dsv'
[3.122s] INFO:colcon.colcon_core.shell:Creating environment hook '/home/vivaan/Documents/star_project_submissions/Week_0/ros2_ws/install/com2009_simulations/share/com2009_simulations/hook/cmake_prefix_path.sh'
[3.122s] Level 1:colcon.colcon_core.environment:checking '/home/vivaan/Documents/star_project_submissions/Week_0/ros2_ws/install/com2009_simulations/bin'
[3.122s] Level 1:colcon.colcon_core.environment:checking '/home/vivaan/Documents/star_project_submissions/Week_0/ros2_ws/install/com2009_simulations/lib/pkgconfig/com2009_simulations.pc'
[3.122s] Level 1:colcon.colcon_core.environment:checking '/home/vivaan/Documents/star_project_submissions/Week_0/ros2_ws/install/com2009_simulations/lib/python3.10/site-packages'
[3.123s] Level 1:colcon.colcon_core.environment:checking '/home/vivaan/Documents/star_project_submissions/Week_0/ros2_ws/install/com2009_simulations/bin'
[3.123s] INFO:colcon.colcon_core.shell:Creating package script '/home/vivaan/Documents/star_project_submissions/Week_0/ros2_ws/install/com2009_simulations/share/com2009_simulations/package.ps1'
[3.123s] INFO:colcon.colcon_core.shell:Creating package descriptor '/home/vivaan/Documents/star_project_submissions/Week_0/ros2_ws/install/com2009_simulations/share/com2009_simulations/package.dsv'
[3.124s] INFO:colcon.colcon_core.shell:Creating package script '/home/vivaan/Documents/star_project_submissions/Week_0/ros2_ws/install/com2009_simulations/share/com2009_simulations/package.sh'
[3.124s] INFO:colcon.colcon_core.shell:Creating package script '/home/vivaan/Documents/star_project_submissions/Week_0/ros2_ws/install/com2009_simulations/share/com2009_simulations/package.bash'
[3.124s] INFO:colcon.colcon_core.shell:Creating package script '/home/vivaan/Documents/star_project_submissions/Week_0/ros2_ws/install/com2009_simulations/share/com2009_simulations/package.zsh'
[3.125s] Level 1:colcon.colcon_core.environment:create_file_with_runtime_dependencies(/home/vivaan/Documents/star_project_submissions/Week_0/ros2_ws/install/com2009_simulations/share/colcon-core/packages/com2009_simulations)
[3.814s] DEBUG:colcon.colcon_core.event_handler.log_command:Invoked command in '/home/vivaan/Documents/star_project_submissions/Week_0/ros2_ws/build/tuos_tb3_tools' returned '0': CMAKE_PREFIX_PATH=/opt/ros/humble /usr/bin/cmake --build /home/vivaan/Documents/star_project_submissions/Week_0/ros2_ws/build/tuos_tb3_tools -- -j12 -l12
[3.816s] DEBUG:colcon.colcon_core.event_handler.log_command:Invoking command in '/home/vivaan/Documents/star_project_submissions/Week_0/ros2_ws/build/tuos_tb3_tools': CMAKE_PREFIX_PATH=/opt/ros/humble /usr/bin/cmake --install /home/vivaan/Documents/star_project_submissions/Week_0/ros2_ws/build/tuos_tb3_tools
[3.824s] Level 1:colcon.colcon_core.environment:create_environment_scripts_only(tuos_tb3_tools)
[3.824s] Level 1:colcon.colcon_core.environment:checking '/home/vivaan/Documents/star_project_submissions/Week_0/ros2_ws/install/tuos_tb3_tools' for CMake module files
[3.825s] DEBUG:colcon.colcon_core.event_handler.log_command:Invoked command in '/home/vivaan/Documents/star_project_submissions/Week_0/ros2_ws/build/tuos_tb3_tools' returned '0': CMAKE_PREFIX_PATH=/opt/ros/humble /usr/bin/cmake --install /home/vivaan/Documents/star_project_submissions/Week_0/ros2_ws/build/tuos_tb3_tools
[3.825s] Level 1:colcon.colcon_core.environment:checking '/home/vivaan/Documents/star_project_submissions/Week_0/ros2_ws/install/tuos_tb3_tools' for CMake config files
[3.826s] Level 1:colcon.colcon_core.shell:create_environment_hook('tuos_tb3_tools', 'cmake_prefix_path')
[3.826s] INFO:colcon.colcon_core.shell:Creating environment hook '/home/vivaan/Documents/star_project_submissions/Week_0/ros2_ws/install/tuos_tb3_tools/share/tuos_tb3_tools/hook/cmake_prefix_path.ps1'
[3.827s] INFO:colcon.colcon_core.shell:Creating environment descriptor '/home/vivaan/Documents/star_project_submissions/Week_0/ros2_ws/install/tuos_tb3_tools/share/tuos_tb3_tools/hook/cmake_prefix_path.dsv'
[3.827s] INFO:colcon.colcon_core.shell:Creating environment hook '/home/vivaan/Documents/star_project_submissions/Week_0/ros2_ws/install/tuos_tb3_tools/share/tuos_tb3_tools/hook/cmake_prefix_path.sh'
[3.827s] Level 1:colcon.colcon_core.environment:checking '/home/vivaan/Documents/star_project_submissions/Week_0/ros2_ws/install/tuos_tb3_tools/lib'
[3.828s] Level 1:colcon.colcon_core.environment:checking '/home/vivaan/Documents/star_project_submissions/Week_0/ros2_ws/install/tuos_tb3_tools/bin'
[3.828s] Level 1:colcon.colcon_core.environment:checking '/home/vivaan/Documents/star_project_submissions/Week_0/ros2_ws/install/tuos_tb3_tools/lib/pkgconfig/tuos_tb3_tools.pc'
[3.828s] Level 1:colcon.colcon_core.environment:checking '/home/vivaan/Documents/star_project_submissions/Week_0/ros2_ws/install/tuos_tb3_tools/lib/python3.10/site-packages'
[3.828s] Level 1:colcon.colcon_core.environment:checking '/home/vivaan/Documents/star_project_submissions/Week_0/ros2_ws/install/tuos_tb3_tools/bin'
[3.829s] INFO:colcon.colcon_core.shell:Creating package script '/home/vivaan/Documents/star_project_submissions/Week_0/ros2_ws/install/tuos_tb3_tools/share/tuos_tb3_tools/package.ps1'
[3.829s] INFO:colcon.colcon_core.shell:Creating package descriptor '/home/vivaan/Documents/star_project_submissions/Week_0/ros2_ws/install/tuos_tb3_tools/share/tuos_tb3_tools/package.dsv'
[3.830s] INFO:colcon.colcon_core.shell:Creating package script '/home/vivaan/Documents/star_project_submissions/Week_0/ros2_ws/install/tuos_tb3_tools/share/tuos_tb3_tools/package.sh'
[3.830s] INFO:colcon.colcon_core.shell:Creating package script '/home/vivaan/Documents/star_project_submissions/Week_0/ros2_ws/install/tuos_tb3_tools/share/tuos_tb3_tools/package.bash'
[3.831s] INFO:colcon.colcon_core.shell:Creating package script '/home/vivaan/Documents/star_project_submissions/Week_0/ros2_ws/install/tuos_tb3_tools/share/tuos_tb3_tools/package.zsh'
[3.831s] Level 1:colcon.colcon_core.environment:create_file_with_runtime_dependencies(/home/vivaan/Documents/star_project_submissions/Week_0/ros2_ws/install/tuos_tb3_tools/share/colcon-core/packages/tuos_tb3_tools)
[3.832s] Level 1:colcon.colcon_core.environment:create_environment_scripts_only(tuos_tb3_tools)
[3.832s] Level 1:colcon.colcon_core.environment:checking '/home/vivaan/Documents/star_project_submissions/Week_0/ros2_ws/install/tuos_tb3_tools' for CMake module files
[3.832s] Level 1:colcon.colcon_core.environment:checking '/home/vivaan/Documents/star_project_submissions/Week_0/ros2_ws/install/tuos_tb3_tools' for CMake config files
[3.833s] Level 1:colcon.colcon_core.shell:create_environment_hook('tuos_tb3_tools', 'cmake_prefix_path')
[3.833s] INFO:colcon.colcon_core.shell:Creating environment hook '/home/vivaan/Documents/star_project_submissions/Week_0/ros2_ws/install/tuos_tb3_tools/share/tuos_tb3_tools/hook/cmake_prefix_path.ps1'
[3.833s] INFO:colcon.colcon_core.shell:Creating environment descriptor '/home/vivaan/Documents/star_project_submissions/Week_0/ros2_ws/install/tuos_tb3_tools/share/tuos_tb3_tools/hook/cmake_prefix_path.dsv'
[3.834s] INFO:colcon.colcon_core.shell:Creating environment hook '/home/vivaan/Documents/star_project_submissions/Week_0/ros2_ws/install/tuos_tb3_tools/share/tuos_tb3_tools/hook/cmake_prefix_path.sh'
[3.834s] Level 1:colcon.colcon_core.environment:checking '/home/vivaan/Documents/star_project_submissions/Week_0/ros2_ws/install/tuos_tb3_tools/lib'
[3.834s] Level 1:colcon.colcon_core.environment:checking '/home/vivaan/Documents/star_project_submissions/Week_0/ros2_ws/install/tuos_tb3_tools/bin'
[3.834s] Level 1:colcon.colcon_core.environment:checking '/home/vivaan/Documents/star_project_submissions/Week_0/ros2_ws/install/tuos_tb3_tools/lib/pkgconfig/tuos_tb3_tools.pc'
[3.834s] Level 1:colcon.colcon_core.environment:checking '/home/vivaan/Documents/star_project_submissions/Week_0/ros2_ws/install/tuos_tb3_tools/lib/python3.10/site-packages'
[3.834s] Level 1:colcon.colcon_core.environment:checking '/home/vivaan/Documents/star_project_submissions/Week_0/ros2_ws/install/tuos_tb3_tools/bin'
[3.834s] INFO:colcon.colcon_core.shell:Creating package script '/home/vivaan/Documents/star_project_submissions/Week_0/ros2_ws/install/tuos_tb3_tools/share/tuos_tb3_tools/package.ps1'
[3.835s] INFO:colcon.colcon_core.shell:Creating package descriptor '/home/vivaan/Documents/star_project_submissions/Week_0/ros2_ws/install/tuos_tb3_tools/share/tuos_tb3_tools/package.dsv'
[3.835s] INFO:colcon.colcon_core.shell:Creating package script '/home/vivaan/Documents/star_project_submissions/Week_0/ros2_ws/install/tuos_tb3_tools/share/tuos_tb3_tools/package.sh'
[3.835s] INFO:colcon.colcon_core.shell:Creating package script '/home/vivaan/Documents/star_project_submissions/Week_0/ros2_ws/install/tuos_tb3_tools/share/tuos_tb3_tools/package.bash'
[3.836s] INFO:colcon.colcon_core.shell:Creating package script '/home/vivaan/Documents/star_project_submissions/Week_0/ros2_ws/install/tuos_tb3_tools/share/tuos_tb3_tools/package.zsh'
[3.836s] Level 1:colcon.colcon_core.environment:create_file_with_runtime_dependencies(/home/vivaan/Documents/star_project_submissions/Week_0/ros2_ws/install/tuos_tb3_tools/share/colcon-core/packages/tuos_tb3_tools)
[4.153s] DEBUG:colcon.colcon_core.event_handler.log_command:Invoked command in '/home/vivaan/Documents/star_project_submissions/Week_0/ros2_ws/build/tuos_examples' returned '0': CMAKE_PREFIX_PATH=/opt/ros/humble /usr/bin/cmake --build /home/vivaan/Documents/star_project_submissions/Week_0/ros2_ws/build/tuos_examples -- -j12 -l12
[4.154s] DEBUG:colcon.colcon_core.event_handler.log_command:Invoking command in '/home/vivaan/Documents/star_project_submissions/Week_0/ros2_ws/build/tuos_examples': CMAKE_PREFIX_PATH=/opt/ros/humble /usr/bin/cmake --install /home/vivaan/Documents/star_project_submissions/Week_0/ros2_ws/build/tuos_examples
[4.195s] Level 1:colcon.colcon_core.environment:create_environment_scripts_only(tuos_examples)
[4.195s] DEBUG:colcon.colcon_core.event_handler.log_command:Invoked command in '/home/vivaan/Documents/star_project_submissions/Week_0/ros2_ws/build/tuos_examples' returned '0': CMAKE_PREFIX_PATH=/opt/ros/humble /usr/bin/cmake --install /home/vivaan/Documents/star_project_submissions/Week_0/ros2_ws/build/tuos_examples
[4.195s] Level 1:colcon.colcon_core.environment:checking '/home/vivaan/Documents/star_project_submissions/Week_0/ros2_ws/install/tuos_examples' for CMake module files
[4.196s] Level 1:colcon.colcon_core.environment:checking '/home/vivaan/Documents/star_project_submissions/Week_0/ros2_ws/install/tuos_examples' for CMake config files
[4.196s] Level 1:colcon.colcon_core.shell:create_environment_hook('tuos_examples', 'cmake_prefix_path')
[4.196s] INFO:colcon.colcon_core.shell:Creating environment hook '/home/vivaan/Documents/star_project_submissions/Week_0/ros2_ws/install/tuos_examples/share/tuos_examples/hook/cmake_prefix_path.ps1'
[4.197s] INFO:colcon.colcon_core.shell:Creating environment descriptor '/home/vivaan/Documents/star_project_submissions/Week_0/ros2_ws/install/tuos_examples/share/tuos_examples/hook/cmake_prefix_path.dsv'
[4.197s] INFO:colcon.colcon_core.shell:Creating environment hook '/home/vivaan/Documents/star_project_submissions/Week_0/ros2_ws/install/tuos_examples/share/tuos_examples/hook/cmake_prefix_path.sh'
[4.198s] Level 1:colcon.colcon_core.environment:checking '/home/vivaan/Documents/star_project_submissions/Week_0/ros2_ws/install/tuos_examples/lib'
[4.198s] Level 1:colcon.colcon_core.environment:checking '/home/vivaan/Documents/star_project_submissions/Week_0/ros2_ws/install/tuos_examples/bin'
[4.198s] Level 1:colcon.colcon_core.environment:checking '/home/vivaan/Documents/star_project_submissions/Week_0/ros2_ws/install/tuos_examples/lib/pkgconfig/tuos_examples.pc'
[4.198s] Level 1:colcon.colcon_core.environment:checking '/home/vivaan/Documents/star_project_submissions/Week_0/ros2_ws/install/tuos_examples/lib/python3.10/site-packages'
[4.199s] Level 1:colcon.colcon_core.environment:checking '/home/vivaan/Documents/star_project_submissions/Week_0/ros2_ws/install/tuos_examples/bin'
[4.199s] INFO:colcon.colcon_core.shell:Creating package script '/home/vivaan/Documents/star_project_submissions/Week_0/ros2_ws/install/tuos_examples/share/tuos_examples/package.ps1'
[4.200s] INFO:colcon.colcon_core.shell:Creating package descriptor '/home/vivaan/Documents/star_project_submissions/Week_0/ros2_ws/install/tuos_examples/share/tuos_examples/package.dsv'
[4.200s] INFO:colcon.colcon_core.shell:Creating package script '/home/vivaan/Documents/star_project_submissions/Week_0/ros2_ws/install/tuos_examples/share/tuos_examples/package.sh'
[4.201s] INFO:colcon.colcon_core.shell:Creating package script '/home/vivaan/Documents/star_project_submissions/Week_0/ros2_ws/install/tuos_examples/share/tuos_examples/package.bash'
[4.201s] INFO:colcon.colcon_core.shell:Creating package script '/home/vivaan/Documents/star_project_submissions/Week_0/ros2_ws/install/tuos_examples/share/tuos_examples/package.zsh'
[4.201s] Level 1:colcon.colcon_core.environment:create_file_with_runtime_dependencies(/home/vivaan/Documents/star_project_submissions/Week_0/ros2_ws/install/tuos_examples/share/colcon-core/packages/tuos_examples)
[4.202s] Level 1:colcon.colcon_core.environment:create_environment_scripts_only(tuos_examples)
[4.202s] Level 1:colcon.colcon_core.environment:checking '/home/vivaan/Documents/star_project_submissions/Week_0/ros2_ws/install/tuos_examples' for CMake module files
[4.203s] Level 1:colcon.colcon_core.environment:checking '/home/vivaan/Documents/star_project_submissions/Week_0/ros2_ws/install/tuos_examples' for CMake config files
[4.203s] Level 1:colcon.colcon_core.shell:create_environment_hook('tuos_examples', 'cmake_prefix_path')
[4.203s] INFO:colcon.colcon_core.shell:Creating environment hook '/home/vivaan/Documents/star_project_submissions/Week_0/ros2_ws/install/tuos_examples/share/tuos_examples/hook/cmake_prefix_path.ps1'
[4.204s] INFO:colcon.colcon_core.shell:Creating environment descriptor '/home/vivaan/Documents/star_project_submissions/Week_0/ros2_ws/install/tuos_examples/share/tuos_examples/hook/cmake_prefix_path.dsv'
[4.204s] INFO:colcon.colcon_core.shell:Creating environment hook '/home/vivaan/Documents/star_project_submissions/Week_0/ros2_ws/install/tuos_examples/share/tuos_examples/hook/cmake_prefix_path.sh'
[4.205s] Level 1:colcon.colcon_core.environment:checking '/home/vivaan/Documents/star_project_submissions/Week_0/ros2_ws/install/tuos_examples/lib'
[4.205s] Level 1:colcon.colcon_core.environment:checking '/home/vivaan/Documents/star_project_submissions/Week_0/ros2_ws/install/tuos_examples/bin'
[4.205s] Level 1:colcon.colcon_core.environment:checking '/home/vivaan/Documents/star_project_submissions/Week_0/ros2_ws/install/tuos_examples/lib/pkgconfig/tuos_examples.pc'
[4.205s] Level 1:colcon.colcon_core.environment:checking '/home/vivaan/Documents/star_project_submissions/Week_0/ros2_ws/install/tuos_examples/lib/python3.10/site-packages'
[4.206s] Level 1:colcon.colcon_core.environment:checking '/home/vivaan/Documents/star_project_submissions/Week_0/ros2_ws/install/tuos_examples/bin'
[4.206s] INFO:colcon.colcon_core.shell:Creating package script '/home/vivaan/Documents/star_project_submissions/Week_0/ros2_ws/install/tuos_examples/share/tuos_examples/package.ps1'
[4.207s] INFO:colcon.colcon_core.shell:Creating package descriptor '/home/vivaan/Documents/star_project_submissions/Week_0/ros2_ws/install/tuos_examples/share/tuos_examples/package.dsv'
[4.209s] INFO:colcon.colcon_core.shell:Creating package script '/home/vivaan/Documents/star_project_submissions/Week_0/ros2_ws/install/tuos_examples/share/tuos_examples/package.sh'
[4.209s] INFO:colcon.colcon_core.shell:Creating package script '/home/vivaan/Documents/star_project_submissions/Week_0/ros2_ws/install/tuos_examples/share/tuos_examples/package.bash'
[4.210s] INFO:colcon.colcon_core.shell:Creating package script '/home/vivaan/Documents/star_project_submissions/Week_0/ros2_ws/install/tuos_examples/share/tuos_examples/package.zsh'
[4.211s] Level 1:colcon.colcon_core.environment:create_file_with_runtime_dependencies(/home/vivaan/Documents/star_project_submissions/Week_0/ros2_ws/install/tuos_examples/share/colcon-core/packages/tuos_examples)
[4.583s] DEBUG:colcon.colcon_core.event_handler.log_command:Invoked command in '/home/vivaan/Documents/star_project_submissions/Week_0/ros2_ws/build/tuos_interfaces' returned '0': CMAKE_PREFIX_PATH=/opt/ros/humble /usr/bin/cmake --build /home/vivaan/Documents/star_project_submissions/Week_0/ros2_ws/build/tuos_interfaces -- -j12 -l12
[4.584s] DEBUG:colcon.colcon_core.event_handler.log_command:Invoking command in '/home/vivaan/Documents/star_project_submissions/Week_0/ros2_ws/build/tuos_interfaces': CMAKE_PREFIX_PATH=/opt/ros/humble /usr/bin/cmake --install /home/vivaan/Documents/star_project_submissions/Week_0/ros2_ws/build/tuos_interfaces
[4.640s] Level 1:colcon.colcon_core.environment:create_environment_scripts_only(tuos_interfaces)
[4.640s] Level 1:colcon.colcon_core.environment:checking '/home/vivaan/Documents/star_project_submissions/Week_0/ros2_ws/install/tuos_interfaces' for CMake module files
[4.640s] DEBUG:colcon.colcon_core.event_handler.log_command:Invoked command in '/home/vivaan/Documents/star_project_submissions/Week_0/ros2_ws/build/tuos_interfaces' returned '0': CMAKE_PREFIX_PATH=/opt/ros/humble /usr/bin/cmake --install /home/vivaan/Documents/star_project_submissions/Week_0/ros2_ws/build/tuos_interfaces
[4.641s] Level 1:colcon.colcon_core.environment:checking '/home/vivaan/Documents/star_project_submissions/Week_0/ros2_ws/install/tuos_interfaces' for CMake config files
[4.641s] Level 1:colcon.colcon_core.shell:create_environment_hook('tuos_interfaces', 'cmake_prefix_path')
[4.642s] INFO:colcon.colcon_core.shell:Creating environment hook '/home/vivaan/Documents/star_project_submissions/Week_0/ros2_ws/install/tuos_interfaces/share/tuos_interfaces/hook/cmake_prefix_path.ps1'
[4.642s] INFO:colcon.colcon_core.shell:Creating environment descriptor '/home/vivaan/Documents/star_project_submissions/Week_0/ros2_ws/install/tuos_interfaces/share/tuos_interfaces/hook/cmake_prefix_path.dsv'
[4.643s] INFO:colcon.colcon_core.shell:Creating environment hook '/home/vivaan/Documents/star_project_submissions/Week_0/ros2_ws/install/tuos_interfaces/share/tuos_interfaces/hook/cmake_prefix_path.sh'
[4.643s] Level 1:colcon.colcon_core.environment:checking '/home/vivaan/Documents/star_project_submissions/Week_0/ros2_ws/install/tuos_interfaces/lib'
[4.643s] Level 1:colcon.colcon_core.shell:create_environment_hook('tuos_interfaces', 'ld_library_path_lib')
[4.644s] INFO:colcon.colcon_core.shell:Creating environment hook '/home/vivaan/Documents/star_project_submissions/Week_0/ros2_ws/install/tuos_interfaces/share/tuos_interfaces/hook/ld_library_path_lib.ps1'
[4.644s] INFO:colcon.colcon_core.shell:Creating environment descriptor '/home/vivaan/Documents/star_project_submissions/Week_0/ros2_ws/install/tuos_interfaces/share/tuos_interfaces/hook/ld_library_path_lib.dsv'
[4.644s] INFO:colcon.colcon_core.shell:Creating environment hook '/home/vivaan/Documents/star_project_submissions/Week_0/ros2_ws/install/tuos_interfaces/share/tuos_interfaces/hook/ld_library_path_lib.sh'
[4.645s] Level 1:colcon.colcon_core.environment:checking '/home/vivaan/Documents/star_project_submissions/Week_0/ros2_ws/install/tuos_interfaces/bin'
[4.645s] Level 1:colcon.colcon_core.environment:checking '/home/vivaan/Documents/star_project_submissions/Week_0/ros2_ws/install/tuos_interfaces/lib/pkgconfig/tuos_interfaces.pc'
[4.645s] Level 1:colcon.colcon_core.environment:checking '/home/vivaan/Documents/star_project_submissions/Week_0/ros2_ws/install/tuos_interfaces/lib/python3.10/site-packages'
[4.646s] Level 1:colcon.colcon_core.environment:checking '/home/vivaan/Documents/star_project_submissions/Week_0/ros2_ws/install/tuos_interfaces/bin'
[4.646s] INFO:colcon.colcon_core.shell:Creating package script '/home/vivaan/Documents/star_project_submissions/Week_0/ros2_ws/install/tuos_interfaces/share/tuos_interfaces/package.ps1'
[4.647s] INFO:colcon.colcon_core.shell:Creating package descriptor '/home/vivaan/Documents/star_project_submissions/Week_0/ros2_ws/install/tuos_interfaces/share/tuos_interfaces/package.dsv'
[4.647s] INFO:colcon.colcon_core.shell:Creating package script '/home/vivaan/Documents/star_project_submissions/Week_0/ros2_ws/install/tuos_interfaces/share/tuos_interfaces/package.sh'
[4.648s] INFO:colcon.colcon_core.shell:Creating package script '/home/vivaan/Documents/star_project_submissions/Week_0/ros2_ws/install/tuos_interfaces/share/tuos_interfaces/package.bash'
[4.648s] INFO:colcon.colcon_core.shell:Creating package script '/home/vivaan/Documents/star_project_submissions/Week_0/ros2_ws/install/tuos_interfaces/share/tuos_interfaces/package.zsh'
[4.648s] Level 1:colcon.colcon_core.environment:create_file_with_runtime_dependencies(/home/vivaan/Documents/star_project_submissions/Week_0/ros2_ws/install/tuos_interfaces/share/colcon-core/packages/tuos_interfaces)
[4.649s] Level 1:colcon.colcon_core.environment:create_environment_scripts_only(tuos_interfaces)
[4.649s] Level 1:colcon.colcon_core.environment:checking '/home/vivaan/Documents/star_project_submissions/Week_0/ros2_ws/install/tuos_interfaces' for CMake module files
[4.650s] Level 1:colcon.colcon_core.environment:checking '/home/vivaan/Documents/star_project_submissions/Week_0/ros2_ws/install/tuos_interfaces' for CMake config files
[4.650s] Level 1:colcon.colcon_core.shell:create_environment_hook('tuos_interfaces', 'cmake_prefix_path')
[4.651s] INFO:colcon.colcon_core.shell:Creating environment hook '/home/vivaan/Documents/star_project_submissions/Week_0/ros2_ws/install/tuos_interfaces/share/tuos_interfaces/hook/cmake_prefix_path.ps1'
[4.651s] INFO:colcon.colcon_core.shell:Creating environment descriptor '/home/vivaan/Documents/star_project_submissions/Week_0/ros2_ws/install/tuos_interfaces/share/tuos_interfaces/hook/cmake_prefix_path.dsv'
[4.651s] INFO:colcon.colcon_core.shell:Creating environment hook '/home/vivaan/Documents/star_project_submissions/Week_0/ros2_ws/install/tuos_interfaces/share/tuos_interfaces/hook/cmake_prefix_path.sh'
[4.652s] Level 1:colcon.colcon_core.environment:checking '/home/vivaan/Documents/star_project_submissions/Week_0/ros2_ws/install/tuos_interfaces/lib'
[4.652s] Level 1:colcon.colcon_core.shell:create_environment_hook('tuos_interfaces', 'ld_library_path_lib')
[4.652s] INFO:colcon.colcon_core.shell:Creating environment hook '/home/vivaan/Documents/star_project_submissions/Week_0/ros2_ws/install/tuos_interfaces/share/tuos_interfaces/hook/ld_library_path_lib.ps1'
[4.653s] INFO:colcon.colcon_core.shell:Creating environment descriptor '/home/vivaan/Documents/star_project_submissions/Week_0/ros2_ws/install/tuos_interfaces/share/tuos_interfaces/hook/ld_library_path_lib.dsv'
[4.653s] INFO:colcon.colcon_core.shell:Creating environment hook '/home/vivaan/Documents/star_project_submissions/Week_0/ros2_ws/install/tuos_interfaces/share/tuos_interfaces/hook/ld_library_path_lib.sh'
[4.653s] Level 1:colcon.colcon_core.environment:checking '/home/vivaan/Documents/star_project_submissions/Week_0/ros2_ws/install/tuos_interfaces/bin'
[4.653s] Level 1:colcon.colcon_core.environment:checking '/home/vivaan/Documents/star_project_submissions/Week_0/ros2_ws/install/tuos_interfaces/lib/pkgconfig/tuos_interfaces.pc'
[4.654s] Level 1:colcon.colcon_core.environment:checking '/home/vivaan/Documents/star_project_submissions/Week_0/ros2_ws/install/tuos_interfaces/lib/python3.10/site-packages'
[4.654s] Level 1:colcon.colcon_core.environment:checking '/home/vivaan/Documents/star_project_submissions/Week_0/ros2_ws/install/tuos_interfaces/bin'
[4.654s] INFO:colcon.colcon_core.shell:Creating package script '/home/vivaan/Documents/star_project_submissions/Week_0/ros2_ws/install/tuos_interfaces/share/tuos_interfaces/package.ps1'
[4.655s] INFO:colcon.colcon_core.shell:Creating package descriptor '/home/vivaan/Documents/star_project_submissions/Week_0/ros2_ws/install/tuos_interfaces/share/tuos_interfaces/package.dsv'
[4.656s] INFO:colcon.colcon_core.shell:Creating package script '/home/vivaan/Documents/star_project_submissions/Week_0/ros2_ws/install/tuos_interfaces/share/tuos_interfaces/package.sh'
[4.656s] INFO:colcon.colcon_core.shell:Creating package script '/home/vivaan/Documents/star_project_submissions/Week_0/ros2_ws/install/tuos_interfaces/share/tuos_interfaces/package.bash'
[4.657s] INFO:colcon.colcon_core.shell:Creating package script '/home/vivaan/Documents/star_project_submissions/Week_0/ros2_ws/install/tuos_interfaces/share/tuos_interfaces/package.zsh'
[4.657s] Level 1:colcon.colcon_core.environment:create_file_with_runtime_dependencies(/home/vivaan/Documents/star_project_submissions/Week_0/ros2_ws/install/tuos_interfaces/share/colcon-core/packages/tuos_interfaces)
[4.657s] INFO:colcon.colcon_ros.task.ament_cmake.build:Building ROS package in '/home/vivaan/Documents/star_project_submissions/Week_0/ros2_ws/src/tuos_ros/tuos_ros' with build type 'ament_cmake'
[4.658s] INFO:colcon.colcon_cmake.task.cmake.build:Building CMake package in '/home/vivaan/Documents/star_project_submissions/Week_0/ros2_ws/src/tuos_ros/tuos_ros'
[4.658s] INFO:colcon.colcon_core.shell:Skip shell extension 'powershell' for command environment: Not usable outside of PowerShell
[4.658s] DEBUG:colcon.colcon_core.shell:Skip shell extension 'dsv' for command environment
[4.669s] DEBUG:colcon.colcon_core.event_handler.log_command:Invoking command in '/home/vivaan/Documents/star_project_submissions/Week_0/ros2_ws/build/tuos_ros': AMENT_PREFIX_PATH=/home/vivaan/Documents/star_project_submissions/Week_0/ros2_ws/install/com2009_simulations:/home/vivaan/Documents/star_project_submissions/Week_0/ros2_ws/install/tuos_tb3_tools:/home/vivaan/Documents/star_project_submissions/Week_0/ros2_ws/install/tuos_simulations:/home/vivaan/Documents/star_project_submissions/Week_0/ros2_ws/install/tuos_interfaces:/home/vivaan/Documents/star_project_submissions/Week_0/ros2_ws/install/tuos_examples:${AMENT_PREFIX_PATH} CMAKE_PREFIX_PATH=/home/vivaan/Documents/star_project_submissions/Week_0/ros2_ws/install/com2009_simulations:/home/vivaan/Documents/star_project_submissions/Week_0/ros2_ws/install/tuos_tb3_tools:/home/vivaan/Documents/star_project_submissions/Week_0/ros2_ws/install/tuos_simulations:/home/vivaan/Documents/star_project_submissions/Week_0/ros2_ws/install/tuos_interfaces:/home/vivaan/Documents/star_project_submissions/Week_0/ros2_ws/install/tuos_examples:/opt/ros/humble LD_LIBRARY_PATH=/home/vivaan/Documents/star_project_submissions/Week_0/ros2_ws/install/tuos_interfaces/lib:${LD_LIBRARY_PATH} PYTHONPATH=/home/vivaan/Documents/star_project_submissions/Week_0/ros2_ws/install/tuos_interfaces/local/lib/python3.10/dist-packages:/home/vivaan/Documents/star_project_submissions/Week_0/ros2_ws/install/tuos_examples/local/lib/python3.10/dist-packages:${PYTHONPATH} /usr/bin/cmake /home/vivaan/Documents/star_project_submissions/Week_0/ros2_ws/src/tuos_ros/tuos_ros -DCMAKE_INSTALL_PREFIX=/home/vivaan/Documents/star_project_submissions/Week_0/ros2_ws/install/tuos_ros
[5.297s] DEBUG:colcon.colcon_core.event_handler.log_command:Invoked command in '/home/vivaan/Documents/star_project_submissions/Week_0/ros2_ws/build/tuos_ros' returned '0': AMENT_PREFIX_PATH=/home/vivaan/Documents/star_project_submissions/Week_0/ros2_ws/install/com2009_simulations:/home/vivaan/Documents/star_project_submissions/Week_0/ros2_ws/install/tuos_tb3_tools:/home/vivaan/Documents/star_project_submissions/Week_0/ros2_ws/install/tuos_simulations:/home/vivaan/Documents/star_project_submissions/Week_0/ros2_ws/install/tuos_interfaces:/home/vivaan/Documents/star_project_submissions/Week_0/ros2_ws/install/tuos_examples:${AMENT_PREFIX_PATH} CMAKE_PREFIX_PATH=/home/vivaan/Documents/star_project_submissions/Week_0/ros2_ws/install/com2009_simulations:/home/vivaan/Documents/star_project_submissions/Week_0/ros2_ws/install/tuos_tb3_tools:/home/vivaan/Documents/star_project_submissions/Week_0/ros2_ws/install/tuos_simulations:/home/vivaan/Documents/star_project_submissions/Week_0/ros2_ws/install/tuos_interfaces:/home/vivaan/Documents/star_project_submissions/Week_0/ros2_ws/install/tuos_examples:/opt/ros/humble LD_LIBRARY_PATH=/home/vivaan/Documents/star_project_submissions/Week_0/ros2_ws/install/tuos_interfaces/lib:${LD_LIBRARY_PATH} PYTHONPATH=/home/vivaan/Documents/star_project_submissions/Week_0/ros2_ws/install/tuos_interfaces/local/lib/python3.10/dist-packages:/home/vivaan/Documents/star_project_submissions/Week_0/ros2_ws/install/tuos_examples/local/lib/python3.10/dist-packages:${PYTHONPATH} /usr/bin/cmake /home/vivaan/Documents/star_project_submissions/Week_0/ros2_ws/src/tuos_ros/tuos_ros -DCMAKE_INSTALL_PREFIX=/home/vivaan/Documents/star_project_submissions/Week_0/ros2_ws/install/tuos_ros
[5.297s] DEBUG:colcon.colcon_core.event_handler.log_command:Invoking command in '/home/vivaan/Documents/star_project_submissions/Week_0/ros2_ws/build/tuos_ros': AMENT_PREFIX_PATH=/home/vivaan/Documents/star_project_submissions/Week_0/ros2_ws/install/com2009_simulations:/home/vivaan/Documents/star_project_submissions/Week_0/ros2_ws/install/tuos_tb3_tools:/home/vivaan/Documents/star_project_submissions/Week_0/ros2_ws/install/tuos_simulations:/home/vivaan/Documents/star_project_submissions/Week_0/ros2_ws/install/tuos_interfaces:/home/vivaan/Documents/star_project_submissions/Week_0/ros2_ws/install/tuos_examples:${AMENT_PREFIX_PATH} CMAKE_PREFIX_PATH=/home/vivaan/Documents/star_project_submissions/Week_0/ros2_ws/install/com2009_simulations:/home/vivaan/Documents/star_project_submissions/Week_0/ros2_ws/install/tuos_tb3_tools:/home/vivaan/Documents/star_project_submissions/Week_0/ros2_ws/install/tuos_simulations:/home/vivaan/Documents/star_project_submissions/Week_0/ros2_ws/install/tuos_interfaces:/home/vivaan/Documents/star_project_submissions/Week_0/ros2_ws/install/tuos_examples:/opt/ros/humble LD_LIBRARY_PATH=/home/vivaan/Documents/star_project_submissions/Week_0/ros2_ws/install/tuos_interfaces/lib:${LD_LIBRARY_PATH} PYTHONPATH=/home/vivaan/Documents/star_project_submissions/Week_0/ros2_ws/install/tuos_interfaces/local/lib/python3.10/dist-packages:/home/vivaan/Documents/star_project_submissions/Week_0/ros2_ws/install/tuos_examples/local/lib/python3.10/dist-packages:${PYTHONPATH} /usr/bin/cmake --build /home/vivaan/Documents/star_project_submissions/Week_0/ros2_ws/build/tuos_ros -- -j12 -l12
[5.338s] DEBUG:colcon.colcon_core.event_handler.log_command:Invoked command in '/home/vivaan/Documents/star_project_submissions/Week_0/ros2_ws/build/tuos_ros' returned '0': AMENT_PREFIX_PATH=/home/vivaan/Documents/star_project_submissions/Week_0/ros2_ws/install/com2009_simulations:/home/vivaan/Documents/star_project_submissions/Week_0/ros2_ws/install/tuos_tb3_tools:/home/vivaan/Documents/star_project_submissions/Week_0/ros2_ws/install/tuos_simulations:/home/vivaan/Documents/star_project_submissions/Week_0/ros2_ws/install/tuos_interfaces:/home/vivaan/Documents/star_project_submissions/Week_0/ros2_ws/install/tuos_examples:${AMENT_PREFIX_PATH} CMAKE_PREFIX_PATH=/home/vivaan/Documents/star_project_submissions/Week_0/ros2_ws/install/com2009_simulations:/home/vivaan/Documents/star_project_submissions/Week_0/ros2_ws/install/tuos_tb3_tools:/home/vivaan/Documents/star_project_submissions/Week_0/ros2_ws/install/tuos_simulations:/home/vivaan/Documents/star_project_submissions/Week_0/ros2_ws/install/tuos_interfaces:/home/vivaan/Documents/star_project_submissions/Week_0/ros2_ws/install/tuos_examples:/opt/ros/humble LD_LIBRARY_PATH=/home/vivaan/Documents/star_project_submissions/Week_0/ros2_ws/install/tuos_interfaces/lib:${LD_LIBRARY_PATH} PYTHONPATH=/home/vivaan/Documents/star_project_submissions/Week_0/ros2_ws/install/tuos_interfaces/local/lib/python3.10/dist-packages:/home/vivaan/Documents/star_project_submissions/Week_0/ros2_ws/install/tuos_examples/local/lib/python3.10/dist-packages:${PYTHONPATH} /usr/bin/cmake --build /home/vivaan/Documents/star_project_submissions/Week_0/ros2_ws/build/tuos_ros -- -j12 -l12
[5.339s] DEBUG:colcon.colcon_core.event_handler.log_command:Invoking command in '/home/vivaan/Documents/star_project_submissions/Week_0/ros2_ws/build/tuos_ros': AMENT_PREFIX_PATH=/home/vivaan/Documents/star_project_submissions/Week_0/ros2_ws/install/com2009_simulations:/home/vivaan/Documents/star_project_submissions/Week_0/ros2_ws/install/tuos_tb3_tools:/home/vivaan/Documents/star_project_submissions/Week_0/ros2_ws/install/tuos_simulations:/home/vivaan/Documents/star_project_submissions/Week_0/ros2_ws/install/tuos_interfaces:/home/vivaan/Documents/star_project_submissions/Week_0/ros2_ws/install/tuos_examples:${AMENT_PREFIX_PATH} CMAKE_PREFIX_PATH=/home/vivaan/Documents/star_project_submissions/Week_0/ros2_ws/install/com2009_simulations:/home/vivaan/Documents/star_project_submissions/Week_0/ros2_ws/install/tuos_tb3_tools:/home/vivaan/Documents/star_project_submissions/Week_0/ros2_ws/install/tuos_simulations:/home/vivaan/Documents/star_project_submissions/Week_0/ros2_ws/install/tuos_interfaces:/home/vivaan/Documents/star_project_submissions/Week_0/ros2_ws/install/tuos_examples:/opt/ros/humble LD_LIBRARY_PATH=/home/vivaan/Documents/star_project_submissions/Week_0/ros2_ws/install/tuos_interfaces/lib:${LD_LIBRARY_PATH} PYTHONPATH=/home/vivaan/Documents/star_project_submissions/Week_0/ros2_ws/install/tuos_interfaces/local/lib/python3.10/dist-packages:/home/vivaan/Documents/star_project_submissions/Week_0/ros2_ws/install/tuos_examples/local/lib/python3.10/dist-packages:${PYTHONPATH} /usr/bin/cmake --install /home/vivaan/Documents/star_project_submissions/Week_0/ros2_ws/build/tuos_ros
[5.349s] Level 1:colcon.colcon_core.environment:create_environment_scripts_only(tuos_ros)
[5.349s] Level 1:colcon.colcon_core.environment:checking '/home/vivaan/Documents/star_project_submissions/Week_0/ros2_ws/install/tuos_ros' for CMake module files
[5.350s] DEBUG:colcon.colcon_core.event_handler.log_command:Invoked command in '/home/vivaan/Documents/star_project_submissions/Week_0/ros2_ws/build/tuos_ros' returned '0': AMENT_PREFIX_PATH=/home/vivaan/Documents/star_project_submissions/Week_0/ros2_ws/install/com2009_simulations:/home/vivaan/Documents/star_project_submissions/Week_0/ros2_ws/install/tuos_tb3_tools:/home/vivaan/Documents/star_project_submissions/Week_0/ros2_ws/install/tuos_simulations:/home/vivaan/Documents/star_project_submissions/Week_0/ros2_ws/install/tuos_interfaces:/home/vivaan/Documents/star_project_submissions/Week_0/ros2_ws/install/tuos_examples:${AMENT_PREFIX_PATH} CMAKE_PREFIX_PATH=/home/vivaan/Documents/star_project_submissions/Week_0/ros2_ws/install/com2009_simulations:/home/vivaan/Documents/star_project_submissions/Week_0/ros2_ws/install/tuos_tb3_tools:/home/vivaan/Documents/star_project_submissions/Week_0/ros2_ws/install/tuos_simulations:/home/vivaan/Documents/star_project_submissions/Week_0/ros2_ws/install/tuos_interfaces:/home/vivaan/Documents/star_project_submissions/Week_0/ros2_ws/install/tuos_examples:/opt/ros/humble LD_LIBRARY_PATH=/home/vivaan/Documents/star_project_submissions/Week_0/ros2_ws/install/tuos_interfaces/lib:${LD_LIBRARY_PATH} PYTHONPATH=/home/vivaan/Documents/star_project_submissions/Week_0/ros2_ws/install/tuos_interfaces/local/lib/python3.10/dist-packages:/home/vivaan/Documents/star_project_submissions/Week_0/ros2_ws/install/tuos_examples/local/lib/python3.10/dist-packages:${PYTHONPATH} /usr/bin/cmake --install /home/vivaan/Documents/star_project_submissions/Week_0/ros2_ws/build/tuos_ros
[5.350s] Level 1:colcon.colcon_core.environment:checking '/home/vivaan/Documents/star_project_submissions/Week_0/ros2_ws/install/tuos_ros' for CMake config files
[5.350s] Level 1:colcon.colcon_core.shell:create_environment_hook('tuos_ros', 'cmake_prefix_path')
[5.350s] INFO:colcon.colcon_core.shell:Creating environment hook '/home/vivaan/Documents/star_project_submissions/Week_0/ros2_ws/install/tuos_ros/share/tuos_ros/hook/cmake_prefix_path.ps1'
[5.351s] INFO:colcon.colcon_core.shell:Creating environment descriptor '/home/vivaan/Documents/star_project_submissions/Week_0/ros2_ws/install/tuos_ros/share/tuos_ros/hook/cmake_prefix_path.dsv'
[5.351s] INFO:colcon.colcon_core.shell:Creating environment hook '/home/vivaan/Documents/star_project_submissions/Week_0/ros2_ws/install/tuos_ros/share/tuos_ros/hook/cmake_prefix_path.sh'
[5.351s] Level 1:colcon.colcon_core.environment:checking '/home/vivaan/Documents/star_project_submissions/Week_0/ros2_ws/install/tuos_ros/bin'
[5.351s] Level 1:colcon.colcon_core.environment:checking '/home/vivaan/Documents/star_project_submissions/Week_0/ros2_ws/install/tuos_ros/lib/pkgconfig/tuos_ros.pc'
[5.351s] Level 1:colcon.colcon_core.environment:checking '/home/vivaan/Documents/star_project_submissions/Week_0/ros2_ws/install/tuos_ros/lib/python3.10/site-packages'
[5.352s] Level 1:colcon.colcon_core.environment:checking '/home/vivaan/Documents/star_project_submissions/Week_0/ros2_ws/install/tuos_ros/bin'
[5.352s] INFO:colcon.colcon_core.shell:Creating package script '/home/vivaan/Documents/star_project_submissions/Week_0/ros2_ws/install/tuos_ros/share/tuos_ros/package.ps1'
[5.352s] INFO:colcon.colcon_core.shell:Creating package descriptor '/home/vivaan/Documents/star_project_submissions/Week_0/ros2_ws/install/tuos_ros/share/tuos_ros/package.dsv'
[5.353s] INFO:colcon.colcon_core.shell:Creating package script '/home/vivaan/Documents/star_project_submissions/Week_0/ros2_ws/install/tuos_ros/share/tuos_ros/package.sh'
[5.353s] INFO:colcon.colcon_core.shell:Creating package script '/home/vivaan/Documents/star_project_submissions/Week_0/ros2_ws/install/tuos_ros/share/tuos_ros/package.bash'
[5.353s] INFO:colcon.colcon_core.shell:Creating package script '/home/vivaan/Documents/star_project_submissions/Week_0/ros2_ws/install/tuos_ros/share/tuos_ros/package.zsh'
[5.353s] Level 1:colcon.colcon_core.environment:create_file_with_runtime_dependencies(/home/vivaan/Documents/star_project_submissions/Week_0/ros2_ws/install/tuos_ros/share/colcon-core/packages/tuos_ros)
[5.354s] Level 1:colcon.colcon_core.environment:create_environment_scripts_only(tuos_ros)
[5.354s] Level 1:colcon.colcon_core.environment:checking '/home/vivaan/Documents/star_project_submissions/Week_0/ros2_ws/install/tuos_ros' for CMake module files
[5.354s] Level 1:colcon.colcon_core.environment:checking '/home/vivaan/Documents/star_project_submissions/Week_0/ros2_ws/install/tuos_ros' for CMake config files
[5.354s] Level 1:colcon.colcon_core.shell:create_environment_hook('tuos_ros', 'cmake_prefix_path')
[5.355s] INFO:colcon.colcon_core.shell:Creating environment hook '/home/vivaan/Documents/star_project_submissions/Week_0/ros2_ws/install/tuos_ros/share/tuos_ros/hook/cmake_prefix_path.ps1'
[5.355s] INFO:colcon.colcon_core.shell:Creating environment descriptor '/home/vivaan/Documents/star_project_submissions/Week_0/ros2_ws/install/tuos_ros/share/tuos_ros/hook/cmake_prefix_path.dsv'
[5.355s] INFO:colcon.colcon_core.shell:Creating environment hook '/home/vivaan/Documents/star_project_submissions/Week_0/ros2_ws/install/tuos_ros/share/tuos_ros/hook/cmake_prefix_path.sh'
[5.356s] Level 1:colcon.colcon_core.environment:checking '/home/vivaan/Documents/star_project_submissions/Week_0/ros2_ws/install/tuos_ros/bin'
[5.356s] Level 1:colcon.colcon_core.environment:checking '/home/vivaan/Documents/star_project_submissions/Week_0/ros2_ws/install/tuos_ros/lib/pkgconfig/tuos_ros.pc'
[5.356s] Level 1:colcon.colcon_core.environment:checking '/home/vivaan/Documents/star_project_submissions/Week_0/ros2_ws/install/tuos_ros/lib/python3.10/site-packages'
[5.356s] Level 1:colcon.colcon_core.environment:checking '/home/vivaan/Documents/star_project_submissions/Week_0/ros2_ws/install/tuos_ros/bin'
[5.356s] INFO:colcon.colcon_core.shell:Creating package script '/home/vivaan/Documents/star_project_submissions/Week_0/ros2_ws/install/tuos_ros/share/tuos_ros/package.ps1'
[5.357s] INFO:colcon.colcon_core.shell:Creating package descriptor '/home/vivaan/Documents/star_project_submissions/Week_0/ros2_ws/install/tuos_ros/share/tuos_ros/package.dsv'
[5.357s] INFO:colcon.colcon_core.shell:Creating package script '/home/vivaan/Documents/star_project_submissions/Week_0/ros2_ws/install/tuos_ros/share/tuos_ros/package.sh'
[5.358s] INFO:colcon.colcon_core.shell:Creating package script '/home/vivaan/Documents/star_project_submissions/Week_0/ros2_ws/install/tuos_ros/share/tuos_ros/package.bash'
[5.358s] INFO:colcon.colcon_core.shell:Creating package script '/home/vivaan/Documents/star_project_submissions/Week_0/ros2_ws/install/tuos_ros/share/tuos_ros/package.zsh'
[5.358s] Level 1:colcon.colcon_core.environment:create_file_with_runtime_dependencies(/home/vivaan/Documents/star_project_submissions/Week_0/ros2_ws/install/tuos_ros/share/colcon-core/packages/tuos_ros)
[5.358s] DEBUG:colcon.colcon_parallel_executor.executor.parallel:closing loop
[5.359s] DEBUG:colcon.colcon_parallel_executor.executor.parallel:loop closed
[5.359s] DEBUG:colcon.colcon_parallel_executor.executor.parallel:run_until_complete finished with '0'
[5.359s] DEBUG:colcon.colcon_core.event_reactor:joining thread
[5.364s] INFO:colcon.colcon_core.plugin_system:Skipping extension 'colcon_notification.desktop_notification.terminal_notifier': Not used on non-Darwin systems
[5.364s] INFO:colcon.colcon_core.plugin_system:Skipping extension 'colcon_notification.desktop_notification.win32': Not used on non-Windows systems
[5.364s] INFO:colcon.colcon_notification.desktop_notification:Sending desktop notification using 'notify2'
[5.376s] DEBUG:colcon.colcon_core.event_reactor:joined thread
[5.376s] INFO:colcon.colcon_core.shell:Creating prefix script '/home/vivaan/Documents/star_project_submissions/Week_0/ros2_ws/install/local_setup.ps1'
[5.377s] INFO:colcon.colcon_core.shell:Creating prefix util module '/home/vivaan/Documents/star_project_submissions/Week_0/ros2_ws/install/_local_setup_util_ps1.py'
[5.379s] INFO:colcon.colcon_core.shell:Creating prefix chain script '/home/vivaan/Documents/star_project_submissions/Week_0/ros2_ws/install/setup.ps1'
[5.380s] INFO:colcon.colcon_core.shell:Creating prefix script '/home/vivaan/Documents/star_project_submissions/Week_0/ros2_ws/install/local_setup.sh'
[5.380s] INFO:colcon.colcon_core.shell:Creating prefix util module '/home/vivaan/Documents/star_project_submissions/Week_0/ros2_ws/install/_local_setup_util_sh.py'
[5.381s] INFO:colcon.colcon_core.shell:Creating prefix chain script '/home/vivaan/Documents/star_project_submissions/Week_0/ros2_ws/install/setup.sh'
[5.381s] INFO:colcon.colcon_core.shell:Creating prefix script '/home/vivaan/Documents/star_project_submissions/Week_0/ros2_ws/install/local_setup.bash'
[5.381s] INFO:colcon.colcon_core.shell:Creating prefix chain script '/home/vivaan/Documents/star_project_submissions/Week_0/ros2_ws/install/setup.bash'
[5.382s] INFO:colcon.colcon_core.shell:Creating prefix script '/home/vivaan/Documents/star_project_submissions/Week_0/ros2_ws/install/local_setup.zsh'
[5.382s] INFO:colcon.colcon_core.shell:Creating prefix chain script '/home/vivaan/Documents/star_project_submissions/Week_0/ros2_ws/install/setup.zsh'
