[0.066s] DEBUG:colcon:Command line arguments: ['/usr/bin/colcon', 'build']
[0.066s] DEBUG:colcon:Parsed command line arguments: Namespace(log_base=None, log_level=None, verb_name='build', build_base='build', install_base='install', merge_install=False, symlink_install=False, test_result_base=None, continue_on_error=False, executor='parallel', parallel_workers=12, event_handlers=None, ignore_user_meta=False, metas=['./colcon.meta'], base_paths=['.'], packages_ignore=None, packages_ignore_regex=None, paths=None, packages_up_to=None, packages_up_to_regex=None, packages_above=None, packages_above_and_dependencies=None, packages_above_depth=None, packages_select_by_dep=None, packages_skip_by_dep=None, packages_skip_up_to=None, packages_select_build_failed=False, packages_skip_build_finished=False, packages_select_test_failures=False, packages_skip_test_passed=False, packages_select=None, packages_skip=None, packages_select_regex=None, packages_skip_regex=None, packages_start=None, packages_end=None, allow_overriding=[], cmake_args=None, cmake_target=None, cmake_target_skip_unavailable=False, cmake_clean_cache=False, cmake_clean_first=False, cmake_force_configure=False, ament_cmake_args=None, catkin_cmake_args=None, catkin_skip_building_tests=False, verb_parser=<colcon_defaults.argument_parser.defaults.DefaultArgumentsDecorator object at 0x7b331fd55480>, verb_extension=<colcon_core.verb.build.BuildVerb object at 0x7b331fe4ef20>, main=<bound method BuildVerb.main of <colcon_core.verb.build.BuildVerb object at 0x7b331fe4ef20>>)
[0.093s] Level 1:colcon.colcon_core.package_discovery:discover_packages(colcon_meta) check parameters
[0.093s] Level 1:colcon.colcon_core.package_discovery:discover_packages(recursive) check parameters
[0.093s] Level 1:colcon.colcon_core.package_discovery:discover_packages(ignore) check parameters
[0.093s] Level 1:colcon.colcon_core.package_discovery:discover_packages(path) check parameters
[0.093s] Level 1:colcon.colcon_core.package_discovery:discover_packages(colcon_meta) discover
[0.093s] Level 1:colcon.colcon_core.package_discovery:discover_packages(recursive) discover
[0.093s] INFO:colcon.colcon_core.package_discovery:Crawling recursively for packages in '/home/vivaan/Documents/star_project_submissions/Week_0/ros2_ws'
[0.093s] Level 1:colcon.colcon_core.package_identification:_identify(.) by extensions ['ignore', 'ignore_ament_install']
[0.093s] Level 1:colcon.colcon_core.package_identification:_identify(.) by extension 'ignore'
[0.093s] Level 1:colcon.colcon_core.package_identification:_identify(.) by extension 'ignore_ament_install'
[0.093s] Level 1:colcon.colcon_core.package_identification:_identify(.) by extensions ['colcon_pkg']
[0.093s] Level 1:colcon.colcon_core.package_identification:_identify(.) by extension 'colcon_pkg'
[0.093s] Level 1:colcon.colcon_core.package_identification:_identify(.) by extensions ['colcon_meta']
[0.093s] Level 1:colcon.colcon_core.package_identification:_identify(.) by extension 'colcon_meta'
[0.093s] Level 1:colcon.colcon_core.package_identification:_identify(.) by extensions ['ros']
[0.093s] Level 1:colcon.colcon_core.package_identification:_identify(.) by extension 'ros'
[0.103s] Level 1:colcon.colcon_core.package_identification:_identify(.) by extensions ['cmake', 'python']
[0.103s] Level 1:colcon.colcon_core.package_identification:_identify(.) by extension 'cmake'
[0.103s] Level 1:colcon.colcon_core.package_identification:_identify(.) by extension 'python'
[0.103s] Level 1:colcon.colcon_core.package_identification:_identify(.) by extensions ['python_setup_py']
[0.103s] Level 1:colcon.colcon_core.package_identification:_identify(.) by extension 'python_setup_py'
[0.104s] Level 1:colcon.colcon_core.package_identification:_identify(build) by extensions ['ignore', 'ignore_ament_install']
[0.104s] Level 1:colcon.colcon_core.package_identification:_identify(build) by extension 'ignore'
[0.104s] Level 1:colcon.colcon_core.package_identification:_identify(build) ignored
[0.104s] Level 1:colcon.colcon_core.package_identification:_identify(install) by extensions ['ignore', 'ignore_ament_install']
[0.104s] Level 1:colcon.colcon_core.package_identification:_identify(install) by extension 'ignore'
[0.104s] Level 1:colcon.colcon_core.package_identification:_identify(install) ignored
[0.104s] Level 1:colcon.colcon_core.package_identification:_identify(log) by extensions ['ignore', 'ignore_ament_install']
[0.104s] Level 1:colcon.colcon_core.package_identification:_identify(log) by extension 'ignore'
[0.104s] Level 1:colcon.colcon_core.package_identification:_identify(log) ignored
[0.104s] Level 1:colcon.colcon_core.package_identification:_identify(src) by extensions ['ignore', 'ignore_ament_install']
[0.104s] Level 1:colcon.colcon_core.package_identification:_identify(src) by extension 'ignore'
[0.104s] Level 1:colcon.colcon_core.package_identification:_identify(src) by extension 'ignore_ament_install'
[0.104s] Level 1:colcon.colcon_core.package_identification:_identify(src) by extensions ['colcon_pkg']
[0.104s] Level 1:colcon.colcon_core.package_identification:_identify(src) by extension 'colcon_pkg'
[0.104s] Level 1:colcon.colcon_core.package_identification:_identify(src) by extensions ['colcon_meta']
[0.104s] Level 1:colcon.colcon_core.package_identification:_identify(src) by extension 'colcon_meta'
[0.104s] Level 1:colcon.colcon_core.package_identification:_identify(src) by extensions ['ros']
[0.104s] Level 1:colcon.colcon_core.package_identification:_identify(src) by extension 'ros'
[0.104s] Level 1:colcon.colcon_core.package_identification:_identify(src) by extensions ['cmake', 'python']
[0.104s] Level 1:colcon.colcon_core.package_identification:_identify(src) by extension 'cmake'
[0.104s] Level 1:colcon.colcon_core.package_identification:_identify(src) by extension 'python'
[0.104s] Level 1:colcon.colcon_core.package_identification:_identify(src) by extensions ['python_setup_py']
[0.104s] Level 1:colcon.colcon_core.package_identification:_identify(src) by extension 'python_setup_py'
[0.104s] Level 1:colcon.colcon_core.package_identification:_identify(src/part1_pubsub) by extensions ['ignore', 'ignore_ament_install']
[0.104s] Level 1:colcon.colcon_core.package_identification:_identify(src/part1_pubsub) by extension 'ignore'
[0.104s] Level 1:colcon.colcon_core.package_identification:_identify(src/part1_pubsub) by extension 'ignore_ament_install'
[0.104s] Level 1:colcon.colcon_core.package_identification:_identify(src/part1_pubsub) by extensions ['colcon_pkg']
[0.104s] Level 1:colcon.colcon_core.package_identification:_identify(src/part1_pubsub) by extension 'colcon_pkg'
[0.104s] Level 1:colcon.colcon_core.package_identification:_identify(src/part1_pubsub) by extensions ['colcon_meta']
[0.104s] Level 1:colcon.colcon_core.package_identification:_identify(src/part1_pubsub) by extension 'colcon_meta'
[0.104s] Level 1:colcon.colcon_core.package_identification:_identify(src/part1_pubsub) by extensions ['ros']
[0.104s] Level 1:colcon.colcon_core.package_identification:_identify(src/part1_pubsub) by extension 'ros'
[0.106s] DEBUG:colcon.colcon_core.package_identification:Package 'src/part1_pubsub' with type 'ros.ament_cmake' and name 'part1_pubsub'
[0.106s] Level 1:colcon.colcon_core.package_identification:_identify(src/part2_navigation) by extensions ['ignore', 'ignore_ament_install']
[0.106s] Level 1:colcon.colcon_core.package_identification:_identify(src/part2_navigation) by extension 'ignore'
[0.106s] Level 1:colcon.colcon_core.package_identification:_identify(src/part2_navigation) by extension 'ignore_ament_install'
[0.106s] Level 1:colcon.colcon_core.package_identification:_identify(src/part2_navigation) by extensions ['colcon_pkg']
[0.106s] Level 1:colcon.colcon_core.package_identification:_identify(src/part2_navigation) by extension 'colcon_pkg'
[0.106s] Level 1:colcon.colcon_core.package_identification:_identify(src/part2_navigation) by extensions ['colcon_meta']
[0.106s] Level 1:colcon.colcon_core.package_identification:_identify(src/part2_navigation) by extension 'colcon_meta'
[0.106s] Level 1:colcon.colcon_core.package_identification:_identify(src/part2_navigation) by extensions ['ros']
[0.106s] Level 1:colcon.colcon_core.package_identification:_identify(src/part2_navigation) by extension 'ros'
[0.107s] DEBUG:colcon.colcon_core.package_identification:Package 'src/part2_navigation' with type 'ros.ament_cmake' and name 'part2_navigation'
[0.107s] Level 1:colcon.colcon_core.package_identification:_identify(src/part3_beyond_basics) by extensions ['ignore', 'ignore_ament_install']
[0.107s] Level 1:colcon.colcon_core.package_identification:_identify(src/part3_beyond_basics) by extension 'ignore'
[0.107s] Level 1:colcon.colcon_core.package_identification:_identify(src/part3_beyond_basics) by extension 'ignore_ament_install'
[0.107s] Level 1:colcon.colcon_core.package_identification:_identify(src/part3_beyond_basics) by extensions ['colcon_pkg']
[0.107s] Level 1:colcon.colcon_core.package_identification:_identify(src/part3_beyond_basics) by extension 'colcon_pkg'
[0.107s] Level 1:colcon.colcon_core.package_identification:_identify(src/part3_beyond_basics) by extensions ['colcon_meta']
[0.107s] Level 1:colcon.colcon_core.package_identification:_identify(src/part3_beyond_basics) by extension 'colcon_meta'
[0.107s] Level 1:colcon.colcon_core.package_identification:_identify(src/part3_beyond_basics) by extensions ['ros']
[0.107s] Level 1:colcon.colcon_core.package_identification:_identify(src/part3_beyond_basics) by extension 'ros'
[0.108s] DEBUG:colcon.colcon_core.package_identification:Package 'src/part3_beyond_basics' with type 'ros.ament_cmake' and name 'part3_beyond_basics'
[0.108s] Level 1:colcon.colcon_core.package_identification:_identify(src/tuos_ros) by extensions ['ignore', 'ignore_ament_install']
[0.108s] Level 1:colcon.colcon_core.package_identification:_identify(src/tuos_ros) by extension 'ignore'
[0.108s] Level 1:colcon.colcon_core.package_identification:_identify(src/tuos_ros) by extension 'ignore_ament_install'
[0.108s] Level 1:colcon.colcon_core.package_identification:_identify(src/tuos_ros) by extensions ['colcon_pkg']
[0.108s] Level 1:colcon.colcon_core.package_identification:_identify(src/tuos_ros) by extension 'colcon_pkg'
[0.108s] Level 1:colcon.colcon_core.package_identification:_identify(src/tuos_ros) by extensions ['colcon_meta']
[0.108s] Level 1:colcon.colcon_core.package_identification:_identify(src/tuos_ros) by extension 'colcon_meta'
[0.108s] Level 1:colcon.colcon_core.package_identification:_identify(src/tuos_ros) by extensions ['ros']
[0.108s] Level 1:colcon.colcon_core.package_identification:_identify(src/tuos_ros) by extension 'ros'
[0.108s] Level 1:colcon.colcon_core.package_identification:_identify(src/tuos_ros) by extensions ['cmake', 'python']
[0.108s] Level 1:colcon.colcon_core.package_identification:_identify(src/tuos_ros) by extension 'cmake'
[0.108s] Level 1:colcon.colcon_core.package_identification:_identify(src/tuos_ros) by extension 'python'
[0.108s] Level 1:colcon.colcon_core.package_identification:_identify(src/tuos_ros) by extensions ['python_setup_py']
[0.108s] Level 1:colcon.colcon_core.package_identification:_identify(src/tuos_ros) by extension 'python_setup_py'
[0.108s] Level 1:colcon.colcon_core.package_identification:_identify(src/tuos_ros/com2009_simulations) by extensions ['ignore', 'ignore_ament_install']
[0.108s] Level 1:colcon.colcon_core.package_identification:_identify(src/tuos_ros/com2009_simulations) by extension 'ignore'
[0.108s] Level 1:colcon.colcon_core.package_identification:_identify(src/tuos_ros/com2009_simulations) by extension 'ignore_ament_install'
[0.108s] Level 1:colcon.colcon_core.package_identification:_identify(src/tuos_ros/com2009_simulations) by extensions ['colcon_pkg']
[0.108s] Level 1:colcon.colcon_core.package_identification:_identify(src/tuos_ros/com2009_simulations) by extension 'colcon_pkg'
[0.108s] Level 1:colcon.colcon_core.package_identification:_identify(src/tuos_ros/com2009_simulations) by extensions ['colcon_meta']
[0.108s] Level 1:colcon.colcon_core.package_identification:_identify(src/tuos_ros/com2009_simulations) by extension 'colcon_meta'
[0.108s] Level 1:colcon.colcon_core.package_identification:_identify(src/tuos_ros/com2009_simulations) by extensions ['ros']
[0.108s] Level 1:colcon.colcon_core.package_identification:_identify(src/tuos_ros/com2009_simulations) by extension 'ros'
[0.109s] DEBUG:colcon.colcon_core.package_identification:Package 'src/tuos_ros/com2009_simulations' with type 'ros.ament_cmake' and name 'com2009_simulations'
[0.109s] Level 1:colcon.colcon_core.package_identification:_identify(src/tuos_ros/tuos_examples) by extensions ['ignore', 'ignore_ament_install']
[0.109s] Level 1:colcon.colcon_core.package_identification:_identify(src/tuos_ros/tuos_examples) by extension 'ignore'
[0.109s] Level 1:colcon.colcon_core.package_identification:_identify(src/tuos_ros/tuos_examples) by extension 'ignore_ament_install'
[0.109s] Level 1:colcon.colcon_core.package_identification:_identify(src/tuos_ros/tuos_examples) by extensions ['colcon_pkg']
[0.109s] Level 1:colcon.colcon_core.package_identification:_identify(src/tuos_ros/tuos_examples) by extension 'colcon_pkg'
[0.109s] Level 1:colcon.colcon_core.package_identification:_identify(src/tuos_ros/tuos_examples) by extensions ['colcon_meta']
[0.109s] Level 1:colcon.colcon_core.package_identification:_identify(src/tuos_ros/tuos_examples) by extension 'colcon_meta'
[0.109s] Level 1:colcon.colcon_core.package_identification:_identify(src/tuos_ros/tuos_examples) by extensions ['ros']
[0.109s] Level 1:colcon.colcon_core.package_identification:_identify(src/tuos_ros/tuos_examples) by extension 'ros'
[0.109s] DEBUG:colcon.colcon_core.package_identification:Package 'src/tuos_ros/tuos_examples' with type 'ros.ament_cmake' and name 'tuos_examples'
[0.109s] Level 1:colcon.colcon_core.package_identification:_identify(src/tuos_ros/tuos_interfaces) by extensions ['ignore', 'ignore_ament_install']
[0.109s] Level 1:colcon.colcon_core.package_identification:_identify(src/tuos_ros/tuos_interfaces) by extension 'ignore'
[0.109s] Level 1:colcon.colcon_core.package_identification:_identify(src/tuos_ros/tuos_interfaces) by extension 'ignore_ament_install'
[0.109s] Level 1:colcon.colcon_core.package_identification:_identify(src/tuos_ros/tuos_interfaces) by extensions ['colcon_pkg']
[0.109s] Level 1:colcon.colcon_core.package_identification:_identify(src/tuos_ros/tuos_interfaces) by extension 'colcon_pkg'
[0.109s] Level 1:colcon.colcon_core.package_identification:_identify(src/tuos_ros/tuos_interfaces) by extensions ['colcon_meta']
[0.109s] Level 1:colcon.colcon_core.package_identification:_identify(src/tuos_ros/tuos_interfaces) by extension 'colcon_meta'
[0.110s] Level 1:colcon.colcon_core.package_identification:_identify(src/tuos_ros/tuos_interfaces) by extensions ['ros']
[0.110s] Level 1:colcon.colcon_core.package_identification:_identify(src/tuos_ros/tuos_interfaces) by extension 'ros'
[0.110s] DEBUG:colcon.colcon_core.package_identification:Package 'src/tuos_ros/tuos_interfaces' with type 'ros.ament_cmake' and name 'tuos_interfaces'
[0.110s] Level 1:colcon.colcon_core.package_identification:_identify(src/tuos_ros/tuos_ros) by extensions ['ignore', 'ignore_ament_install']
[0.110s] Level 1:colcon.colcon_core.package_identification:_identify(src/tuos_ros/tuos_ros) by extension 'ignore'
[0.110s] Level 1:colcon.colcon_core.package_identification:_identify(src/tuos_ros/tuos_ros) by extension 'ignore_ament_install'
[0.110s] Level 1:colcon.colcon_core.package_identification:_identify(src/tuos_ros/tuos_ros) by extensions ['colcon_pkg']
[0.110s] Level 1:colcon.colcon_core.package_identification:_identify(src/tuos_ros/tuos_ros) by extension 'colcon_pkg'
[0.110s] Level 1:colcon.colcon_core.package_identification:_identify(src/tuos_ros/tuos_ros) by extensions ['colcon_meta']
[0.110s] Level 1:colcon.colcon_core.package_identification:_identify(src/tuos_ros/tuos_ros) by extension 'colcon_meta'
[0.110s] Level 1:colcon.colcon_core.package_identification:_identify(src/tuos_ros/tuos_ros) by extensions ['ros']
[0.110s] Level 1:colcon.colcon_core.package_identification:_identify(src/tuos_ros/tuos_ros) by extension 'ros'
[0.110s] DEBUG:colcon.colcon_core.package_identification:Package 'src/tuos_ros/tuos_ros' with type 'ros.ament_cmake' and name 'tuos_ros'
[0.111s] Level 1:colcon.colcon_core.package_identification:_identify(src/tuos_ros/tuos_simulations) by extensions ['ignore', 'ignore_ament_install']
[0.111s] Level 1:colcon.colcon_core.package_identification:_identify(src/tuos_ros/tuos_simulations) by extension 'ignore'
[0.111s] Level 1:colcon.colcon_core.package_identification:_identify(src/tuos_ros/tuos_simulations) by extension 'ignore_ament_install'
[0.111s] Level 1:colcon.colcon_core.package_identification:_identify(src/tuos_ros/tuos_simulations) by extensions ['colcon_pkg']
[0.111s] Level 1:colcon.colcon_core.package_identification:_identify(src/tuos_ros/tuos_simulations) by extension 'colcon_pkg'
[0.111s] Level 1:colcon.colcon_core.package_identification:_identify(src/tuos_ros/tuos_simulations) by extensions ['colcon_meta']
[0.111s] Level 1:colcon.colcon_core.package_identification:_identify(src/tuos_ros/tuos_simulations) by extension 'colcon_meta'
[0.111s] Level 1:colcon.colcon_core.package_identification:_identify(src/tuos_ros/tuos_simulations) by extensions ['ros']
[0.111s] Level 1:colcon.colcon_core.package_identification:_identify(src/tuos_ros/tuos_simulations) by extension 'ros'
[0.111s] DEBUG:colcon.colcon_core.package_identification:Package 'src/tuos_ros/tuos_simulations' with type 'ros.ament_cmake' and name 'tuos_simulations'
[0.111s] Level 1:colcon.colcon_core.package_identification:_identify(src/tuos_ros/tuos_tb3_tools) by extensions ['ignore', 'ignore_ament_install']
[0.111s] Level 1:colcon.colcon_core.package_identification:_identify(src/tuos_ros/tuos_tb3_tools) by extension 'ignore'
[0.111s] Level 1:colcon.colcon_core.package_identification:_identify(src/tuos_ros/tuos_tb3_tools) by extension 'ignore_ament_install'
[0.111s] Level 1:colcon.colcon_core.package_identification:_identify(src/tuos_ros/tuos_tb3_tools) by extensions ['colcon_pkg']
[0.111s] Level 1:colcon.colcon_core.package_identification:_identify(src/tuos_ros/tuos_tb3_tools) by extension 'colcon_pkg'
[0.111s] Level 1:colcon.colcon_core.package_identification:_identify(src/tuos_ros/tuos_tb3_tools) by extensions ['colcon_meta']
[0.111s] Level 1:colcon.colcon_core.package_identification:_identify(src/tuos_ros/tuos_tb3_tools) by extension 'colcon_meta'
[0.111s] Level 1:colcon.colcon_core.package_identification:_identify(src/tuos_ros/tuos_tb3_tools) by extensions ['ros']
[0.111s] Level 1:colcon.colcon_core.package_identification:_identify(src/tuos_ros/tuos_tb3_tools) by extension 'ros'
[0.112s] DEBUG:colcon.colcon_core.package_identification:Package 'src/tuos_ros/tuos_tb3_tools' with type 'ros.ament_cmake' and name 'tuos_tb3_tools'
[0.112s] Level 1:colcon.colcon_core.package_discovery:discover_packages(recursive) using defaults
[0.112s] Level 1:colcon.colcon_core.package_discovery:discover_packages(ignore) discover
[0.112s] Level 1:colcon.colcon_core.package_discovery:discover_packages(ignore) using defaults
[0.112s] Level 1:colcon.colcon_core.package_discovery:discover_packages(path) discover
[0.112s] Level 1:colcon.colcon_core.package_discovery:discover_packages(path) using defaults
[0.126s] Level 1:colcon.colcon_core.package_discovery:discover_packages(prefix_path) check parameters
[0.126s] Level 1:colcon.colcon_core.package_discovery:discover_packages(prefix_path) discover
[0.127s] DEBUG:colcon.colcon_installed_package_information.package_discovery:Found 9 installed packages in /home/vivaan/Documents/star_project_submissions/Week_0/ros2_ws/install
[0.128s] DEBUG:colcon.colcon_installed_package_information.package_discovery:Found 318 installed packages in /opt/ros/humble
[0.129s] Level 1:colcon.colcon_core.package_discovery:discover_packages(prefix_path) using defaults
[0.152s] Level 5:colcon.colcon_core.verb:set package 'part1_pubsub' build argument 'cmake_args' from command line to 'None'
[0.152s] Level 5:colcon.colcon_core.verb:set package 'part1_pubsub' build argument 'cmake_target' from command line to 'None'
[0.152s] Level 5:colcon.colcon_core.verb:set package 'part1_pubsub' build argument 'cmake_target_skip_unavailable' from command line to 'False'
[0.152s] Level 5:colcon.colcon_core.verb:set package 'part1_pubsub' build argument 'cmake_clean_cache' from command line to 'False'
[0.152s] Level 5:colcon.colcon_core.verb:set package 'part1_pubsub' build argument 'cmake_clean_first' from command line to 'False'
[0.152s] Level 5:colcon.colcon_core.verb:set package 'part1_pubsub' build argument 'cmake_force_configure' from command line to 'False'
[0.152s] Level 5:colcon.colcon_core.verb:set package 'part1_pubsub' build argument 'ament_cmake_args' from command line to 'None'
[0.152s] Level 5:colcon.colcon_core.verb:set package 'part1_pubsub' build argument 'catkin_cmake_args' from command line to 'None'
[0.152s] Level 5:colcon.colcon_core.verb:set package 'part1_pubsub' build argument 'catkin_skip_building_tests' from command line to 'False'
[0.152s] DEBUG:colcon.colcon_core.verb:Building package 'part1_pubsub' with the following arguments: {'ament_cmake_args': None, 'build_base': '/home/vivaan/Documents/star_project_submissions/Week_0/ros2_ws/build/part1_pubsub', 'catkin_cmake_args': None, 'catkin_skip_building_tests': False, 'cmake_args': None, 'cmake_clean_cache': False, 'cmake_clean_first': False, 'cmake_force_configure': False, 'cmake_target': None, 'cmake_target_skip_unavailable': False, 'install_base': '/home/vivaan/Documents/star_project_submissions/Week_0/ros2_ws/install/part1_pubsub', 'merge_install': False, 'path': '/home/vivaan/Documents/star_project_submissions/Week_0/ros2_ws/src/part1_pubsub', 'symlink_install': False, 'test_result_base': None}
[0.153s] Level 5:colcon.colcon_core.verb:set package 'part2_navigation' build argument 'cmake_args' from command line to 'None'
[0.153s] Level 5:colcon.colcon_core.verb:set package 'part2_navigation' build argument 'cmake_target' from command line to 'None'
[0.153s] Level 5:colcon.colcon_core.verb:set package 'part2_navigation' build argument 'cmake_target_skip_unavailable' from command line to 'False'
[0.153s] Level 5:colcon.colcon_core.verb:set package 'part2_navigation' build argument 'cmake_clean_cache' from command line to 'False'
[0.153s] Level 5:colcon.colcon_core.verb:set package 'part2_navigation' build argument 'cmake_clean_first' from command line to 'False'
[0.153s] Level 5:colcon.colcon_core.verb:set package 'part2_navigation' build argument 'cmake_force_configure' from command line to 'False'
[0.153s] Level 5:colcon.colcon_core.verb:set package 'part2_navigation' build argument 'ament_cmake_args' from command line to 'None'
[0.153s] Level 5:colcon.colcon_core.verb:set package 'part2_navigation' build argument 'catkin_cmake_args' from command line to 'None'
[0.153s] Level 5:colcon.colcon_core.verb:set package 'part2_navigation' build argument 'catkin_skip_building_tests' from command line to 'False'
[0.153s] DEBUG:colcon.colcon_core.verb:Building package 'part2_navigation' with the following arguments: {'ament_cmake_args': None, 'build_base': '/home/vivaan/Documents/star_project_submissions/Week_0/ros2_ws/build/part2_navigation', 'catkin_cmake_args': None, 'catkin_skip_building_tests': False, 'cmake_args': None, 'cmake_clean_cache': False, 'cmake_clean_first': False, 'cmake_force_configure': False, 'cmake_target': None, 'cmake_target_skip_unavailable': False, 'install_base': '/home/vivaan/Documents/star_project_submissions/Week_0/ros2_ws/install/part2_navigation', 'merge_install': False, 'path': '/home/vivaan/Documents/star_project_submissions/Week_0/ros2_ws/src/part2_navigation', 'symlink_install': False, 'test_result_base': None}
[0.153s] Level 5:colcon.colcon_core.verb:set package 'part3_beyond_basics' build argument 'cmake_args' from command line to 'None'
[0.153s] Level 5:colcon.colcon_core.verb:set package 'part3_beyond_basics' build argument 'cmake_target' from command line to 'None'
[0.153s] Level 5:colcon.colcon_core.verb:set package 'part3_beyond_basics' build argument 'cmake_target_skip_unavailable' from command line to 'False'
[0.153s] Level 5:colcon.colcon_core.verb:set package 'part3_beyond_basics' build argument 'cmake_clean_cache' from command line to 'False'
[0.153s] Level 5:colcon.colcon_core.verb:set package 'part3_beyond_basics' build argument 'cmake_clean_first' from command line to 'False'
[0.153s] Level 5:colcon.colcon_core.verb:set package 'part3_beyond_basics' build argument 'cmake_force_configure' from command line to 'False'
[0.153s] Level 5:colcon.colcon_core.verb:set package 'part3_beyond_basics' build argument 'ament_cmake_args' from command line to 'None'
[0.153s] Level 5:colcon.colcon_core.verb:set package 'part3_beyond_basics' build argument 'catkin_cmake_args' from command line to 'None'
[0.153s] Level 5:colcon.colcon_core.verb:set package 'part3_beyond_basics' build argument 'catkin_skip_building_tests' from command line to 'False'
[0.153s] DEBUG:colcon.colcon_core.verb:Building package 'part3_beyond_basics' with the following arguments: {'ament_cmake_args': None, 'build_base': '/home/vivaan/Documents/star_project_submissions/Week_0/ros2_ws/build/part3_beyond_basics', 'catkin_cmake_args': None, 'catkin_skip_building_tests': False, 'cmake_args': None, 'cmake_clean_cache': False, 'cmake_clean_first': False, 'cmake_force_configure': False, 'cmake_target': None, 'cmake_target_skip_unavailable': False, 'install_base': '/home/vivaan/Documents/star_project_submissions/Week_0/ros2_ws/install/part3_beyond_basics', 'merge_install': False, 'path': '/home/vivaan/Documents/star_project_submissions/Week_0/ros2_ws/src/part3_beyond_basics', 'symlink_install': False, 'test_result_base': None}
[0.153s] Level 5:colcon.colcon_core.verb:set package 'tuos_examples' build argument 'cmake_args' from command line to 'None'
[0.153s] Level 5:colcon.colcon_core.verb:set package 'tuos_examples' build argument 'cmake_target' from command line to 'None'
[0.153s] Level 5:colcon.colcon_core.verb:set package 'tuos_examples' build argument 'cmake_target_skip_unavailable' from command line to 'False'
[0.153s] Level 5:colcon.colcon_core.verb:set package 'tuos_examples' build argument 'cmake_clean_cache' from command line to 'False'
[0.153s] Level 5:colcon.colcon_core.verb:set package 'tuos_examples' build argument 'cmake_clean_first' from command line to 'False'
[0.153s] Level 5:colcon.colcon_core.verb:set package 'tuos_examples' build argument 'cmake_force_configure' from command line to 'False'
[0.153s] Level 5:colcon.colcon_core.verb:set package 'tuos_examples' build argument 'ament_cmake_args' from command line to 'None'
[0.153s] Level 5:colcon.colcon_core.verb:set package 'tuos_examples' build argument 'catkin_cmake_args' from command line to 'None'
[0.153s] Level 5:colcon.colcon_core.verb:set package 'tuos_examples' build argument 'catkin_skip_building_tests' from command line to 'False'
[0.153s] DEBUG:colcon.colcon_core.verb:Building package 'tuos_examples' with the following arguments: {'ament_cmake_args': None, 'build_base': '/home/vivaan/Documents/star_project_submissions/Week_0/ros2_ws/build/tuos_examples', 'catkin_cmake_args': None, 'catkin_skip_building_tests': False, 'cmake_args': None, 'cmake_clean_cache': False, 'cmake_clean_first': False, 'cmake_force_configure': False, 'cmake_target': None, 'cmake_target_skip_unavailable': False, 'install_base': '/home/vivaan/Documents/star_project_submissions/Week_0/ros2_ws/install/tuos_examples', 'merge_install': False, 'path': '/home/vivaan/Documents/star_project_submissions/Week_0/ros2_ws/src/tuos_ros/tuos_examples', 'symlink_install': False, 'test_result_base': None}
[0.154s] Level 5:colcon.colcon_core.verb:set package 'tuos_interfaces' build argument 'cmake_args' from command line to 'None'
[0.154s] Level 5:colcon.colcon_core.verb:set package 'tuos_interfaces' build argument 'cmake_target' from command line to 'None'
[0.154s] Level 5:colcon.colcon_core.verb:set package 'tuos_interfaces' build argument 'cmake_target_skip_unavailable' from command line to 'False'
[0.154s] Level 5:colcon.colcon_core.verb:set package 'tuos_interfaces' build argument 'cmake_clean_cache' from command line to 'False'
[0.154s] Level 5:colcon.colcon_core.verb:set package 'tuos_interfaces' build argument 'cmake_clean_first' from command line to 'False'
[0.154s] Level 5:colcon.colcon_core.verb:set package 'tuos_interfaces' build argument 'cmake_force_configure' from command line to 'False'
[0.154s] Level 5:colcon.colcon_core.verb:set package 'tuos_interfaces' build argument 'ament_cmake_args' from command line to 'None'
[0.154s] Level 5:colcon.colcon_core.verb:set package 'tuos_interfaces' build argument 'catkin_cmake_args' from command line to 'None'
[0.154s] Level 5:colcon.colcon_core.verb:set package 'tuos_interfaces' build argument 'catkin_skip_building_tests' from command line to 'False'
[0.154s] DEBUG:colcon.colcon_core.verb:Building package 'tuos_interfaces' with the following arguments: {'ament_cmake_args': None, 'build_base': '/home/vivaan/Documents/star_project_submissions/Week_0/ros2_ws/build/tuos_interfaces', 'catkin_cmake_args': None, 'catkin_skip_building_tests': False, 'cmake_args': None, 'cmake_clean_cache': False, 'cmake_clean_first': False, 'cmake_force_configure': False, 'cmake_target': None, 'cmake_target_skip_unavailable': False, 'install_base': '/home/vivaan/Documents/star_project_submissions/Week_0/ros2_ws/install/tuos_interfaces', 'merge_install': False, 'path': '/home/vivaan/Documents/star_project_submissions/Week_0/ros2_ws/src/tuos_ros/tuos_interfaces', 'symlink_install': False, 'test_result_base': None}
[0.154s] Level 5:colcon.colcon_core.verb:set package 'tuos_simulations' build argument 'cmake_args' from command line to 'None'
[0.154s] Level 5:colcon.colcon_core.verb:set package 'tuos_simulations' build argument 'cmake_target' from command line to 'None'
[0.154s] Level 5:colcon.colcon_core.verb:set package 'tuos_simulations' build argument 'cmake_target_skip_unavailable' from command line to 'False'
[0.154s] Level 5:colcon.colcon_core.verb:set package 'tuos_simulations' build argument 'cmake_clean_cache' from command line to 'False'
[0.154s] Level 5:colcon.colcon_core.verb:set package 'tuos_simulations' build argument 'cmake_clean_first' from command line to 'False'
[0.154s] Level 5:colcon.colcon_core.verb:set package 'tuos_simulations' build argument 'cmake_force_configure' from command line to 'False'
[0.154s] Level 5:colcon.colcon_core.verb:set package 'tuos_simulations' build argument 'ament_cmake_args' from command line to 'None'
[0.154s] Level 5:colcon.colcon_core.verb:set package 'tuos_simulations' build argument 'catkin_cmake_args' from command line to 'None'
[0.154s] Level 5:colcon.colcon_core.verb:set package 'tuos_simulations' build argument 'catkin_skip_building_tests' from command line to 'False'
[0.154s] DEBUG:colcon.colcon_core.verb:Building package 'tuos_simulations' with the following arguments: {'ament_cmake_args': None, 'build_base': '/home/vivaan/Documents/star_project_submissions/Week_0/ros2_ws/build/tuos_simulations', 'catkin_cmake_args': None, 'catkin_skip_building_tests': False, 'cmake_args': None, 'cmake_clean_cache': False, 'cmake_clean_first': False, 'cmake_force_configure': False, 'cmake_target': None, 'cmake_target_skip_unavailable': False, 'install_base': '/home/vivaan/Documents/star_project_submissions/Week_0/ros2_ws/install/tuos_simulations', 'merge_install': False, 'path': '/home/vivaan/Documents/star_project_submissions/Week_0/ros2_ws/src/tuos_ros/tuos_simulations', 'symlink_install': False, 'test_result_base': None}
[0.154s] Level 5:colcon.colcon_core.verb:set package 'tuos_tb3_tools' build argument 'cmake_args' from command line to 'None'
[0.154s] Level 5:colcon.colcon_core.verb:set package 'tuos_tb3_tools' build argument 'cmake_target' from command line to 'None'
[0.154s] Level 5:colcon.colcon_core.verb:set package 'tuos_tb3_tools' build argument 'cmake_target_skip_unavailable' from command line to 'False'
[0.154s] Level 5:colcon.colcon_core.verb:set package 'tuos_tb3_tools' build argument 'cmake_clean_cache' from command line to 'False'
[0.154s] Level 5:colcon.colcon_core.verb:set package 'tuos_tb3_tools' build argument 'cmake_clean_first' from command line to 'False'
[0.154s] Level 5:colcon.colcon_core.verb:set package 'tuos_tb3_tools' build argument 'cmake_force_configure' from command line to 'False'
[0.154s] Level 5:colcon.colcon_core.verb:set package 'tuos_tb3_tools' build argument 'ament_cmake_args' from command line to 'None'
[0.154s] Level 5:colcon.colcon_core.verb:set package 'tuos_tb3_tools' build argument 'catkin_cmake_args' from command line to 'None'
[0.154s] Level 5:colcon.colcon_core.verb:set package 'tuos_tb3_tools' build argument 'catkin_skip_building_tests' from command line to 'False'
[0.154s] DEBUG:colcon.colcon_core.verb:Building package 'tuos_tb3_tools' with the following arguments: {'ament_cmake_args': None, 'build_base': '/home/vivaan/Documents/star_project_submissions/Week_0/ros2_ws/build/tuos_tb3_tools', 'catkin_cmake_args': None, 'catkin_skip_building_tests': False, 'cmake_args': None, 'cmake_clean_cache': False, 'cmake_clean_first': False, 'cmake_force_configure': False, 'cmake_target': None, 'cmake_target_skip_unavailable': False, 'install_base': '/home/vivaan/Documents/star_project_submissions/Week_0/ros2_ws/install/tuos_tb3_tools', 'merge_install': False, 'path': '/home/vivaan/Documents/star_project_submissions/Week_0/ros2_ws/src/tuos_ros/tuos_tb3_tools', 'symlink_install': False, 'test_result_base': None}
[0.154s] Level 5:colcon.colcon_core.verb:set package 'com2009_simulations' build argument 'cmake_args' from command line to 'None'
[0.154s] Level 5:colcon.colcon_core.verb:set package 'com2009_simulations' build argument 'cmake_target' from command line to 'None'
[0.154s] Level 5:colcon.colcon_core.verb:set package 'com2009_simulations' build argument 'cmake_target_skip_unavailable' from command line to 'False'
[0.154s] Level 5:colcon.colcon_core.verb:set package 'com2009_simulations' build argument 'cmake_clean_cache' from command line to 'False'
[0.154s] Level 5:colcon.colcon_core.verb:set package 'com2009_simulations' build argument 'cmake_clean_first' from command line to 'False'
[0.154s] Level 5:colcon.colcon_core.verb:set package 'com2009_simulations' build argument 'cmake_force_configure' from command line to 'False'
[0.154s] Level 5:colcon.colcon_core.verb:set package 'com2009_simulations' build argument 'ament_cmake_args' from command line to 'None'
[0.154s] Level 5:colcon.colcon_core.verb:set package 'com2009_simulations' build argument 'catkin_cmake_args' from command line to 'None'
[0.155s] Level 5:colcon.colcon_core.verb:set package 'com2009_simulations' build argument 'catkin_skip_building_tests' from command line to 'False'
[0.155s] DEBUG:colcon.colcon_core.verb:Building package 'com2009_simulations' with the following arguments: {'ament_cmake_args': None, 'build_base': '/home/vivaan/Documents/star_project_submissions/Week_0/ros2_ws/build/com2009_simulations', 'catkin_cmake_args': None, 'catkin_skip_building_tests': False, 'cmake_args': None, 'cmake_clean_cache': False, 'cmake_clean_first': False, 'cmake_force_configure': False, 'cmake_target': None, 'cmake_target_skip_unavailable': False, 'install_base': '/home/vivaan/Documents/star_project_submissions/Week_0/ros2_ws/install/com2009_simulations', 'merge_install': False, 'path': '/home/vivaan/Documents/star_project_submissions/Week_0/ros2_ws/src/tuos_ros/com2009_simulations', 'symlink_install': False, 'test_result_base': None}
[0.155s] Level 5:colcon.colcon_core.verb:set package 'tuos_ros' build argument 'cmake_args' from command line to 'None'
[0.155s] Level 5:colcon.colcon_core.verb:set package 'tuos_ros' build argument 'cmake_target' from command line to 'None'
[0.155s] Level 5:colcon.colcon_core.verb:set package 'tuos_ros' build argument 'cmake_target_skip_unavailable' from command line to 'False'
[0.155s] Level 5:colcon.colcon_core.verb:set package 'tuos_ros' build argument 'cmake_clean_cache' from command line to 'False'
[0.155s] Level 5:colcon.colcon_core.verb:set package 'tuos_ros' build argument 'cmake_clean_first' from command line to 'False'
[0.155s] Level 5:colcon.colcon_core.verb:set package 'tuos_ros' build argument 'cmake_force_configure' from command line to 'False'
[0.155s] Level 5:colcon.colcon_core.verb:set package 'tuos_ros' build argument 'ament_cmake_args' from command line to 'None'
[0.155s] Level 5:colcon.colcon_core.verb:set package 'tuos_ros' build argument 'catkin_cmake_args' from command line to 'None'
[0.155s] Level 5:colcon.colcon_core.verb:set package 'tuos_ros' build argument 'catkin_skip_building_tests' from command line to 'False'
[0.155s] DEBUG:colcon.colcon_core.verb:Building package 'tuos_ros' with the following arguments: {'ament_cmake_args': None, 'build_base': '/home/vivaan/Documents/star_project_submissions/Week_0/ros2_ws/build/tuos_ros', 'catkin_cmake_args': None, 'catkin_skip_building_tests': False, 'cmake_args': None, 'cmake_clean_cache': False, 'cmake_clean_first': False, 'cmake_force_configure': False, 'cmake_target': None, 'cmake_target_skip_unavailable': False, 'install_base': '/home/vivaan/Documents/star_project_submissions/Week_0/ros2_ws/install/tuos_ros', 'merge_install': False, 'path': '/home/vivaan/Documents/star_project_submissions/Week_0/ros2_ws/src/tuos_ros/tuos_ros', 'symlink_install': False, 'test_result_base': None}
[0.155s] INFO:colcon.colcon_core.executor:Executing jobs using 'parallel' executor
[0.156s] DEBUG:colcon.colcon_parallel_executor.executor.parallel:run_until_complete
[0.156s] INFO:colcon.colcon_ros.task.ament_cmake.build:Building ROS package in '/home/vivaan/Documents/star_project_submissions/Week_0/ros2_ws/src/tuos_ros/tuos_simulations' with build type 'ament_cmake'
[0.156s] INFO:colcon.colcon_cmake.task.cmake.build:Building CMake package in '/home/vivaan/Documents/star_project_submissions/Week_0/ros2_ws/src/tuos_ros/tuos_simulations'
[0.158s] INFO:colcon.colcon_core.plugin_system:Skipping extension 'colcon_core.shell.bat': Not used on non-Windows systems
[0.158s] INFO:colcon.colcon_core.shell:Skip shell extension 'powershell' for command environment: Not usable outside of PowerShell
[0.158s] DEBUG:colcon.colcon_core.shell:Skip shell extension 'dsv' for command environment
[0.160s] INFO:colcon.colcon_ros.task.ament_cmake.build:Building ROS package in '/home/vivaan/Documents/star_project_submissions/Week_0/ros2_ws/src/tuos_ros/tuos_examples' with build type 'ament_cmake'
[0.160s] INFO:colcon.colcon_cmake.task.cmake.build:Building CMake package in '/home/vivaan/Documents/star_project_submissions/Week_0/ros2_ws/src/tuos_ros/tuos_examples'
[0.161s] INFO:colcon.colcon_core.shell:Skip shell extension 'powershell' for command environment: Not usable outside of PowerShell
[0.161s] DEBUG:colcon.colcon_core.shell:Skip shell extension 'dsv' for command environment
[0.163s] INFO:colcon.colcon_ros.task.ament_cmake.build:Building ROS package in '/home/vivaan/Documents/star_project_submissions/Week_0/ros2_ws/src/tuos_ros/tuos_interfaces' with build type 'ament_cmake'
[0.163s] INFO:colcon.colcon_cmake.task.cmake.build:Building CMake package in '/home/vivaan/Documents/star_project_submissions/Week_0/ros2_ws/src/tuos_ros/tuos_interfaces'
[0.163s] INFO:colcon.colcon_core.shell:Skip shell extension 'powershell' for command environment: Not usable outside of PowerShell
[0.163s] DEBUG:colcon.colcon_core.shell:Skip shell extension 'dsv' for command environment
[0.165s] INFO:colcon.colcon_ros.task.ament_cmake.build:Building ROS package in '/home/vivaan/Documents/star_project_submissions/Week_0/ros2_ws/src/tuos_ros/tuos_tb3_tools' with build type 'ament_cmake'
[0.165s] INFO:colcon.colcon_cmake.task.cmake.build:Building CMake package in '/home/vivaan/Documents/star_project_submissions/Week_0/ros2_ws/src/tuos_ros/tuos_tb3_tools'
[0.165s] INFO:colcon.colcon_core.shell:Skip shell extension 'powershell' for command environment: Not usable outside of PowerShell
[0.165s] DEBUG:colcon.colcon_core.shell:Skip shell extension 'dsv' for command environment
[0.167s] INFO:colcon.colcon_ros.task.ament_cmake.build:Building ROS package in '/home/vivaan/Documents/star_project_submissions/Week_0/ros2_ws/src/part1_pubsub' with build type 'ament_cmake'
[0.167s] INFO:colcon.colcon_cmake.task.cmake.build:Building CMake package in '/home/vivaan/Documents/star_project_submissions/Week_0/ros2_ws/src/part1_pubsub'
[0.167s] INFO:colcon.colcon_core.shell:Skip shell extension 'powershell' for command environment: Not usable outside of PowerShell
[0.167s] DEBUG:colcon.colcon_core.shell:Skip shell extension 'dsv' for command environment
[0.170s] INFO:colcon.colcon_ros.task.ament_cmake.build:Building ROS package in '/home/vivaan/Documents/star_project_submissions/Week_0/ros2_ws/src/part2_navigation' with build type 'ament_cmake'
[0.170s] INFO:colcon.colcon_cmake.task.cmake.build:Building CMake package in '/home/vivaan/Documents/star_project_submissions/Week_0/ros2_ws/src/part2_navigation'
[0.170s] INFO:colcon.colcon_core.shell:Skip shell extension 'powershell' for command environment: Not usable outside of PowerShell
[0.170s] DEBUG:colcon.colcon_core.shell:Skip shell extension 'dsv' for command environment
[0.172s] INFO:colcon.colcon_ros.task.ament_cmake.build:Building ROS package in '/home/vivaan/Documents/star_project_submissions/Week_0/ros2_ws/src/part3_beyond_basics' with build type 'ament_cmake'
[0.172s] INFO:colcon.colcon_cmake.task.cmake.build:Building CMake package in '/home/vivaan/Documents/star_project_submissions/Week_0/ros2_ws/src/part3_beyond_basics'
[0.172s] INFO:colcon.colcon_core.shell:Skip shell extension 'powershell' for command environment: Not usable outside of PowerShell
[0.172s] DEBUG:colcon.colcon_core.shell:Skip shell extension 'dsv' for command environment
[0.178s] DEBUG:colcon.colcon_core.event_handler.log_command:Invoking command in '/home/vivaan/Documents/star_project_submissions/Week_0/ros2_ws/build/tuos_simulations': CMAKE_PREFIX_PATH=${CMAKE_PREFIX_PATH}:/opt/ros/humble /usr/bin/cmake --build /home/vivaan/Documents/star_project_submissions/Week_0/ros2_ws/build/tuos_simulations -- -j12 -l12
[0.179s] DEBUG:colcon.colcon_core.event_handler.log_command:Invoking command in '/home/vivaan/Documents/star_project_submissions/Week_0/ros2_ws/build/tuos_examples': CMAKE_PREFIX_PATH=${CMAKE_PREFIX_PATH}:/opt/ros/humble /usr/bin/cmake --build /home/vivaan/Documents/star_project_submissions/Week_0/ros2_ws/build/tuos_examples -- -j12 -l12
[0.181s] DEBUG:colcon.colcon_core.event_handler.log_command:Invoking command in '/home/vivaan/Documents/star_project_submissions/Week_0/ros2_ws/build/tuos_interfaces': CMAKE_PREFIX_PATH=${CMAKE_PREFIX_PATH}:/opt/ros/humble /usr/bin/cmake --build /home/vivaan/Documents/star_project_submissions/Week_0/ros2_ws/build/tuos_interfaces -- -j12 -l12
[0.184s] DEBUG:colcon.colcon_core.event_handler.log_command:Invoking command in '/home/vivaan/Documents/star_project_submissions/Week_0/ros2_ws/build/tuos_tb3_tools': CMAKE_PREFIX_PATH=${CMAKE_PREFIX_PATH}:/opt/ros/humble /usr/bin/cmake --build /home/vivaan/Documents/star_project_submissions/Week_0/ros2_ws/build/tuos_tb3_tools -- -j12 -l12
[0.187s] DEBUG:colcon.colcon_core.event_handler.log_command:Invoking command in '/home/vivaan/Documents/star_project_submissions/Week_0/ros2_ws/build/part1_pubsub': CMAKE_PREFIX_PATH=${CMAKE_PREFIX_PATH}:/opt/ros/humble /usr/bin/cmake --build /home/vivaan/Documents/star_project_submissions/Week_0/ros2_ws/build/part1_pubsub -- -j12 -l12
[0.193s] DEBUG:colcon.colcon_core.event_handler.log_command:Invoking command in '/home/vivaan/Documents/star_project_submissions/Week_0/ros2_ws/build/part2_navigation': CMAKE_PREFIX_PATH=${CMAKE_PREFIX_PATH}:/opt/ros/humble /usr/bin/cmake --build /home/vivaan/Documents/star_project_submissions/Week_0/ros2_ws/build/part2_navigation -- -j12 -l12
[0.201s] DEBUG:colcon.colcon_core.event_handler.log_command:Invoking command in '/home/vivaan/Documents/star_project_submissions/Week_0/ros2_ws/build/part3_beyond_basics': CMAKE_PREFIX_PATH=${CMAKE_PREFIX_PATH}:/opt/ros/humble /usr/bin/cmake --build /home/vivaan/Documents/star_project_submissions/Week_0/ros2_ws/build/part3_beyond_basics -- -j12 -l12
[0.218s] DEBUG:colcon.colcon_core.event_handler.log_command:Invoked command in '/home/vivaan/Documents/star_project_submissions/Week_0/ros2_ws/build/tuos_simulations' returned '0': CMAKE_PREFIX_PATH=${CMAKE_PREFIX_PATH}:/opt/ros/humble /usr/bin/cmake --build /home/vivaan/Documents/star_project_submissions/Week_0/ros2_ws/build/tuos_simulations -- -j12 -l12
[0.226s] DEBUG:colcon.colcon_core.event_handler.log_command:Invoking command in '/home/vivaan/Documents/star_project_submissions/Week_0/ros2_ws/build/tuos_simulations': CMAKE_PREFIX_PATH=${CMAKE_PREFIX_PATH}:/opt/ros/humble /usr/bin/cmake --install /home/vivaan/Documents/star_project_submissions/Week_0/ros2_ws/build/tuos_simulations
[0.235s] DEBUG:colcon.colcon_core.event_handler.log_command:Invoked command in '/home/vivaan/Documents/star_project_submissions/Week_0/ros2_ws/build/part2_navigation' returned '0': CMAKE_PREFIX_PATH=${CMAKE_PREFIX_PATH}:/opt/ros/humble /usr/bin/cmake --build /home/vivaan/Documents/star_project_submissions/Week_0/ros2_ws/build/part2_navigation -- -j12 -l12
[0.236s] DEBUG:colcon.colcon_core.event_handler.log_command:Invoking command in '/home/vivaan/Documents/star_project_submissions/Week_0/ros2_ws/build/part2_navigation': CMAKE_PREFIX_PATH=${CMAKE_PREFIX_PATH}:/opt/ros/humble /usr/bin/cmake --install /home/vivaan/Documents/star_project_submissions/Week_0/ros2_ws/build/part2_navigation
[0.243s] Level 1:colcon.colcon_core.environment:create_environment_scripts_only(tuos_simulations)
[0.249s] DEBUG:colcon.colcon_core.event_handler.log_command:Invoked command in '/home/vivaan/Documents/star_project_submissions/Week_0/ros2_ws/build/tuos_simulations' returned '0': CMAKE_PREFIX_PATH=${CMAKE_PREFIX_PATH}:/opt/ros/humble /usr/bin/cmake --install /home/vivaan/Documents/star_project_submissions/Week_0/ros2_ws/build/tuos_simulations
[0.251s] Level 1:colcon.colcon_core.environment:checking '/home/vivaan/Documents/star_project_submissions/Week_0/ros2_ws/install/tuos_simulations' for CMake module files
[0.251s] Level 1:colcon.colcon_core.environment:checking '/home/vivaan/Documents/star_project_submissions/Week_0/ros2_ws/install/tuos_simulations' for CMake config files
[0.252s] Level 1:colcon.colcon_core.shell:create_environment_hook('tuos_simulations', 'cmake_prefix_path')
[0.252s] INFO:colcon.colcon_core.shell:Creating environment hook '/home/vivaan/Documents/star_project_submissions/Week_0/ros2_ws/install/tuos_simulations/share/tuos_simulations/hook/cmake_prefix_path.ps1'
[0.253s] INFO:colcon.colcon_core.shell:Creating environment descriptor '/home/vivaan/Documents/star_project_submissions/Week_0/ros2_ws/install/tuos_simulations/share/tuos_simulations/hook/cmake_prefix_path.dsv'
[0.253s] INFO:colcon.colcon_core.shell:Creating environment hook '/home/vivaan/Documents/star_project_submissions/Week_0/ros2_ws/install/tuos_simulations/share/tuos_simulations/hook/cmake_prefix_path.sh'
[0.254s] Level 1:colcon.colcon_core.environment:checking '/home/vivaan/Documents/star_project_submissions/Week_0/ros2_ws/install/tuos_simulations/bin'
[0.254s] Level 1:colcon.colcon_core.environment:checking '/home/vivaan/Documents/star_project_submissions/Week_0/ros2_ws/install/tuos_simulations/lib/pkgconfig/tuos_simulations.pc'
[0.255s] Level 1:colcon.colcon_core.environment:checking '/home/vivaan/Documents/star_project_submissions/Week_0/ros2_ws/install/tuos_simulations/lib/python3.10/site-packages'
[0.255s] Level 1:colcon.colcon_core.environment:checking '/home/vivaan/Documents/star_project_submissions/Week_0/ros2_ws/install/tuos_simulations/bin'
[0.255s] INFO:colcon.colcon_core.shell:Creating package script '/home/vivaan/Documents/star_project_submissions/Week_0/ros2_ws/install/tuos_simulations/share/tuos_simulations/package.ps1'
[0.257s] INFO:colcon.colcon_core.shell:Creating package descriptor '/home/vivaan/Documents/star_project_submissions/Week_0/ros2_ws/install/tuos_simulations/share/tuos_simulations/package.dsv'
[0.257s] INFO:colcon.colcon_core.shell:Creating package script '/home/vivaan/Documents/star_project_submissions/Week_0/ros2_ws/install/tuos_simulations/share/tuos_simulations/package.sh'
[0.258s] INFO:colcon.colcon_core.shell:Creating package script '/home/vivaan/Documents/star_project_submissions/Week_0/ros2_ws/install/tuos_simulations/share/tuos_simulations/package.bash'
[0.259s] INFO:colcon.colcon_core.shell:Creating package script '/home/vivaan/Documents/star_project_submissions/Week_0/ros2_ws/install/tuos_simulations/share/tuos_simulations/package.zsh'
[0.259s] Level 1:colcon.colcon_core.environment:create_file_with_runtime_dependencies(/home/vivaan/Documents/star_project_submissions/Week_0/ros2_ws/install/tuos_simulations/share/colcon-core/packages/tuos_simulations)
[0.260s] Level 1:colcon.colcon_core.environment:create_environment_scripts_only(tuos_simulations)
[0.260s] Level 1:colcon.colcon_core.environment:checking '/home/vivaan/Documents/star_project_submissions/Week_0/ros2_ws/install/tuos_simulations' for CMake module files
[0.261s] Level 1:colcon.colcon_core.environment:checking '/home/vivaan/Documents/star_project_submissions/Week_0/ros2_ws/install/tuos_simulations' for CMake config files
[0.262s] Level 1:colcon.colcon_core.shell:create_environment_hook('tuos_simulations', 'cmake_prefix_path')
[0.262s] INFO:colcon.colcon_core.shell:Creating environment hook '/home/vivaan/Documents/star_project_submissions/Week_0/ros2_ws/install/tuos_simulations/share/tuos_simulations/hook/cmake_prefix_path.ps1'
[0.262s] INFO:colcon.colcon_core.shell:Creating environment descriptor '/home/vivaan/Documents/star_project_submissions/Week_0/ros2_ws/install/tuos_simulations/share/tuos_simulations/hook/cmake_prefix_path.dsv'
[0.263s] INFO:colcon.colcon_core.shell:Creating environment hook '/home/vivaan/Documents/star_project_submissions/Week_0/ros2_ws/install/tuos_simulations/share/tuos_simulations/hook/cmake_prefix_path.sh'
[0.263s] Level 1:colcon.colcon_core.environment:checking '/home/vivaan/Documents/star_project_submissions/Week_0/ros2_ws/install/tuos_simulations/bin'
[0.263s] Level 1:colcon.colcon_core.environment:checking '/home/vivaan/Documents/star_project_submissions/Week_0/ros2_ws/install/tuos_simulations/lib/pkgconfig/tuos_simulations.pc'
[0.263s] Level 1:colcon.colcon_core.environment:checking '/home/vivaan/Documents/star_project_submissions/Week_0/ros2_ws/install/tuos_simulations/lib/python3.10/site-packages'
[0.264s] Level 1:colcon.colcon_core.environment:checking '/home/vivaan/Documents/star_project_submissions/Week_0/ros2_ws/install/tuos_simulations/bin'
[0.264s] INFO:colcon.colcon_core.shell:Creating package script '/home/vivaan/Documents/star_project_submissions/Week_0/ros2_ws/install/tuos_simulations/share/tuos_simulations/package.ps1'
[0.266s] INFO:colcon.colcon_core.shell:Creating package descriptor '/home/vivaan/Documents/star_project_submissions/Week_0/ros2_ws/install/tuos_simulations/share/tuos_simulations/package.dsv'
[0.267s] INFO:colcon.colcon_core.shell:Creating package script '/home/vivaan/Documents/star_project_submissions/Week_0/ros2_ws/install/tuos_simulations/share/tuos_simulations/package.sh'
[0.267s] INFO:colcon.colcon_core.shell:Creating package script '/home/vivaan/Documents/star_project_submissions/Week_0/ros2_ws/install/tuos_simulations/share/tuos_simulations/package.bash'
[0.268s] INFO:colcon.colcon_core.shell:Creating package script '/home/vivaan/Documents/star_project_submissions/Week_0/ros2_ws/install/tuos_simulations/share/tuos_simulations/package.zsh'
[0.268s] Level 1:colcon.colcon_core.environment:create_file_with_runtime_dependencies(/home/vivaan/Documents/star_project_submissions/Week_0/ros2_ws/install/tuos_simulations/share/colcon-core/packages/tuos_simulations)
[0.270s] INFO:colcon.colcon_ros.task.ament_cmake.build:Building ROS package in '/home/vivaan/Documents/star_project_submissions/Week_0/ros2_ws/src/tuos_ros/com2009_simulations' with build type 'ament_cmake'
[0.270s] INFO:colcon.colcon_cmake.task.cmake.build:Building CMake package in '/home/vivaan/Documents/star_project_submissions/Week_0/ros2_ws/src/tuos_ros/com2009_simulations'
[0.270s] INFO:colcon.colcon_core.shell:Skip shell extension 'powershell' for command environment: Not usable outside of PowerShell
[0.270s] DEBUG:colcon.colcon_core.shell:Skip shell extension 'dsv' for command environment
[0.282s] DEBUG:colcon.colcon_core.event_handler.log_command:Invoked command in '/home/vivaan/Documents/star_project_submissions/Week_0/ros2_ws/build/tuos_tb3_tools' returned '0': CMAKE_PREFIX_PATH=${CMAKE_PREFIX_PATH}:/opt/ros/humble /usr/bin/cmake --build /home/vivaan/Documents/star_project_submissions/Week_0/ros2_ws/build/tuos_tb3_tools -- -j12 -l12
[0.283s] DEBUG:colcon.colcon_core.event_handler.log_command:Invoking command in '/home/vivaan/Documents/star_project_submissions/Week_0/ros2_ws/build/tuos_tb3_tools': CMAKE_PREFIX_PATH=${CMAKE_PREFIX_PATH}:/opt/ros/humble /usr/bin/cmake --install /home/vivaan/Documents/star_project_submissions/Week_0/ros2_ws/build/tuos_tb3_tools
[0.284s] Level 1:colcon.colcon_core.environment:create_environment_scripts_only(part2_navigation)
[0.284s] Level 1:colcon.colcon_core.environment:checking '/home/vivaan/Documents/star_project_submissions/Week_0/ros2_ws/install/part2_navigation' for CMake module files
[0.285s] DEBUG:colcon.colcon_core.event_handler.log_command:Invoked command in '/home/vivaan/Documents/star_project_submissions/Week_0/ros2_ws/build/part2_navigation' returned '0': CMAKE_PREFIX_PATH=${CMAKE_PREFIX_PATH}:/opt/ros/humble /usr/bin/cmake --install /home/vivaan/Documents/star_project_submissions/Week_0/ros2_ws/build/part2_navigation
[0.286s] Level 1:colcon.colcon_core.environment:checking '/home/vivaan/Documents/star_project_submissions/Week_0/ros2_ws/install/part2_navigation' for CMake config files
[0.286s] Level 1:colcon.colcon_core.shell:create_environment_hook('part2_navigation', 'cmake_prefix_path')
[0.286s] INFO:colcon.colcon_core.shell:Creating environment hook '/home/vivaan/Documents/star_project_submissions/Week_0/ros2_ws/install/part2_navigation/share/part2_navigation/hook/cmake_prefix_path.ps1'
[0.286s] INFO:colcon.colcon_core.shell:Creating environment descriptor '/home/vivaan/Documents/star_project_submissions/Week_0/ros2_ws/install/part2_navigation/share/part2_navigation/hook/cmake_prefix_path.dsv'
[0.287s] INFO:colcon.colcon_core.shell:Creating environment hook '/home/vivaan/Documents/star_project_submissions/Week_0/ros2_ws/install/part2_navigation/share/part2_navigation/hook/cmake_prefix_path.sh'
[0.287s] Level 1:colcon.colcon_core.environment:checking '/home/vivaan/Documents/star_project_submissions/Week_0/ros2_ws/install/part2_navigation/lib'
[0.287s] Level 1:colcon.colcon_core.environment:checking '/home/vivaan/Documents/star_project_submissions/Week_0/ros2_ws/install/part2_navigation/bin'
[0.287s] Level 1:colcon.colcon_core.environment:checking '/home/vivaan/Documents/star_project_submissions/Week_0/ros2_ws/install/part2_navigation/lib/pkgconfig/part2_navigation.pc'
[0.288s] Level 1:colcon.colcon_core.environment:checking '/home/vivaan/Documents/star_project_submissions/Week_0/ros2_ws/install/part2_navigation/lib/python3.10/site-packages'
[0.288s] Level 1:colcon.colcon_core.environment:checking '/home/vivaan/Documents/star_project_submissions/Week_0/ros2_ws/install/part2_navigation/bin'
[0.288s] INFO:colcon.colcon_core.shell:Creating package script '/home/vivaan/Documents/star_project_submissions/Week_0/ros2_ws/install/part2_navigation/share/part2_navigation/package.ps1'
[0.289s] INFO:colcon.colcon_core.shell:Creating package descriptor '/home/vivaan/Documents/star_project_submissions/Week_0/ros2_ws/install/part2_navigation/share/part2_navigation/package.dsv'
[0.290s] INFO:colcon.colcon_core.shell:Creating package script '/home/vivaan/Documents/star_project_submissions/Week_0/ros2_ws/install/part2_navigation/share/part2_navigation/package.sh'
[0.291s] INFO:colcon.colcon_core.shell:Creating package script '/home/vivaan/Documents/star_project_submissions/Week_0/ros2_ws/install/part2_navigation/share/part2_navigation/package.bash'
[0.292s] INFO:colcon.colcon_core.shell:Creating package script '/home/vivaan/Documents/star_project_submissions/Week_0/ros2_ws/install/part2_navigation/share/part2_navigation/package.zsh'
[0.292s] Level 1:colcon.colcon_core.environment:create_file_with_runtime_dependencies(/home/vivaan/Documents/star_project_submissions/Week_0/ros2_ws/install/part2_navigation/share/colcon-core/packages/part2_navigation)
[0.293s] Level 1:colcon.colcon_core.environment:create_environment_scripts_only(part2_navigation)
[0.293s] Level 1:colcon.colcon_core.environment:checking '/home/vivaan/Documents/star_project_submissions/Week_0/ros2_ws/install/part2_navigation' for CMake module files
[0.294s] Level 1:colcon.colcon_core.environment:checking '/home/vivaan/Documents/star_project_submissions/Week_0/ros2_ws/install/part2_navigation' for CMake config files
[0.294s] Level 1:colcon.colcon_core.shell:create_environment_hook('part2_navigation', 'cmake_prefix_path')
[0.295s] INFO:colcon.colcon_core.shell:Creating environment hook '/home/vivaan/Documents/star_project_submissions/Week_0/ros2_ws/install/part2_navigation/share/part2_navigation/hook/cmake_prefix_path.ps1'
[0.295s] INFO:colcon.colcon_core.shell:Creating environment descriptor '/home/vivaan/Documents/star_project_submissions/Week_0/ros2_ws/install/part2_navigation/share/part2_navigation/hook/cmake_prefix_path.dsv'
[0.296s] INFO:colcon.colcon_core.shell:Creating environment hook '/home/vivaan/Documents/star_project_submissions/Week_0/ros2_ws/install/part2_navigation/share/part2_navigation/hook/cmake_prefix_path.sh'
[0.296s] Level 1:colcon.colcon_core.environment:checking '/home/vivaan/Documents/star_project_submissions/Week_0/ros2_ws/install/part2_navigation/lib'
[0.296s] Level 1:colcon.colcon_core.environment:checking '/home/vivaan/Documents/star_project_submissions/Week_0/ros2_ws/install/part2_navigation/bin'
[0.297s] Level 1:colcon.colcon_core.environment:checking '/home/vivaan/Documents/star_project_submissions/Week_0/ros2_ws/install/part2_navigation/lib/pkgconfig/part2_navigation.pc'
[0.297s] Level 1:colcon.colcon_core.environment:checking '/home/vivaan/Documents/star_project_submissions/Week_0/ros2_ws/install/part2_navigation/lib/python3.10/site-packages'
[0.297s] Level 1:colcon.colcon_core.environment:checking '/home/vivaan/Documents/star_project_submissions/Week_0/ros2_ws/install/part2_navigation/bin'
[0.298s] INFO:colcon.colcon_core.shell:Creating package script '/home/vivaan/Documents/star_project_submissions/Week_0/ros2_ws/install/part2_navigation/share/part2_navigation/package.ps1'
[0.299s] INFO:colcon.colcon_core.shell:Creating package descriptor '/home/vivaan/Documents/star_project_submissions/Week_0/ros2_ws/install/part2_navigation/share/part2_navigation/package.dsv'
[0.299s] INFO:colcon.colcon_core.shell:Creating package script '/home/vivaan/Documents/star_project_submissions/Week_0/ros2_ws/install/part2_navigation/share/part2_navigation/package.sh'
[0.300s] INFO:colcon.colcon_core.shell:Creating package script '/home/vivaan/Documents/star_project_submissions/Week_0/ros2_ws/install/part2_navigation/share/part2_navigation/package.bash'
[0.300s] INFO:colcon.colcon_core.shell:Creating package script '/home/vivaan/Documents/star_project_submissions/Week_0/ros2_ws/install/part2_navigation/share/part2_navigation/package.zsh'
[0.301s] Level 1:colcon.colcon_core.environment:create_file_with_runtime_dependencies(/home/vivaan/Documents/star_project_submissions/Week_0/ros2_ws/install/part2_navigation/share/colcon-core/packages/part2_navigation)
[0.304s] DEBUG:colcon.colcon_core.event_handler.log_command:Invoking command in '/home/vivaan/Documents/star_project_submissions/Week_0/ros2_ws/build/com2009_simulations': CMAKE_PREFIX_PATH=/home/vivaan/Documents/star_project_submissions/Week_0/ros2_ws/install/tuos_simulations:/home/vivaan/Documents/star_project_submissions/Week_0/ros2_ws/install/tuos_ros:/home/vivaan/Documents/star_project_submissions/Week_0/ros2_ws/install/tuos_tb3_tools:/home/vivaan/Documents/star_project_submissions/Week_0/ros2_ws/install/com2009_simulations:/home/vivaan/Documents/star_project_submissions/Week_0/ros2_ws/install/tuos_interfaces:/home/vivaan/Documents/star_project_submissions/Week_0/ros2_ws/install/tuos_examples:/home/vivaan/Documents/star_project_submissions/Week_0/ros2_ws/install/part3_beyond_basics:/home/vivaan/Documents/star_project_submissions/Week_0/ros2_ws/install/part2_navigation:/home/vivaan/Documents/star_project_submissions/Week_0/ros2_ws/install/part1_pubsub:/opt/ros/humble /usr/bin/cmake --build /home/vivaan/Documents/star_project_submissions/Week_0/ros2_ws/build/com2009_simulations -- -j12 -l12
[0.304s] Level 1:colcon.colcon_core.environment:create_environment_scripts_only(tuos_tb3_tools)
[0.305s] Level 1:colcon.colcon_core.environment:checking '/home/vivaan/Documents/star_project_submissions/Week_0/ros2_ws/install/tuos_tb3_tools' for CMake module files
[0.305s] DEBUG:colcon.colcon_core.event_handler.log_command:Invoked command in '/home/vivaan/Documents/star_project_submissions/Week_0/ros2_ws/build/tuos_tb3_tools' returned '0': CMAKE_PREFIX_PATH=${CMAKE_PREFIX_PATH}:/opt/ros/humble /usr/bin/cmake --install /home/vivaan/Documents/star_project_submissions/Week_0/ros2_ws/build/tuos_tb3_tools
[0.306s] Level 1:colcon.colcon_core.environment:checking '/home/vivaan/Documents/star_project_submissions/Week_0/ros2_ws/install/tuos_tb3_tools' for CMake config files
[0.306s] Level 1:colcon.colcon_core.shell:create_environment_hook('tuos_tb3_tools', 'cmake_prefix_path')
[0.306s] INFO:colcon.colcon_core.shell:Creating environment hook '/home/vivaan/Documents/star_project_submissions/Week_0/ros2_ws/install/tuos_tb3_tools/share/tuos_tb3_tools/hook/cmake_prefix_path.ps1'
[0.307s] INFO:colcon.colcon_core.shell:Creating environment descriptor '/home/vivaan/Documents/star_project_submissions/Week_0/ros2_ws/install/tuos_tb3_tools/share/tuos_tb3_tools/hook/cmake_prefix_path.dsv'
[0.307s] INFO:colcon.colcon_core.shell:Creating environment hook '/home/vivaan/Documents/star_project_submissions/Week_0/ros2_ws/install/tuos_tb3_tools/share/tuos_tb3_tools/hook/cmake_prefix_path.sh'
[0.308s] Level 1:colcon.colcon_core.environment:checking '/home/vivaan/Documents/star_project_submissions/Week_0/ros2_ws/install/tuos_tb3_tools/lib'
[0.308s] Level 1:colcon.colcon_core.environment:checking '/home/vivaan/Documents/star_project_submissions/Week_0/ros2_ws/install/tuos_tb3_tools/bin'
[0.308s] Level 1:colcon.colcon_core.environment:checking '/home/vivaan/Documents/star_project_submissions/Week_0/ros2_ws/install/tuos_tb3_tools/lib/pkgconfig/tuos_tb3_tools.pc'
[0.308s] Level 1:colcon.colcon_core.environment:checking '/home/vivaan/Documents/star_project_submissions/Week_0/ros2_ws/install/tuos_tb3_tools/lib/python3.10/site-packages'
[0.309s] Level 1:colcon.colcon_core.environment:checking '/home/vivaan/Documents/star_project_submissions/Week_0/ros2_ws/install/tuos_tb3_tools/bin'
[0.309s] INFO:colcon.colcon_core.shell:Creating package script '/home/vivaan/Documents/star_project_submissions/Week_0/ros2_ws/install/tuos_tb3_tools/share/tuos_tb3_tools/package.ps1'
[0.309s] INFO:colcon.colcon_core.shell:Creating package descriptor '/home/vivaan/Documents/star_project_submissions/Week_0/ros2_ws/install/tuos_tb3_tools/share/tuos_tb3_tools/package.dsv'
[0.310s] INFO:colcon.colcon_core.shell:Creating package script '/home/vivaan/Documents/star_project_submissions/Week_0/ros2_ws/install/tuos_tb3_tools/share/tuos_tb3_tools/package.sh'
[0.310s] INFO:colcon.colcon_core.shell:Creating package script '/home/vivaan/Documents/star_project_submissions/Week_0/ros2_ws/install/tuos_tb3_tools/share/tuos_tb3_tools/package.bash'
[0.310s] INFO:colcon.colcon_core.shell:Creating package script '/home/vivaan/Documents/star_project_submissions/Week_0/ros2_ws/install/tuos_tb3_tools/share/tuos_tb3_tools/package.zsh'
[0.311s] Level 1:colcon.colcon_core.environment:create_file_with_runtime_dependencies(/home/vivaan/Documents/star_project_submissions/Week_0/ros2_ws/install/tuos_tb3_tools/share/colcon-core/packages/tuos_tb3_tools)
[0.311s] Level 1:colcon.colcon_core.environment:create_environment_scripts_only(tuos_tb3_tools)
[0.311s] Level 1:colcon.colcon_core.environment:checking '/home/vivaan/Documents/star_project_submissions/Week_0/ros2_ws/install/tuos_tb3_tools' for CMake module files
[0.312s] Level 1:colcon.colcon_core.environment:checking '/home/vivaan/Documents/star_project_submissions/Week_0/ros2_ws/install/tuos_tb3_tools' for CMake config files
[0.312s] Level 1:colcon.colcon_core.shell:create_environment_hook('tuos_tb3_tools', 'cmake_prefix_path')
[0.313s] INFO:colcon.colcon_core.shell:Creating environment hook '/home/vivaan/Documents/star_project_submissions/Week_0/ros2_ws/install/tuos_tb3_tools/share/tuos_tb3_tools/hook/cmake_prefix_path.ps1'
[0.313s] INFO:colcon.colcon_core.shell:Creating environment descriptor '/home/vivaan/Documents/star_project_submissions/Week_0/ros2_ws/install/tuos_tb3_tools/share/tuos_tb3_tools/hook/cmake_prefix_path.dsv'
[0.314s] INFO:colcon.colcon_core.shell:Creating environment hook '/home/vivaan/Documents/star_project_submissions/Week_0/ros2_ws/install/tuos_tb3_tools/share/tuos_tb3_tools/hook/cmake_prefix_path.sh'
[0.314s] Level 1:colcon.colcon_core.environment:checking '/home/vivaan/Documents/star_project_submissions/Week_0/ros2_ws/install/tuos_tb3_tools/lib'
[0.315s] Level 1:colcon.colcon_core.environment:checking '/home/vivaan/Documents/star_project_submissions/Week_0/ros2_ws/install/tuos_tb3_tools/bin'
[0.315s] Level 1:colcon.colcon_core.environment:checking '/home/vivaan/Documents/star_project_submissions/Week_0/ros2_ws/install/tuos_tb3_tools/lib/pkgconfig/tuos_tb3_tools.pc'
[0.315s] Level 1:colcon.colcon_core.environment:checking '/home/vivaan/Documents/star_project_submissions/Week_0/ros2_ws/install/tuos_tb3_tools/lib/python3.10/site-packages'
[0.315s] Level 1:colcon.colcon_core.environment:checking '/home/vivaan/Documents/star_project_submissions/Week_0/ros2_ws/install/tuos_tb3_tools/bin'
[0.316s] INFO:colcon.colcon_core.shell:Creating package script '/home/vivaan/Documents/star_project_submissions/Week_0/ros2_ws/install/tuos_tb3_tools/share/tuos_tb3_tools/package.ps1'
[0.317s] INFO:colcon.colcon_core.shell:Creating package descriptor '/home/vivaan/Documents/star_project_submissions/Week_0/ros2_ws/install/tuos_tb3_tools/share/tuos_tb3_tools/package.dsv'
[0.318s] INFO:colcon.colcon_core.shell:Creating package script '/home/vivaan/Documents/star_project_submissions/Week_0/ros2_ws/install/tuos_tb3_tools/share/tuos_tb3_tools/package.sh'
[0.318s] INFO:colcon.colcon_core.shell:Creating package script '/home/vivaan/Documents/star_project_submissions/Week_0/ros2_ws/install/tuos_tb3_tools/share/tuos_tb3_tools/package.bash'
[0.319s] INFO:colcon.colcon_core.shell:Creating package script '/home/vivaan/Documents/star_project_submissions/Week_0/ros2_ws/install/tuos_tb3_tools/share/tuos_tb3_tools/package.zsh'
[0.319s] Level 1:colcon.colcon_core.environment:create_file_with_runtime_dependencies(/home/vivaan/Documents/star_project_submissions/Week_0/ros2_ws/install/tuos_tb3_tools/share/colcon-core/packages/tuos_tb3_tools)
[0.347s] DEBUG:colcon.colcon_core.event_handler.log_command:Invoked command in '/home/vivaan/Documents/star_project_submissions/Week_0/ros2_ws/build/com2009_simulations' returned '0': CMAKE_PREFIX_PATH=/home/vivaan/Documents/star_project_submissions/Week_0/ros2_ws/install/tuos_simulations:/home/vivaan/Documents/star_project_submissions/Week_0/ros2_ws/install/tuos_ros:/home/vivaan/Documents/star_project_submissions/Week_0/ros2_ws/install/tuos_tb3_tools:/home/vivaan/Documents/star_project_submissions/Week_0/ros2_ws/install/com2009_simulations:/home/vivaan/Documents/star_project_submissions/Week_0/ros2_ws/install/tuos_interfaces:/home/vivaan/Documents/star_project_submissions/Week_0/ros2_ws/install/tuos_examples:/home/vivaan/Documents/star_project_submissions/Week_0/ros2_ws/install/part3_beyond_basics:/home/vivaan/Documents/star_project_submissions/Week_0/ros2_ws/install/part2_navigation:/home/vivaan/Documents/star_project_submissions/Week_0/ros2_ws/install/part1_pubsub:/opt/ros/humble /usr/bin/cmake --build /home/vivaan/Documents/star_project_submissions/Week_0/ros2_ws/build/com2009_simulations -- -j12 -l12
[0.347s] DEBUG:colcon.colcon_core.event_handler.log_command:Invoking command in '/home/vivaan/Documents/star_project_submissions/Week_0/ros2_ws/build/com2009_simulations': CMAKE_PREFIX_PATH=/home/vivaan/Documents/star_project_submissions/Week_0/ros2_ws/install/tuos_simulations:/home/vivaan/Documents/star_project_submissions/Week_0/ros2_ws/install/tuos_ros:/home/vivaan/Documents/star_project_submissions/Week_0/ros2_ws/install/tuos_tb3_tools:/home/vivaan/Documents/star_project_submissions/Week_0/ros2_ws/install/com2009_simulations:/home/vivaan/Documents/star_project_submissions/Week_0/ros2_ws/install/tuos_interfaces:/home/vivaan/Documents/star_project_submissions/Week_0/ros2_ws/install/tuos_examples:/home/vivaan/Documents/star_project_submissions/Week_0/ros2_ws/install/part3_beyond_basics:/home/vivaan/Documents/star_project_submissions/Week_0/ros2_ws/install/part2_navigation:/home/vivaan/Documents/star_project_submissions/Week_0/ros2_ws/install/part1_pubsub:/opt/ros/humble /usr/bin/cmake --install /home/vivaan/Documents/star_project_submissions/Week_0/ros2_ws/build/com2009_simulations
[0.359s] Level 1:colcon.colcon_core.environment:create_environment_scripts_only(com2009_simulations)
[0.360s] Level 1:colcon.colcon_core.environment:checking '/home/vivaan/Documents/star_project_submissions/Week_0/ros2_ws/install/com2009_simulations' for CMake module files
[0.360s] Level 1:colcon.colcon_core.environment:checking '/home/vivaan/Documents/star_project_submissions/Week_0/ros2_ws/install/com2009_simulations' for CMake config files
[0.363s] DEBUG:colcon.colcon_core.event_handler.log_command:Invoked command in '/home/vivaan/Documents/star_project_submissions/Week_0/ros2_ws/build/com2009_simulations' returned '0': CMAKE_PREFIX_PATH=/home/vivaan/Documents/star_project_submissions/Week_0/ros2_ws/install/tuos_simulations:/home/vivaan/Documents/star_project_submissions/Week_0/ros2_ws/install/tuos_ros:/home/vivaan/Documents/star_project_submissions/Week_0/ros2_ws/install/tuos_tb3_tools:/home/vivaan/Documents/star_project_submissions/Week_0/ros2_ws/install/com2009_simulations:/home/vivaan/Documents/star_project_submissions/Week_0/ros2_ws/install/tuos_interfaces:/home/vivaan/Documents/star_project_submissions/Week_0/ros2_ws/install/tuos_examples:/home/vivaan/Documents/star_project_submissions/Week_0/ros2_ws/install/part3_beyond_basics:/home/vivaan/Documents/star_project_submissions/Week_0/ros2_ws/install/part2_navigation:/home/vivaan/Documents/star_project_submissions/Week_0/ros2_ws/install/part1_pubsub:/opt/ros/humble /usr/bin/cmake --install /home/vivaan/Documents/star_project_submissions/Week_0/ros2_ws/build/com2009_simulations
[0.365s] Level 1:colcon.colcon_core.shell:create_environment_hook('com2009_simulations', 'cmake_prefix_path')
[0.365s] INFO:colcon.colcon_core.shell:Creating environment hook '/home/vivaan/Documents/star_project_submissions/Week_0/ros2_ws/install/com2009_simulations/share/com2009_simulations/hook/cmake_prefix_path.ps1'
[0.366s] INFO:colcon.colcon_core.shell:Creating environment descriptor '/home/vivaan/Documents/star_project_submissions/Week_0/ros2_ws/install/com2009_simulations/share/com2009_simulations/hook/cmake_prefix_path.dsv'
[0.366s] INFO:colcon.colcon_core.shell:Creating environment hook '/home/vivaan/Documents/star_project_submissions/Week_0/ros2_ws/install/com2009_simulations/share/com2009_simulations/hook/cmake_prefix_path.sh'
[0.367s] Level 1:colcon.colcon_core.environment:checking '/home/vivaan/Documents/star_project_submissions/Week_0/ros2_ws/install/com2009_simulations/bin'
[0.367s] Level 1:colcon.colcon_core.environment:checking '/home/vivaan/Documents/star_project_submissions/Week_0/ros2_ws/install/com2009_simulations/lib/pkgconfig/com2009_simulations.pc'
[0.367s] Level 1:colcon.colcon_core.environment:checking '/home/vivaan/Documents/star_project_submissions/Week_0/ros2_ws/install/com2009_simulations/lib/python3.10/site-packages'
[0.367s] Level 1:colcon.colcon_core.environment:checking '/home/vivaan/Documents/star_project_submissions/Week_0/ros2_ws/install/com2009_simulations/bin'
[0.368s] INFO:colcon.colcon_core.shell:Creating package script '/home/vivaan/Documents/star_project_submissions/Week_0/ros2_ws/install/com2009_simulations/share/com2009_simulations/package.ps1'
[0.368s] INFO:colcon.colcon_core.shell:Creating package descriptor '/home/vivaan/Documents/star_project_submissions/Week_0/ros2_ws/install/com2009_simulations/share/com2009_simulations/package.dsv'
[0.368s] INFO:colcon.colcon_core.shell:Creating package script '/home/vivaan/Documents/star_project_submissions/Week_0/ros2_ws/install/com2009_simulations/share/com2009_simulations/package.sh'
[0.369s] INFO:colcon.colcon_core.shell:Creating package script '/home/vivaan/Documents/star_project_submissions/Week_0/ros2_ws/install/com2009_simulations/share/com2009_simulations/package.bash'
[0.369s] INFO:colcon.colcon_core.shell:Creating package script '/home/vivaan/Documents/star_project_submissions/Week_0/ros2_ws/install/com2009_simulations/share/com2009_simulations/package.zsh'
[0.369s] Level 1:colcon.colcon_core.environment:create_file_with_runtime_dependencies(/home/vivaan/Documents/star_project_submissions/Week_0/ros2_ws/install/com2009_simulations/share/colcon-core/packages/com2009_simulations)
[0.370s] Level 1:colcon.colcon_core.environment:create_environment_scripts_only(com2009_simulations)
[0.370s] Level 1:colcon.colcon_core.environment:checking '/home/vivaan/Documents/star_project_submissions/Week_0/ros2_ws/install/com2009_simulations' for CMake module files
[0.371s] Level 1:colcon.colcon_core.environment:checking '/home/vivaan/Documents/star_project_submissions/Week_0/ros2_ws/install/com2009_simulations' for CMake config files
[0.371s] Level 1:colcon.colcon_core.shell:create_environment_hook('com2009_simulations', 'cmake_prefix_path')
[0.371s] INFO:colcon.colcon_core.shell:Creating environment hook '/home/vivaan/Documents/star_project_submissions/Week_0/ros2_ws/install/com2009_simulations/share/com2009_simulations/hook/cmake_prefix_path.ps1'
[0.372s] INFO:colcon.colcon_core.shell:Creating environment descriptor '/home/vivaan/Documents/star_project_submissions/Week_0/ros2_ws/install/com2009_simulations/share/com2009_simulations/hook/cmake_prefix_path.dsv'
[0.372s] INFO:colcon.colcon_core.shell:Creating environment hook '/home/vivaan/Documents/star_project_submissions/Week_0/ros2_ws/install/com2009_simulations/share/com2009_simulations/hook/cmake_prefix_path.sh'
[0.373s] Level 1:colcon.colcon_core.environment:checking '/home/vivaan/Documents/star_project_submissions/Week_0/ros2_ws/install/com2009_simulations/bin'
[0.373s] Level 1:colcon.colcon_core.environment:checking '/home/vivaan/Documents/star_project_submissions/Week_0/ros2_ws/install/com2009_simulations/lib/pkgconfig/com2009_simulations.pc'
[0.373s] Level 1:colcon.colcon_core.environment:checking '/home/vivaan/Documents/star_project_submissions/Week_0/ros2_ws/install/com2009_simulations/lib/python3.10/site-packages'
[0.373s] Level 1:colcon.colcon_core.environment:checking '/home/vivaan/Documents/star_project_submissions/Week_0/ros2_ws/install/com2009_simulations/bin'
[0.374s] INFO:colcon.colcon_core.shell:Creating package script '/home/vivaan/Documents/star_project_submissions/Week_0/ros2_ws/install/com2009_simulations/share/com2009_simulations/package.ps1'
[0.374s] INFO:colcon.colcon_core.shell:Creating package descriptor '/home/vivaan/Documents/star_project_submissions/Week_0/ros2_ws/install/com2009_simulations/share/com2009_simulations/package.dsv'
[0.375s] INFO:colcon.colcon_core.shell:Creating package script '/home/vivaan/Documents/star_project_submissions/Week_0/ros2_ws/install/com2009_simulations/share/com2009_simulations/package.sh'
[0.375s] INFO:colcon.colcon_core.shell:Creating package script '/home/vivaan/Documents/star_project_submissions/Week_0/ros2_ws/install/com2009_simulations/share/com2009_simulations/package.bash'
[0.376s] INFO:colcon.colcon_core.shell:Creating package script '/home/vivaan/Documents/star_project_submissions/Week_0/ros2_ws/install/com2009_simulations/share/com2009_simulations/package.zsh'
[0.377s] Level 1:colcon.colcon_core.environment:create_file_with_runtime_dependencies(/home/vivaan/Documents/star_project_submissions/Week_0/ros2_ws/install/com2009_simulations/share/colcon-core/packages/com2009_simulations)
[0.498s] DEBUG:colcon.colcon_core.event_handler.log_command:Invoked command in '/home/vivaan/Documents/star_project_submissions/Week_0/ros2_ws/build/part3_beyond_basics' returned '0': CMAKE_PREFIX_PATH=${CMAKE_PREFIX_PATH}:/opt/ros/humble /usr/bin/cmake --build /home/vivaan/Documents/star_project_submissions/Week_0/ros2_ws/build/part3_beyond_basics -- -j12 -l12
[0.499s] DEBUG:colcon.colcon_core.event_handler.log_command:Invoking command in '/home/vivaan/Documents/star_project_submissions/Week_0/ros2_ws/build/part3_beyond_basics': CMAKE_PREFIX_PATH=${CMAKE_PREFIX_PATH}:/opt/ros/humble /usr/bin/cmake --install /home/vivaan/Documents/star_project_submissions/Week_0/ros2_ws/build/part3_beyond_basics
[0.522s] DEBUG:colcon.colcon_core.event_handler.log_command:Invoked command in '/home/vivaan/Documents/star_project_submissions/Week_0/ros2_ws/build/tuos_examples' returned '0': CMAKE_PREFIX_PATH=${CMAKE_PREFIX_PATH}:/opt/ros/humble /usr/bin/cmake --build /home/vivaan/Documents/star_project_submissions/Week_0/ros2_ws/build/tuos_examples -- -j12 -l12
[0.523s] DEBUG:colcon.colcon_core.event_handler.log_command:Invoking command in '/home/vivaan/Documents/star_project_submissions/Week_0/ros2_ws/build/tuos_examples': CMAKE_PREFIX_PATH=${CMAKE_PREFIX_PATH}:/opt/ros/humble /usr/bin/cmake --install /home/vivaan/Documents/star_project_submissions/Week_0/ros2_ws/build/tuos_examples
[0.537s] Level 1:colcon.colcon_core.environment:create_environment_scripts_only(part3_beyond_basics)
[0.537s] Level 1:colcon.colcon_core.environment:checking '/home/vivaan/Documents/star_project_submissions/Week_0/ros2_ws/install/part3_beyond_basics' for CMake module files
[0.538s] DEBUG:colcon.colcon_core.event_handler.log_command:Invoked command in '/home/vivaan/Documents/star_project_submissions/Week_0/ros2_ws/build/part3_beyond_basics' returned '0': CMAKE_PREFIX_PATH=${CMAKE_PREFIX_PATH}:/opt/ros/humble /usr/bin/cmake --install /home/vivaan/Documents/star_project_submissions/Week_0/ros2_ws/build/part3_beyond_basics
[0.538s] Level 1:colcon.colcon_core.environment:checking '/home/vivaan/Documents/star_project_submissions/Week_0/ros2_ws/install/part3_beyond_basics' for CMake config files
[0.539s] Level 1:colcon.colcon_core.shell:create_environment_hook('part3_beyond_basics', 'cmake_prefix_path')
[0.539s] INFO:colcon.colcon_core.shell:Creating environment hook '/home/vivaan/Documents/star_project_submissions/Week_0/ros2_ws/install/part3_beyond_basics/share/part3_beyond_basics/hook/cmake_prefix_path.ps1'
[0.539s] INFO:colcon.colcon_core.shell:Creating environment descriptor '/home/vivaan/Documents/star_project_submissions/Week_0/ros2_ws/install/part3_beyond_basics/share/part3_beyond_basics/hook/cmake_prefix_path.dsv'
[0.540s] INFO:colcon.colcon_core.shell:Creating environment hook '/home/vivaan/Documents/star_project_submissions/Week_0/ros2_ws/install/part3_beyond_basics/share/part3_beyond_basics/hook/cmake_prefix_path.sh'
[0.540s] Level 1:colcon.colcon_core.environment:checking '/home/vivaan/Documents/star_project_submissions/Week_0/ros2_ws/install/part3_beyond_basics/lib'
[0.540s] Level 1:colcon.colcon_core.environment:checking '/home/vivaan/Documents/star_project_submissions/Week_0/ros2_ws/install/part3_beyond_basics/bin'
[0.540s] Level 1:colcon.colcon_core.environment:checking '/home/vivaan/Documents/star_project_submissions/Week_0/ros2_ws/install/part3_beyond_basics/lib/pkgconfig/part3_beyond_basics.pc'
[0.541s] Level 1:colcon.colcon_core.environment:checking '/home/vivaan/Documents/star_project_submissions/Week_0/ros2_ws/install/part3_beyond_basics/lib/python3.10/site-packages'
[0.541s] Level 1:colcon.colcon_core.environment:checking '/home/vivaan/Documents/star_project_submissions/Week_0/ros2_ws/install/part3_beyond_basics/bin'
[0.541s] INFO:colcon.colcon_core.shell:Creating package script '/home/vivaan/Documents/star_project_submissions/Week_0/ros2_ws/install/part3_beyond_basics/share/part3_beyond_basics/package.ps1'
[0.541s] INFO:colcon.colcon_core.shell:Creating package descriptor '/home/vivaan/Documents/star_project_submissions/Week_0/ros2_ws/install/part3_beyond_basics/share/part3_beyond_basics/package.dsv'
[0.542s] INFO:colcon.colcon_core.shell:Creating package script '/home/vivaan/Documents/star_project_submissions/Week_0/ros2_ws/install/part3_beyond_basics/share/part3_beyond_basics/package.sh'
[0.542s] INFO:colcon.colcon_core.shell:Creating package script '/home/vivaan/Documents/star_project_submissions/Week_0/ros2_ws/install/part3_beyond_basics/share/part3_beyond_basics/package.bash'
[0.542s] INFO:colcon.colcon_core.shell:Creating package script '/home/vivaan/Documents/star_project_submissions/Week_0/ros2_ws/install/part3_beyond_basics/share/part3_beyond_basics/package.zsh'
[0.542s] Level 1:colcon.colcon_core.environment:create_file_with_runtime_dependencies(/home/vivaan/Documents/star_project_submissions/Week_0/ros2_ws/install/part3_beyond_basics/share/colcon-core/packages/part3_beyond_basics)
[0.543s] Level 1:colcon.colcon_core.environment:create_environment_scripts_only(part3_beyond_basics)
[0.543s] Level 1:colcon.colcon_core.environment:checking '/home/vivaan/Documents/star_project_submissions/Week_0/ros2_ws/install/part3_beyond_basics' for CMake module files
[0.543s] Level 1:colcon.colcon_core.environment:checking '/home/vivaan/Documents/star_project_submissions/Week_0/ros2_ws/install/part3_beyond_basics' for CMake config files
[0.543s] Level 1:colcon.colcon_core.shell:create_environment_hook('part3_beyond_basics', 'cmake_prefix_path')
[0.543s] INFO:colcon.colcon_core.shell:Creating environment hook '/home/vivaan/Documents/star_project_submissions/Week_0/ros2_ws/install/part3_beyond_basics/share/part3_beyond_basics/hook/cmake_prefix_path.ps1'
[0.544s] INFO:colcon.colcon_core.shell:Creating environment descriptor '/home/vivaan/Documents/star_project_submissions/Week_0/ros2_ws/install/part3_beyond_basics/share/part3_beyond_basics/hook/cmake_prefix_path.dsv'
[0.544s] INFO:colcon.colcon_core.shell:Creating environment hook '/home/vivaan/Documents/star_project_submissions/Week_0/ros2_ws/install/part3_beyond_basics/share/part3_beyond_basics/hook/cmake_prefix_path.sh'
[0.544s] Level 1:colcon.colcon_core.environment:checking '/home/vivaan/Documents/star_project_submissions/Week_0/ros2_ws/install/part3_beyond_basics/lib'
[0.544s] Level 1:colcon.colcon_core.environment:checking '/home/vivaan/Documents/star_project_submissions/Week_0/ros2_ws/install/part3_beyond_basics/bin'
[0.544s] Level 1:colcon.colcon_core.environment:checking '/home/vivaan/Documents/star_project_submissions/Week_0/ros2_ws/install/part3_beyond_basics/lib/pkgconfig/part3_beyond_basics.pc'
[0.544s] Level 1:colcon.colcon_core.environment:checking '/home/vivaan/Documents/star_project_submissions/Week_0/ros2_ws/install/part3_beyond_basics/lib/python3.10/site-packages'
[0.545s] Level 1:colcon.colcon_core.environment:checking '/home/vivaan/Documents/star_project_submissions/Week_0/ros2_ws/install/part3_beyond_basics/bin'
[0.545s] INFO:colcon.colcon_core.shell:Creating package script '/home/vivaan/Documents/star_project_submissions/Week_0/ros2_ws/install/part3_beyond_basics/share/part3_beyond_basics/package.ps1'
[0.545s] INFO:colcon.colcon_core.shell:Creating package descriptor '/home/vivaan/Documents/star_project_submissions/Week_0/ros2_ws/install/part3_beyond_basics/share/part3_beyond_basics/package.dsv'
[0.546s] INFO:colcon.colcon_core.shell:Creating package script '/home/vivaan/Documents/star_project_submissions/Week_0/ros2_ws/install/part3_beyond_basics/share/part3_beyond_basics/package.sh'
[0.546s] INFO:colcon.colcon_core.shell:Creating package script '/home/vivaan/Documents/star_project_submissions/Week_0/ros2_ws/install/part3_beyond_basics/share/part3_beyond_basics/package.bash'
[0.546s] INFO:colcon.colcon_core.shell:Creating package script '/home/vivaan/Documents/star_project_submissions/Week_0/ros2_ws/install/part3_beyond_basics/share/part3_beyond_basics/package.zsh'
[0.546s] Level 1:colcon.colcon_core.environment:create_file_with_runtime_dependencies(/home/vivaan/Documents/star_project_submissions/Week_0/ros2_ws/install/part3_beyond_basics/share/colcon-core/packages/part3_beyond_basics)
[0.548s] DEBUG:colcon.colcon_core.event_handler.log_command:Invoked command in '/home/vivaan/Documents/star_project_submissions/Week_0/ros2_ws/build/part1_pubsub' returned '0': CMAKE_PREFIX_PATH=${CMAKE_PREFIX_PATH}:/opt/ros/humble /usr/bin/cmake --build /home/vivaan/Documents/star_project_submissions/Week_0/ros2_ws/build/part1_pubsub -- -j12 -l12
[0.549s] DEBUG:colcon.colcon_core.event_handler.log_command:Invoking command in '/home/vivaan/Documents/star_project_submissions/Week_0/ros2_ws/build/part1_pubsub': CMAKE_PREFIX_PATH=${CMAKE_PREFIX_PATH}:/opt/ros/humble /usr/bin/cmake --install /home/vivaan/Documents/star_project_submissions/Week_0/ros2_ws/build/part1_pubsub
[0.561s] Level 1:colcon.colcon_core.environment:create_environment_scripts_only(tuos_examples)
[0.562s] DEBUG:colcon.colcon_core.event_handler.log_command:Invoked command in '/home/vivaan/Documents/star_project_submissions/Week_0/ros2_ws/build/tuos_examples' returned '0': CMAKE_PREFIX_PATH=${CMAKE_PREFIX_PATH}:/opt/ros/humble /usr/bin/cmake --install /home/vivaan/Documents/star_project_submissions/Week_0/ros2_ws/build/tuos_examples
[0.562s] Level 1:colcon.colcon_core.environment:checking '/home/vivaan/Documents/star_project_submissions/Week_0/ros2_ws/install/tuos_examples' for CMake module files
[0.563s] Level 1:colcon.colcon_core.environment:checking '/home/vivaan/Documents/star_project_submissions/Week_0/ros2_ws/install/tuos_examples' for CMake config files
[0.563s] Level 1:colcon.colcon_core.shell:create_environment_hook('tuos_examples', 'cmake_prefix_path')
[0.563s] INFO:colcon.colcon_core.shell:Creating environment hook '/home/vivaan/Documents/star_project_submissions/Week_0/ros2_ws/install/tuos_examples/share/tuos_examples/hook/cmake_prefix_path.ps1'
[0.564s] INFO:colcon.colcon_core.shell:Creating environment descriptor '/home/vivaan/Documents/star_project_submissions/Week_0/ros2_ws/install/tuos_examples/share/tuos_examples/hook/cmake_prefix_path.dsv'
[0.564s] INFO:colcon.colcon_core.shell:Creating environment hook '/home/vivaan/Documents/star_project_submissions/Week_0/ros2_ws/install/tuos_examples/share/tuos_examples/hook/cmake_prefix_path.sh'
[0.564s] Level 1:colcon.colcon_core.environment:checking '/home/vivaan/Documents/star_project_submissions/Week_0/ros2_ws/install/tuos_examples/lib'
[0.564s] Level 1:colcon.colcon_core.environment:checking '/home/vivaan/Documents/star_project_submissions/Week_0/ros2_ws/install/tuos_examples/bin'
[0.564s] Level 1:colcon.colcon_core.environment:checking '/home/vivaan/Documents/star_project_submissions/Week_0/ros2_ws/install/tuos_examples/lib/pkgconfig/tuos_examples.pc'
[0.564s] Level 1:colcon.colcon_core.environment:checking '/home/vivaan/Documents/star_project_submissions/Week_0/ros2_ws/install/tuos_examples/lib/python3.10/site-packages'
[0.565s] Level 1:colcon.colcon_core.environment:checking '/home/vivaan/Documents/star_project_submissions/Week_0/ros2_ws/install/tuos_examples/bin'
[0.565s] INFO:colcon.colcon_core.shell:Creating package script '/home/vivaan/Documents/star_project_submissions/Week_0/ros2_ws/install/tuos_examples/share/tuos_examples/package.ps1'
[0.565s] INFO:colcon.colcon_core.shell:Creating package descriptor '/home/vivaan/Documents/star_project_submissions/Week_0/ros2_ws/install/tuos_examples/share/tuos_examples/package.dsv'
[0.565s] INFO:colcon.colcon_core.shell:Creating package script '/home/vivaan/Documents/star_project_submissions/Week_0/ros2_ws/install/tuos_examples/share/tuos_examples/package.sh'
[0.566s] INFO:colcon.colcon_core.shell:Creating package script '/home/vivaan/Documents/star_project_submissions/Week_0/ros2_ws/install/tuos_examples/share/tuos_examples/package.bash'
[0.566s] INFO:colcon.colcon_core.shell:Creating package script '/home/vivaan/Documents/star_project_submissions/Week_0/ros2_ws/install/tuos_examples/share/tuos_examples/package.zsh'
[0.566s] Level 1:colcon.colcon_core.environment:create_file_with_runtime_dependencies(/home/vivaan/Documents/star_project_submissions/Week_0/ros2_ws/install/tuos_examples/share/colcon-core/packages/tuos_examples)
[0.566s] Level 1:colcon.colcon_core.environment:create_environment_scripts_only(tuos_examples)
[0.566s] Level 1:colcon.colcon_core.environment:checking '/home/vivaan/Documents/star_project_submissions/Week_0/ros2_ws/install/tuos_examples' for CMake module files
[0.567s] Level 1:colcon.colcon_core.environment:checking '/home/vivaan/Documents/star_project_submissions/Week_0/ros2_ws/install/tuos_examples' for CMake config files
[0.567s] Level 1:colcon.colcon_core.shell:create_environment_hook('tuos_examples', 'cmake_prefix_path')
[0.567s] INFO:colcon.colcon_core.shell:Creating environment hook '/home/vivaan/Documents/star_project_submissions/Week_0/ros2_ws/install/tuos_examples/share/tuos_examples/hook/cmake_prefix_path.ps1'
[0.568s] INFO:colcon.colcon_core.shell:Creating environment descriptor '/home/vivaan/Documents/star_project_submissions/Week_0/ros2_ws/install/tuos_examples/share/tuos_examples/hook/cmake_prefix_path.dsv'
[0.568s] INFO:colcon.colcon_core.shell:Creating environment hook '/home/vivaan/Documents/star_project_submissions/Week_0/ros2_ws/install/tuos_examples/share/tuos_examples/hook/cmake_prefix_path.sh'
[0.568s] Level 1:colcon.colcon_core.environment:checking '/home/vivaan/Documents/star_project_submissions/Week_0/ros2_ws/install/tuos_examples/lib'
[0.568s] Level 1:colcon.colcon_core.environment:checking '/home/vivaan/Documents/star_project_submissions/Week_0/ros2_ws/install/tuos_examples/bin'
[0.568s] Level 1:colcon.colcon_core.environment:checking '/home/vivaan/Documents/star_project_submissions/Week_0/ros2_ws/install/tuos_examples/lib/pkgconfig/tuos_examples.pc'
[0.569s] Level 1:colcon.colcon_core.environment:checking '/home/vivaan/Documents/star_project_submissions/Week_0/ros2_ws/install/tuos_examples/lib/python3.10/site-packages'
[0.569s] Level 1:colcon.colcon_core.environment:checking '/home/vivaan/Documents/star_project_submissions/Week_0/ros2_ws/install/tuos_examples/bin'
[0.569s] INFO:colcon.colcon_core.shell:Creating package script '/home/vivaan/Documents/star_project_submissions/Week_0/ros2_ws/install/tuos_examples/share/tuos_examples/package.ps1'
[0.570s] INFO:colcon.colcon_core.shell:Creating package descriptor '/home/vivaan/Documents/star_project_submissions/Week_0/ros2_ws/install/tuos_examples/share/tuos_examples/package.dsv'
[0.570s] INFO:colcon.colcon_core.shell:Creating package script '/home/vivaan/Documents/star_project_submissions/Week_0/ros2_ws/install/tuos_examples/share/tuos_examples/package.sh'
[0.570s] INFO:colcon.colcon_core.shell:Creating package script '/home/vivaan/Documents/star_project_submissions/Week_0/ros2_ws/install/tuos_examples/share/tuos_examples/package.bash'
[0.570s] INFO:colcon.colcon_core.shell:Creating package script '/home/vivaan/Documents/star_project_submissions/Week_0/ros2_ws/install/tuos_examples/share/tuos_examples/package.zsh'
[0.571s] Level 1:colcon.colcon_core.environment:create_file_with_runtime_dependencies(/home/vivaan/Documents/star_project_submissions/Week_0/ros2_ws/install/tuos_examples/share/colcon-core/packages/tuos_examples)
[0.603s] DEBUG:colcon.colcon_core.event_handler.log_command:Invoked command in '/home/vivaan/Documents/star_project_submissions/Week_0/ros2_ws/build/tuos_interfaces' returned '0': CMAKE_PREFIX_PATH=${CMAKE_PREFIX_PATH}:/opt/ros/humble /usr/bin/cmake --build /home/vivaan/Documents/star_project_submissions/Week_0/ros2_ws/build/tuos_interfaces -- -j12 -l12
[0.604s] DEBUG:colcon.colcon_core.event_handler.log_command:Invoking command in '/home/vivaan/Documents/star_project_submissions/Week_0/ros2_ws/build/tuos_interfaces': CMAKE_PREFIX_PATH=${CMAKE_PREFIX_PATH}:/opt/ros/humble /usr/bin/cmake --install /home/vivaan/Documents/star_project_submissions/Week_0/ros2_ws/build/tuos_interfaces
[0.625s] Level 1:colcon.colcon_core.environment:create_environment_scripts_only(part1_pubsub)
[0.626s] Level 1:colcon.colcon_core.environment:checking '/home/vivaan/Documents/star_project_submissions/Week_0/ros2_ws/install/part1_pubsub' for CMake module files
[0.626s] DEBUG:colcon.colcon_core.event_handler.log_command:Invoked command in '/home/vivaan/Documents/star_project_submissions/Week_0/ros2_ws/build/part1_pubsub' returned '0': CMAKE_PREFIX_PATH=${CMAKE_PREFIX_PATH}:/opt/ros/humble /usr/bin/cmake --install /home/vivaan/Documents/star_project_submissions/Week_0/ros2_ws/build/part1_pubsub
[0.627s] Level 1:colcon.colcon_core.environment:checking '/home/vivaan/Documents/star_project_submissions/Week_0/ros2_ws/install/part1_pubsub' for CMake config files
[0.627s] Level 1:colcon.colcon_core.shell:create_environment_hook('part1_pubsub', 'cmake_prefix_path')
[0.627s] INFO:colcon.colcon_core.shell:Creating environment hook '/home/vivaan/Documents/star_project_submissions/Week_0/ros2_ws/install/part1_pubsub/share/part1_pubsub/hook/cmake_prefix_path.ps1'
[0.627s] INFO:colcon.colcon_core.shell:Creating environment descriptor '/home/vivaan/Documents/star_project_submissions/Week_0/ros2_ws/install/part1_pubsub/share/part1_pubsub/hook/cmake_prefix_path.dsv'
[0.628s] INFO:colcon.colcon_core.shell:Creating environment hook '/home/vivaan/Documents/star_project_submissions/Week_0/ros2_ws/install/part1_pubsub/share/part1_pubsub/hook/cmake_prefix_path.sh'
[0.628s] Level 1:colcon.colcon_core.environment:checking '/home/vivaan/Documents/star_project_submissions/Week_0/ros2_ws/install/part1_pubsub/lib'
[0.628s] Level 1:colcon.colcon_core.shell:create_environment_hook('part1_pubsub', 'ld_library_path_lib')
[0.628s] INFO:colcon.colcon_core.shell:Creating environment hook '/home/vivaan/Documents/star_project_submissions/Week_0/ros2_ws/install/part1_pubsub/share/part1_pubsub/hook/ld_library_path_lib.ps1'
[0.628s] INFO:colcon.colcon_core.shell:Creating environment descriptor '/home/vivaan/Documents/star_project_submissions/Week_0/ros2_ws/install/part1_pubsub/share/part1_pubsub/hook/ld_library_path_lib.dsv'
[0.629s] INFO:colcon.colcon_core.shell:Creating environment hook '/home/vivaan/Documents/star_project_submissions/Week_0/ros2_ws/install/part1_pubsub/share/part1_pubsub/hook/ld_library_path_lib.sh'
[0.629s] Level 1:colcon.colcon_core.environment:checking '/home/vivaan/Documents/star_project_submissions/Week_0/ros2_ws/install/part1_pubsub/bin'
[0.629s] Level 1:colcon.colcon_core.environment:checking '/home/vivaan/Documents/star_project_submissions/Week_0/ros2_ws/install/part1_pubsub/lib/pkgconfig/part1_pubsub.pc'
[0.629s] Level 1:colcon.colcon_core.environment:checking '/home/vivaan/Documents/star_project_submissions/Week_0/ros2_ws/install/part1_pubsub/lib/python3.10/site-packages'
[0.630s] Level 1:colcon.colcon_core.environment:checking '/home/vivaan/Documents/star_project_submissions/Week_0/ros2_ws/install/part1_pubsub/bin'
[0.630s] INFO:colcon.colcon_core.shell:Creating package script '/home/vivaan/Documents/star_project_submissions/Week_0/ros2_ws/install/part1_pubsub/share/part1_pubsub/package.ps1'
[0.630s] INFO:colcon.colcon_core.shell:Creating package descriptor '/home/vivaan/Documents/star_project_submissions/Week_0/ros2_ws/install/part1_pubsub/share/part1_pubsub/package.dsv'
[0.630s] INFO:colcon.colcon_core.shell:Creating package script '/home/vivaan/Documents/star_project_submissions/Week_0/ros2_ws/install/part1_pubsub/share/part1_pubsub/package.sh'
[0.631s] INFO:colcon.colcon_core.shell:Creating package script '/home/vivaan/Documents/star_project_submissions/Week_0/ros2_ws/install/part1_pubsub/share/part1_pubsub/package.bash'
[0.631s] INFO:colcon.colcon_core.shell:Creating package script '/home/vivaan/Documents/star_project_submissions/Week_0/ros2_ws/install/part1_pubsub/share/part1_pubsub/package.zsh'
[0.631s] Level 1:colcon.colcon_core.environment:create_file_with_runtime_dependencies(/home/vivaan/Documents/star_project_submissions/Week_0/ros2_ws/install/part1_pubsub/share/colcon-core/packages/part1_pubsub)
[0.631s] Level 1:colcon.colcon_core.environment:create_environment_scripts_only(part1_pubsub)
[0.631s] Level 1:colcon.colcon_core.environment:checking '/home/vivaan/Documents/star_project_submissions/Week_0/ros2_ws/install/part1_pubsub' for CMake module files
[0.632s] Level 1:colcon.colcon_core.environment:checking '/home/vivaan/Documents/star_project_submissions/Week_0/ros2_ws/install/part1_pubsub' for CMake config files
[0.632s] Level 1:colcon.colcon_core.shell:create_environment_hook('part1_pubsub', 'cmake_prefix_path')
[0.632s] INFO:colcon.colcon_core.shell:Creating environment hook '/home/vivaan/Documents/star_project_submissions/Week_0/ros2_ws/install/part1_pubsub/share/part1_pubsub/hook/cmake_prefix_path.ps1'
[0.632s] INFO:colcon.colcon_core.shell:Creating environment descriptor '/home/vivaan/Documents/star_project_submissions/Week_0/ros2_ws/install/part1_pubsub/share/part1_pubsub/hook/cmake_prefix_path.dsv'
[0.632s] INFO:colcon.colcon_core.shell:Creating environment hook '/home/vivaan/Documents/star_project_submissions/Week_0/ros2_ws/install/part1_pubsub/share/part1_pubsub/hook/cmake_prefix_path.sh'
[0.633s] Level 1:colcon.colcon_core.environment:checking '/home/vivaan/Documents/star_project_submissions/Week_0/ros2_ws/install/part1_pubsub/lib'
[0.633s] Level 1:colcon.colcon_core.shell:create_environment_hook('part1_pubsub', 'ld_library_path_lib')
[0.633s] INFO:colcon.colcon_core.shell:Creating environment hook '/home/vivaan/Documents/star_project_submissions/Week_0/ros2_ws/install/part1_pubsub/share/part1_pubsub/hook/ld_library_path_lib.ps1'
[0.633s] INFO:colcon.colcon_core.shell:Creating environment descriptor '/home/vivaan/Documents/star_project_submissions/Week_0/ros2_ws/install/part1_pubsub/share/part1_pubsub/hook/ld_library_path_lib.dsv'
[0.633s] INFO:colcon.colcon_core.shell:Creating environment hook '/home/vivaan/Documents/star_project_submissions/Week_0/ros2_ws/install/part1_pubsub/share/part1_pubsub/hook/ld_library_path_lib.sh'
[0.633s] Level 1:colcon.colcon_core.environment:checking '/home/vivaan/Documents/star_project_submissions/Week_0/ros2_ws/install/part1_pubsub/bin'
[0.634s] Level 1:colcon.colcon_core.environment:checking '/home/vivaan/Documents/star_project_submissions/Week_0/ros2_ws/install/part1_pubsub/lib/pkgconfig/part1_pubsub.pc'
[0.634s] Level 1:colcon.colcon_core.environment:checking '/home/vivaan/Documents/star_project_submissions/Week_0/ros2_ws/install/part1_pubsub/lib/python3.10/site-packages'
[0.634s] Level 1:colcon.colcon_core.environment:checking '/home/vivaan/Documents/star_project_submissions/Week_0/ros2_ws/install/part1_pubsub/bin'
[0.634s] INFO:colcon.colcon_core.shell:Creating package script '/home/vivaan/Documents/star_project_submissions/Week_0/ros2_ws/install/part1_pubsub/share/part1_pubsub/package.ps1'
[0.634s] INFO:colcon.colcon_core.shell:Creating package descriptor '/home/vivaan/Documents/star_project_submissions/Week_0/ros2_ws/install/part1_pubsub/share/part1_pubsub/package.dsv'
[0.635s] INFO:colcon.colcon_core.shell:Creating package script '/home/vivaan/Documents/star_project_submissions/Week_0/ros2_ws/install/part1_pubsub/share/part1_pubsub/package.sh'
[0.635s] INFO:colcon.colcon_core.shell:Creating package script '/home/vivaan/Documents/star_project_submissions/Week_0/ros2_ws/install/part1_pubsub/share/part1_pubsub/package.bash'
[0.635s] INFO:colcon.colcon_core.shell:Creating package script '/home/vivaan/Documents/star_project_submissions/Week_0/ros2_ws/install/part1_pubsub/share/part1_pubsub/package.zsh'
[0.635s] Level 1:colcon.colcon_core.environment:create_file_with_runtime_dependencies(/home/vivaan/Documents/star_project_submissions/Week_0/ros2_ws/install/part1_pubsub/share/colcon-core/packages/part1_pubsub)
[0.648s] Level 1:colcon.colcon_core.environment:create_environment_scripts_only(tuos_interfaces)
[0.649s] Level 1:colcon.colcon_core.environment:checking '/home/vivaan/Documents/star_project_submissions/Week_0/ros2_ws/install/tuos_interfaces' for CMake module files
[0.649s] DEBUG:colcon.colcon_core.event_handler.log_command:Invoked command in '/home/vivaan/Documents/star_project_submissions/Week_0/ros2_ws/build/tuos_interfaces' returned '0': CMAKE_PREFIX_PATH=${CMAKE_PREFIX_PATH}:/opt/ros/humble /usr/bin/cmake --install /home/vivaan/Documents/star_project_submissions/Week_0/ros2_ws/build/tuos_interfaces
[0.649s] Level 1:colcon.colcon_core.environment:checking '/home/vivaan/Documents/star_project_submissions/Week_0/ros2_ws/install/tuos_interfaces' for CMake config files
[0.649s] Level 1:colcon.colcon_core.shell:create_environment_hook('tuos_interfaces', 'cmake_prefix_path')
[0.649s] INFO:colcon.colcon_core.shell:Creating environment hook '/home/vivaan/Documents/star_project_submissions/Week_0/ros2_ws/install/tuos_interfaces/share/tuos_interfaces/hook/cmake_prefix_path.ps1'
[0.650s] INFO:colcon.colcon_core.shell:Creating environment descriptor '/home/vivaan/Documents/star_project_submissions/Week_0/ros2_ws/install/tuos_interfaces/share/tuos_interfaces/hook/cmake_prefix_path.dsv'
[0.650s] INFO:colcon.colcon_core.shell:Creating environment hook '/home/vivaan/Documents/star_project_submissions/Week_0/ros2_ws/install/tuos_interfaces/share/tuos_interfaces/hook/cmake_prefix_path.sh'
[0.650s] Level 1:colcon.colcon_core.environment:checking '/home/vivaan/Documents/star_project_submissions/Week_0/ros2_ws/install/tuos_interfaces/lib'
[0.651s] Level 1:colcon.colcon_core.shell:create_environment_hook('tuos_interfaces', 'ld_library_path_lib')
[0.651s] INFO:colcon.colcon_core.shell:Creating environment hook '/home/vivaan/Documents/star_project_submissions/Week_0/ros2_ws/install/tuos_interfaces/share/tuos_interfaces/hook/ld_library_path_lib.ps1'
[0.651s] INFO:colcon.colcon_core.shell:Creating environment descriptor '/home/vivaan/Documents/star_project_submissions/Week_0/ros2_ws/install/tuos_interfaces/share/tuos_interfaces/hook/ld_library_path_lib.dsv'
[0.651s] INFO:colcon.colcon_core.shell:Creating environment hook '/home/vivaan/Documents/star_project_submissions/Week_0/ros2_ws/install/tuos_interfaces/share/tuos_interfaces/hook/ld_library_path_lib.sh'
[0.652s] Level 1:colcon.colcon_core.environment:checking '/home/vivaan/Documents/star_project_submissions/Week_0/ros2_ws/install/tuos_interfaces/bin'
[0.652s] Level 1:colcon.colcon_core.environment:checking '/home/vivaan/Documents/star_project_submissions/Week_0/ros2_ws/install/tuos_interfaces/lib/pkgconfig/tuos_interfaces.pc'
[0.652s] Level 1:colcon.colcon_core.environment:checking '/home/vivaan/Documents/star_project_submissions/Week_0/ros2_ws/install/tuos_interfaces/lib/python3.10/site-packages'
[0.652s] Level 1:colcon.colcon_core.environment:checking '/home/vivaan/Documents/star_project_submissions/Week_0/ros2_ws/install/tuos_interfaces/bin'
[0.652s] INFO:colcon.colcon_core.shell:Creating package script '/home/vivaan/Documents/star_project_submissions/Week_0/ros2_ws/install/tuos_interfaces/share/tuos_interfaces/package.ps1'
[0.653s] INFO:colcon.colcon_core.shell:Creating package descriptor '/home/vivaan/Documents/star_project_submissions/Week_0/ros2_ws/install/tuos_interfaces/share/tuos_interfaces/package.dsv'
[0.653s] INFO:colcon.colcon_core.shell:Creating package script '/home/vivaan/Documents/star_project_submissions/Week_0/ros2_ws/install/tuos_interfaces/share/tuos_interfaces/package.sh'
[0.653s] INFO:colcon.colcon_core.shell:Creating package script '/home/vivaan/Documents/star_project_submissions/Week_0/ros2_ws/install/tuos_interfaces/share/tuos_interfaces/package.bash'
[0.654s] INFO:colcon.colcon_core.shell:Creating package script '/home/vivaan/Documents/star_project_submissions/Week_0/ros2_ws/install/tuos_interfaces/share/tuos_interfaces/package.zsh'
[0.654s] Level 1:colcon.colcon_core.environment:create_file_with_runtime_dependencies(/home/vivaan/Documents/star_project_submissions/Week_0/ros2_ws/install/tuos_interfaces/share/colcon-core/packages/tuos_interfaces)
[0.654s] Level 1:colcon.colcon_core.environment:create_environment_scripts_only(tuos_interfaces)
[0.654s] Level 1:colcon.colcon_core.environment:checking '/home/vivaan/Documents/star_project_submissions/Week_0/ros2_ws/install/tuos_interfaces' for CMake module files
[0.655s] Level 1:colcon.colcon_core.environment:checking '/home/vivaan/Documents/star_project_submissions/Week_0/ros2_ws/install/tuos_interfaces' for CMake config files
[0.655s] Level 1:colcon.colcon_core.shell:create_environment_hook('tuos_interfaces', 'cmake_prefix_path')
[0.655s] INFO:colcon.colcon_core.shell:Creating environment hook '/home/vivaan/Documents/star_project_submissions/Week_0/ros2_ws/install/tuos_interfaces/share/tuos_interfaces/hook/cmake_prefix_path.ps1'
[0.655s] INFO:colcon.colcon_core.shell:Creating environment descriptor '/home/vivaan/Documents/star_project_submissions/Week_0/ros2_ws/install/tuos_interfaces/share/tuos_interfaces/hook/cmake_prefix_path.dsv'
[0.655s] INFO:colcon.colcon_core.shell:Creating environment hook '/home/vivaan/Documents/star_project_submissions/Week_0/ros2_ws/install/tuos_interfaces/share/tuos_interfaces/hook/cmake_prefix_path.sh'
[0.656s] Level 1:colcon.colcon_core.environment:checking '/home/vivaan/Documents/star_project_submissions/Week_0/ros2_ws/install/tuos_interfaces/lib'
[0.656s] Level 1:colcon.colcon_core.shell:create_environment_hook('tuos_interfaces', 'ld_library_path_lib')
[0.656s] INFO:colcon.colcon_core.shell:Creating environment hook '/home/vivaan/Documents/star_project_submissions/Week_0/ros2_ws/install/tuos_interfaces/share/tuos_interfaces/hook/ld_library_path_lib.ps1'
[0.656s] INFO:colcon.colcon_core.shell:Creating environment descriptor '/home/vivaan/Documents/star_project_submissions/Week_0/ros2_ws/install/tuos_interfaces/share/tuos_interfaces/hook/ld_library_path_lib.dsv'
[0.656s] INFO:colcon.colcon_core.shell:Creating environment hook '/home/vivaan/Documents/star_project_submissions/Week_0/ros2_ws/install/tuos_interfaces/share/tuos_interfaces/hook/ld_library_path_lib.sh'
[0.663s] Level 1:colcon.colcon_core.environment:checking '/home/vivaan/Documents/star_project_submissions/Week_0/ros2_ws/install/tuos_interfaces/bin'
[0.663s] Level 1:colcon.colcon_core.environment:checking '/home/vivaan/Documents/star_project_submissions/Week_0/ros2_ws/install/tuos_interfaces/lib/pkgconfig/tuos_interfaces.pc'
[0.663s] Level 1:colcon.colcon_core.environment:checking '/home/vivaan/Documents/star_project_submissions/Week_0/ros2_ws/install/tuos_interfaces/lib/python3.10/site-packages'
[0.663s] Level 1:colcon.colcon_core.environment:checking '/home/vivaan/Documents/star_project_submissions/Week_0/ros2_ws/install/tuos_interfaces/bin'
[0.664s] INFO:colcon.colcon_core.shell:Creating package script '/home/vivaan/Documents/star_project_submissions/Week_0/ros2_ws/install/tuos_interfaces/share/tuos_interfaces/package.ps1'
[0.664s] INFO:colcon.colcon_core.shell:Creating package descriptor '/home/vivaan/Documents/star_project_submissions/Week_0/ros2_ws/install/tuos_interfaces/share/tuos_interfaces/package.dsv'
[0.664s] INFO:colcon.colcon_core.shell:Creating package script '/home/vivaan/Documents/star_project_submissions/Week_0/ros2_ws/install/tuos_interfaces/share/tuos_interfaces/package.sh'
[0.665s] INFO:colcon.colcon_core.shell:Creating package script '/home/vivaan/Documents/star_project_submissions/Week_0/ros2_ws/install/tuos_interfaces/share/tuos_interfaces/package.bash'
[0.665s] INFO:colcon.colcon_core.shell:Creating package script '/home/vivaan/Documents/star_project_submissions/Week_0/ros2_ws/install/tuos_interfaces/share/tuos_interfaces/package.zsh'
[0.665s] Level 1:colcon.colcon_core.environment:create_file_with_runtime_dependencies(/home/vivaan/Documents/star_project_submissions/Week_0/ros2_ws/install/tuos_interfaces/share/colcon-core/packages/tuos_interfaces)
[0.665s] INFO:colcon.colcon_ros.task.ament_cmake.build:Building ROS package in '/home/vivaan/Documents/star_project_submissions/Week_0/ros2_ws/src/tuos_ros/tuos_ros' with build type 'ament_cmake'
[0.665s] INFO:colcon.colcon_cmake.task.cmake.build:Building CMake package in '/home/vivaan/Documents/star_project_submissions/Week_0/ros2_ws/src/tuos_ros/tuos_ros'
[0.665s] INFO:colcon.colcon_core.shell:Skip shell extension 'powershell' for command environment: Not usable outside of PowerShell
[0.666s] DEBUG:colcon.colcon_core.shell:Skip shell extension 'dsv' for command environment
[0.677s] DEBUG:colcon.colcon_core.event_handler.log_command:Invoking command in '/home/vivaan/Documents/star_project_submissions/Week_0/ros2_ws/build/tuos_ros': CMAKE_PREFIX_PATH=/home/vivaan/Documents/star_project_submissions/Week_0/ros2_ws/install/com2009_simulations:/home/vivaan/Documents/star_project_submissions/Week_0/ros2_ws/install/tuos_tb3_tools:/home/vivaan/Documents/star_project_submissions/Week_0/ros2_ws/install/tuos_simulations:/home/vivaan/Documents/star_project_submissions/Week_0/ros2_ws/install/tuos_interfaces:/home/vivaan/Documents/star_project_submissions/Week_0/ros2_ws/install/tuos_examples:/home/vivaan/Documents/star_project_submissions/Week_0/ros2_ws/install/tuos_ros:/home/vivaan/Documents/star_project_submissions/Week_0/ros2_ws/install/part3_beyond_basics:/home/vivaan/Documents/star_project_submissions/Week_0/ros2_ws/install/part2_navigation:/home/vivaan/Documents/star_project_submissions/Week_0/ros2_ws/install/part1_pubsub:/opt/ros/humble /usr/bin/cmake --build /home/vivaan/Documents/star_project_submissions/Week_0/ros2_ws/build/tuos_ros -- -j12 -l12
[0.727s] DEBUG:colcon.colcon_core.event_handler.log_command:Invoked command in '/home/vivaan/Documents/star_project_submissions/Week_0/ros2_ws/build/tuos_ros' returned '0': CMAKE_PREFIX_PATH=/home/vivaan/Documents/star_project_submissions/Week_0/ros2_ws/install/com2009_simulations:/home/vivaan/Documents/star_project_submissions/Week_0/ros2_ws/install/tuos_tb3_tools:/home/vivaan/Documents/star_project_submissions/Week_0/ros2_ws/install/tuos_simulations:/home/vivaan/Documents/star_project_submissions/Week_0/ros2_ws/install/tuos_interfaces:/home/vivaan/Documents/star_project_submissions/Week_0/ros2_ws/install/tuos_examples:/home/vivaan/Documents/star_project_submissions/Week_0/ros2_ws/install/tuos_ros:/home/vivaan/Documents/star_project_submissions/Week_0/ros2_ws/install/part3_beyond_basics:/home/vivaan/Documents/star_project_submissions/Week_0/ros2_ws/install/part2_navigation:/home/vivaan/Documents/star_project_submissions/Week_0/ros2_ws/install/part1_pubsub:/opt/ros/humble /usr/bin/cmake --build /home/vivaan/Documents/star_project_submissions/Week_0/ros2_ws/build/tuos_ros -- -j12 -l12
[0.730s] DEBUG:colcon.colcon_core.event_handler.log_command:Invoking command in '/home/vivaan/Documents/star_project_submissions/Week_0/ros2_ws/build/tuos_ros': CMAKE_PREFIX_PATH=/home/vivaan/Documents/star_project_submissions/Week_0/ros2_ws/install/com2009_simulations:/home/vivaan/Documents/star_project_submissions/Week_0/ros2_ws/install/tuos_tb3_tools:/home/vivaan/Documents/star_project_submissions/Week_0/ros2_ws/install/tuos_simulations:/home/vivaan/Documents/star_project_submissions/Week_0/ros2_ws/install/tuos_interfaces:/home/vivaan/Documents/star_project_submissions/Week_0/ros2_ws/install/tuos_examples:/home/vivaan/Documents/star_project_submissions/Week_0/ros2_ws/install/tuos_ros:/home/vivaan/Documents/star_project_submissions/Week_0/ros2_ws/install/part3_beyond_basics:/home/vivaan/Documents/star_project_submissions/Week_0/ros2_ws/install/part2_navigation:/home/vivaan/Documents/star_project_submissions/Week_0/ros2_ws/install/part1_pubsub:/opt/ros/humble /usr/bin/cmake --install /home/vivaan/Documents/star_project_submissions/Week_0/ros2_ws/build/tuos_ros
[0.743s] Level 1:colcon.colcon_core.environment:create_environment_scripts_only(tuos_ros)
[0.744s] Level 1:colcon.colcon_core.environment:checking '/home/vivaan/Documents/star_project_submissions/Week_0/ros2_ws/install/tuos_ros' for CMake module files
[0.745s] DEBUG:colcon.colcon_core.event_handler.log_command:Invoked command in '/home/vivaan/Documents/star_project_submissions/Week_0/ros2_ws/build/tuos_ros' returned '0': CMAKE_PREFIX_PATH=/home/vivaan/Documents/star_project_submissions/Week_0/ros2_ws/install/com2009_simulations:/home/vivaan/Documents/star_project_submissions/Week_0/ros2_ws/install/tuos_tb3_tools:/home/vivaan/Documents/star_project_submissions/Week_0/ros2_ws/install/tuos_simulations:/home/vivaan/Documents/star_project_submissions/Week_0/ros2_ws/install/tuos_interfaces:/home/vivaan/Documents/star_project_submissions/Week_0/ros2_ws/install/tuos_examples:/home/vivaan/Documents/star_project_submissions/Week_0/ros2_ws/install/tuos_ros:/home/vivaan/Documents/star_project_submissions/Week_0/ros2_ws/install/part3_beyond_basics:/home/vivaan/Documents/star_project_submissions/Week_0/ros2_ws/install/part2_navigation:/home/vivaan/Documents/star_project_submissions/Week_0/ros2_ws/install/part1_pubsub:/opt/ros/humble /usr/bin/cmake --install /home/vivaan/Documents/star_project_submissions/Week_0/ros2_ws/build/tuos_ros
[0.745s] Level 1:colcon.colcon_core.environment:checking '/home/vivaan/Documents/star_project_submissions/Week_0/ros2_ws/install/tuos_ros' for CMake config files
[0.745s] Level 1:colcon.colcon_core.shell:create_environment_hook('tuos_ros', 'cmake_prefix_path')
[0.745s] INFO:colcon.colcon_core.shell:Creating environment hook '/home/vivaan/Documents/star_project_submissions/Week_0/ros2_ws/install/tuos_ros/share/tuos_ros/hook/cmake_prefix_path.ps1'
[0.746s] INFO:colcon.colcon_core.shell:Creating environment descriptor '/home/vivaan/Documents/star_project_submissions/Week_0/ros2_ws/install/tuos_ros/share/tuos_ros/hook/cmake_prefix_path.dsv'
[0.746s] INFO:colcon.colcon_core.shell:Creating environment hook '/home/vivaan/Documents/star_project_submissions/Week_0/ros2_ws/install/tuos_ros/share/tuos_ros/hook/cmake_prefix_path.sh'
[0.746s] Level 1:colcon.colcon_core.environment:checking '/home/vivaan/Documents/star_project_submissions/Week_0/ros2_ws/install/tuos_ros/bin'
[0.746s] Level 1:colcon.colcon_core.environment:checking '/home/vivaan/Documents/star_project_submissions/Week_0/ros2_ws/install/tuos_ros/lib/pkgconfig/tuos_ros.pc'
[0.747s] Level 1:colcon.colcon_core.environment:checking '/home/vivaan/Documents/star_project_submissions/Week_0/ros2_ws/install/tuos_ros/lib/python3.10/site-packages'
[0.747s] Level 1:colcon.colcon_core.environment:checking '/home/vivaan/Documents/star_project_submissions/Week_0/ros2_ws/install/tuos_ros/bin'
[0.747s] INFO:colcon.colcon_core.shell:Creating package script '/home/vivaan/Documents/star_project_submissions/Week_0/ros2_ws/install/tuos_ros/share/tuos_ros/package.ps1'
[0.748s] INFO:colcon.colcon_core.shell:Creating package descriptor '/home/vivaan/Documents/star_project_submissions/Week_0/ros2_ws/install/tuos_ros/share/tuos_ros/package.dsv'
[0.748s] INFO:colcon.colcon_core.shell:Creating package script '/home/vivaan/Documents/star_project_submissions/Week_0/ros2_ws/install/tuos_ros/share/tuos_ros/package.sh'
[0.748s] INFO:colcon.colcon_core.shell:Creating package script '/home/vivaan/Documents/star_project_submissions/Week_0/ros2_ws/install/tuos_ros/share/tuos_ros/package.bash'
[0.749s] INFO:colcon.colcon_core.shell:Creating package script '/home/vivaan/Documents/star_project_submissions/Week_0/ros2_ws/install/tuos_ros/share/tuos_ros/package.zsh'
[0.749s] Level 1:colcon.colcon_core.environment:create_file_with_runtime_dependencies(/home/vivaan/Documents/star_project_submissions/Week_0/ros2_ws/install/tuos_ros/share/colcon-core/packages/tuos_ros)
[0.749s] Level 1:colcon.colcon_core.environment:create_environment_scripts_only(tuos_ros)
[0.750s] Level 1:colcon.colcon_core.environment:checking '/home/vivaan/Documents/star_project_submissions/Week_0/ros2_ws/install/tuos_ros' for CMake module files
[0.750s] Level 1:colcon.colcon_core.environment:checking '/home/vivaan/Documents/star_project_submissions/Week_0/ros2_ws/install/tuos_ros' for CMake config files
[0.750s] Level 1:colcon.colcon_core.shell:create_environment_hook('tuos_ros', 'cmake_prefix_path')
[0.750s] INFO:colcon.colcon_core.shell:Creating environment hook '/home/vivaan/Documents/star_project_submissions/Week_0/ros2_ws/install/tuos_ros/share/tuos_ros/hook/cmake_prefix_path.ps1'
[0.751s] INFO:colcon.colcon_core.shell:Creating environment descriptor '/home/vivaan/Documents/star_project_submissions/Week_0/ros2_ws/install/tuos_ros/share/tuos_ros/hook/cmake_prefix_path.dsv'
[0.751s] INFO:colcon.colcon_core.shell:Creating environment hook '/home/vivaan/Documents/star_project_submissions/Week_0/ros2_ws/install/tuos_ros/share/tuos_ros/hook/cmake_prefix_path.sh'
[0.752s] Level 1:colcon.colcon_core.environment:checking '/home/vivaan/Documents/star_project_submissions/Week_0/ros2_ws/install/tuos_ros/bin'
[0.752s] Level 1:colcon.colcon_core.environment:checking '/home/vivaan/Documents/star_project_submissions/Week_0/ros2_ws/install/tuos_ros/lib/pkgconfig/tuos_ros.pc'
[0.752s] Level 1:colcon.colcon_core.environment:checking '/home/vivaan/Documents/star_project_submissions/Week_0/ros2_ws/install/tuos_ros/lib/python3.10/site-packages'
[0.752s] Level 1:colcon.colcon_core.environment:checking '/home/vivaan/Documents/star_project_submissions/Week_0/ros2_ws/install/tuos_ros/bin'
[0.753s] INFO:colcon.colcon_core.shell:Creating package script '/home/vivaan/Documents/star_project_submissions/Week_0/ros2_ws/install/tuos_ros/share/tuos_ros/package.ps1'
[0.754s] INFO:colcon.colcon_core.shell:Creating package descriptor '/home/vivaan/Documents/star_project_submissions/Week_0/ros2_ws/install/tuos_ros/share/tuos_ros/package.dsv'
[0.754s] INFO:colcon.colcon_core.shell:Creating package script '/home/vivaan/Documents/star_project_submissions/Week_0/ros2_ws/install/tuos_ros/share/tuos_ros/package.sh'
[0.755s] INFO:colcon.colcon_core.shell:Creating package script '/home/vivaan/Documents/star_project_submissions/Week_0/ros2_ws/install/tuos_ros/share/tuos_ros/package.bash'
[0.755s] INFO:colcon.colcon_core.shell:Creating package script '/home/vivaan/Documents/star_project_submissions/Week_0/ros2_ws/install/tuos_ros/share/tuos_ros/package.zsh'
[0.756s] Level 1:colcon.colcon_core.environment:create_file_with_runtime_dependencies(/home/vivaan/Documents/star_project_submissions/Week_0/ros2_ws/install/tuos_ros/share/colcon-core/packages/tuos_ros)
[0.756s] DEBUG:colcon.colcon_parallel_executor.executor.parallel:closing loop
[0.756s] DEBUG:colcon.colcon_parallel_executor.executor.parallel:loop closed
[0.756s] DEBUG:colcon.colcon_parallel_executor.executor.parallel:run_until_complete finished with '0'
[0.756s] DEBUG:colcon.colcon_core.event_reactor:joining thread
[0.763s] INFO:colcon.colcon_core.plugin_system:Skipping extension 'colcon_notification.desktop_notification.terminal_notifier': Not used on non-Darwin systems
[0.763s] INFO:colcon.colcon_core.plugin_system:Skipping extension 'colcon_notification.desktop_notification.win32': Not used on non-Windows systems
[0.763s] INFO:colcon.colcon_notification.desktop_notification:Sending desktop notification using 'notify2'
[0.776s] DEBUG:colcon.colcon_core.event_reactor:joined thread
[0.776s] INFO:colcon.colcon_core.shell:Creating prefix script '/home/vivaan/Documents/star_project_submissions/Week_0/ros2_ws/install/local_setup.ps1'
[0.777s] INFO:colcon.colcon_core.shell:Creating prefix util module '/home/vivaan/Documents/star_project_submissions/Week_0/ros2_ws/install/_local_setup_util_ps1.py'
[0.779s] INFO:colcon.colcon_core.shell:Creating prefix chain script '/home/vivaan/Documents/star_project_submissions/Week_0/ros2_ws/install/setup.ps1'
[0.781s] INFO:colcon.colcon_core.shell:Creating prefix script '/home/vivaan/Documents/star_project_submissions/Week_0/ros2_ws/install/local_setup.sh'
[0.781s] INFO:colcon.colcon_core.shell:Creating prefix util module '/home/vivaan/Documents/star_project_submissions/Week_0/ros2_ws/install/_local_setup_util_sh.py'
[0.782s] INFO:colcon.colcon_core.shell:Creating prefix chain script '/home/vivaan/Documents/star_project_submissions/Week_0/ros2_ws/install/setup.sh'
[0.783s] INFO:colcon.colcon_core.shell:Creating prefix script '/home/vivaan/Documents/star_project_submissions/Week_0/ros2_ws/install/local_setup.bash'
[0.784s] INFO:colcon.colcon_core.shell:Creating prefix chain script '/home/vivaan/Documents/star_project_submissions/Week_0/ros2_ws/install/setup.bash'
[0.784s] INFO:colcon.colcon_core.shell:Creating prefix script '/home/vivaan/Documents/star_project_submissions/Week_0/ros2_ws/install/local_setup.zsh'
[0.785s] INFO:colcon.colcon_core.shell:Creating prefix chain script '/home/vivaan/Documents/star_project_submissions/Week_0/ros2_ws/install/setup.zsh'
