[0.068s] DEBUG:colcon:Command line arguments: ['/usr/bin/colcon', 'build']
[0.068s] DEBUG:colcon:Parsed command line arguments: Namespace(log_base=None, log_level=None, verb_name='build', build_base='build', install_base='install', merge_install=False, symlink_install=False, test_result_base=None, continue_on_error=False, executor='parallel', parallel_workers=12, event_handlers=None, ignore_user_meta=False, metas=['./colcon.meta'], base_paths=['.'], packages_ignore=None, packages_ignore_regex=None, paths=None, packages_up_to=None, packages_up_to_regex=None, packages_above=None, packages_above_and_dependencies=None, packages_above_depth=None, packages_select_by_dep=None, packages_skip_by_dep=None, packages_skip_up_to=None, packages_select_build_failed=False, packages_skip_build_finished=False, packages_select_test_failures=False, packages_skip_test_passed=False, packages_select=None, packages_skip=None, packages_select_regex=None, packages_skip_regex=None, packages_start=None, packages_end=None, allow_overriding=[], cmake_args=None, cmake_target=None, cmake_target_skip_unavailable=False, cmake_clean_cache=False, cmake_clean_first=False, cmake_force_configure=False, ament_cmake_args=None, catkin_cmake_args=None, catkin_skip_building_tests=False, verb_parser=<colcon_defaults.argument_parser.defaults.DefaultArgumentsDecorator object at 0x7b7486219480>, verb_extension=<colcon_core.verb.build.BuildVerb object at 0x7b748634ef20>, main=<bound method BuildVerb.main of <colcon_core.verb.build.BuildVerb object at 0x7b748634ef20>>)
[0.095s] Level 1:colcon.colcon_core.package_discovery:discover_packages(colcon_meta) check parameters
[0.095s] Level 1:colcon.colcon_core.package_discovery:discover_packages(recursive) check parameters
[0.095s] Level 1:colcon.colcon_core.package_discovery:discover_packages(ignore) check parameters
[0.095s] Level 1:colcon.colcon_core.package_discovery:discover_packages(path) check parameters
[0.095s] Level 1:colcon.colcon_core.package_discovery:discover_packages(colcon_meta) discover
[0.095s] Level 1:colcon.colcon_core.package_discovery:discover_packages(recursive) discover
[0.096s] INFO:colcon.colcon_core.package_discovery:Crawling recursively for packages in '/home/vivaan/Documents/star_project_submissions/Week_0/ros2_ws'
[0.096s] Level 1:colcon.colcon_core.package_identification:_identify(.) by extensions ['ignore', 'ignore_ament_install']
[0.096s] Level 1:colcon.colcon_core.package_identification:_identify(.) by extension 'ignore'
[0.096s] Level 1:colcon.colcon_core.package_identification:_identify(.) by extension 'ignore_ament_install'
[0.096s] Level 1:colcon.colcon_core.package_identification:_identify(.) by extensions ['colcon_pkg']
[0.096s] Level 1:colcon.colcon_core.package_identification:_identify(.) by extension 'colcon_pkg'
[0.096s] Level 1:colcon.colcon_core.package_identification:_identify(.) by extensions ['colcon_meta']
[0.096s] Level 1:colcon.colcon_core.package_identification:_identify(.) by extension 'colcon_meta'
[0.096s] Level 1:colcon.colcon_core.package_identification:_identify(.) by extensions ['ros']
[0.096s] Level 1:colcon.colcon_core.package_identification:_identify(.) by extension 'ros'
[0.106s] Level 1:colcon.colcon_core.package_identification:_identify(.) by extensions ['cmake', 'python']
[0.106s] Level 1:colcon.colcon_core.package_identification:_identify(.) by extension 'cmake'
[0.106s] Level 1:colcon.colcon_core.package_identification:_identify(.) by extension 'python'
[0.106s] Level 1:colcon.colcon_core.package_identification:_identify(.) by extensions ['python_setup_py']
[0.106s] Level 1:colcon.colcon_core.package_identification:_identify(.) by extension 'python_setup_py'
[0.106s] Level 1:colcon.colcon_core.package_identification:_identify(build) by extensions ['ignore', 'ignore_ament_install']
[0.107s] Level 1:colcon.colcon_core.package_identification:_identify(build) by extension 'ignore'
[0.107s] Level 1:colcon.colcon_core.package_identification:_identify(build) ignored
[0.107s] Level 1:colcon.colcon_core.package_identification:_identify(install) by extensions ['ignore', 'ignore_ament_install']
[0.107s] Level 1:colcon.colcon_core.package_identification:_identify(install) by extension 'ignore'
[0.107s] Level 1:colcon.colcon_core.package_identification:_identify(install) ignored
[0.107s] Level 1:colcon.colcon_core.package_identification:_identify(log) by extensions ['ignore', 'ignore_ament_install']
[0.107s] Level 1:colcon.colcon_core.package_identification:_identify(log) by extension 'ignore'
[0.107s] Level 1:colcon.colcon_core.package_identification:_identify(log) ignored
[0.107s] Level 1:colcon.colcon_core.package_identification:_identify(src) by extensions ['ignore', 'ignore_ament_install']
[0.107s] Level 1:colcon.colcon_core.package_identification:_identify(src) by extension 'ignore'
[0.107s] Level 1:colcon.colcon_core.package_identification:_identify(src) by extension 'ignore_ament_install'
[0.107s] Level 1:colcon.colcon_core.package_identification:_identify(src) by extensions ['colcon_pkg']
[0.107s] Level 1:colcon.colcon_core.package_identification:_identify(src) by extension 'colcon_pkg'
[0.107s] Level 1:colcon.colcon_core.package_identification:_identify(src) by extensions ['colcon_meta']
[0.107s] Level 1:colcon.colcon_core.package_identification:_identify(src) by extension 'colcon_meta'
[0.107s] Level 1:colcon.colcon_core.package_identification:_identify(src) by extensions ['ros']
[0.107s] Level 1:colcon.colcon_core.package_identification:_identify(src) by extension 'ros'
[0.107s] Level 1:colcon.colcon_core.package_identification:_identify(src) by extensions ['cmake', 'python']
[0.107s] Level 1:colcon.colcon_core.package_identification:_identify(src) by extension 'cmake'
[0.107s] Level 1:colcon.colcon_core.package_identification:_identify(src) by extension 'python'
[0.107s] Level 1:colcon.colcon_core.package_identification:_identify(src) by extensions ['python_setup_py']
[0.107s] Level 1:colcon.colcon_core.package_identification:_identify(src) by extension 'python_setup_py'
[0.107s] Level 1:colcon.colcon_core.package_identification:_identify(src/part1_pubsub) by extensions ['ignore', 'ignore_ament_install']
[0.107s] Level 1:colcon.colcon_core.package_identification:_identify(src/part1_pubsub) by extension 'ignore'
[0.107s] Level 1:colcon.colcon_core.package_identification:_identify(src/part1_pubsub) by extension 'ignore_ament_install'
[0.107s] Level 1:colcon.colcon_core.package_identification:_identify(src/part1_pubsub) by extensions ['colcon_pkg']
[0.107s] Level 1:colcon.colcon_core.package_identification:_identify(src/part1_pubsub) by extension 'colcon_pkg'
[0.107s] Level 1:colcon.colcon_core.package_identification:_identify(src/part1_pubsub) by extensions ['colcon_meta']
[0.107s] Level 1:colcon.colcon_core.package_identification:_identify(src/part1_pubsub) by extension 'colcon_meta'
[0.107s] Level 1:colcon.colcon_core.package_identification:_identify(src/part1_pubsub) by extensions ['ros']
[0.107s] Level 1:colcon.colcon_core.package_identification:_identify(src/part1_pubsub) by extension 'ros'
[0.109s] DEBUG:colcon.colcon_core.package_identification:Package 'src/part1_pubsub' with type 'ros.ament_cmake' and name 'part1_pubsub'
[0.109s] Level 1:colcon.colcon_core.package_identification:_identify(src/part2_navigation) by extensions ['ignore', 'ignore_ament_install']
[0.109s] Level 1:colcon.colcon_core.package_identification:_identify(src/part2_navigation) by extension 'ignore'
[0.109s] Level 1:colcon.colcon_core.package_identification:_identify(src/part2_navigation) by extension 'ignore_ament_install'
[0.110s] Level 1:colcon.colcon_core.package_identification:_identify(src/part2_navigation) by extensions ['colcon_pkg']
[0.110s] Level 1:colcon.colcon_core.package_identification:_identify(src/part2_navigation) by extension 'colcon_pkg'
[0.110s] Level 1:colcon.colcon_core.package_identification:_identify(src/part2_navigation) by extensions ['colcon_meta']
[0.110s] Level 1:colcon.colcon_core.package_identification:_identify(src/part2_navigation) by extension 'colcon_meta'
[0.110s] Level 1:colcon.colcon_core.package_identification:_identify(src/part2_navigation) by extensions ['ros']
[0.110s] Level 1:colcon.colcon_core.package_identification:_identify(src/part2_navigation) by extension 'ros'
[0.110s] DEBUG:colcon.colcon_core.package_identification:Package 'src/part2_navigation' with type 'ros.ament_cmake' and name 'part2_navigation'
[0.110s] Level 1:colcon.colcon_core.package_identification:_identify(src/part3_beyond_basics) by extensions ['ignore', 'ignore_ament_install']
[0.110s] Level 1:colcon.colcon_core.package_identification:_identify(src/part3_beyond_basics) by extension 'ignore'
[0.110s] Level 1:colcon.colcon_core.package_identification:_identify(src/part3_beyond_basics) by extension 'ignore_ament_install'
[0.110s] Level 1:colcon.colcon_core.package_identification:_identify(src/part3_beyond_basics) by extensions ['colcon_pkg']
[0.110s] Level 1:colcon.colcon_core.package_identification:_identify(src/part3_beyond_basics) by extension 'colcon_pkg'
[0.110s] Level 1:colcon.colcon_core.package_identification:_identify(src/part3_beyond_basics) by extensions ['colcon_meta']
[0.110s] Level 1:colcon.colcon_core.package_identification:_identify(src/part3_beyond_basics) by extension 'colcon_meta'
[0.110s] Level 1:colcon.colcon_core.package_identification:_identify(src/part3_beyond_basics) by extensions ['ros']
[0.110s] Level 1:colcon.colcon_core.package_identification:_identify(src/part3_beyond_basics) by extension 'ros'
[0.111s] DEBUG:colcon.colcon_core.package_identification:Package 'src/part3_beyond_basics' with type 'ros.ament_cmake' and name 'part3_beyond_basics'
[0.111s] Level 1:colcon.colcon_core.package_identification:_identify(src/tuos_ros) by extensions ['ignore', 'ignore_ament_install']
[0.111s] Level 1:colcon.colcon_core.package_identification:_identify(src/tuos_ros) by extension 'ignore'
[0.111s] Level 1:colcon.colcon_core.package_identification:_identify(src/tuos_ros) by extension 'ignore_ament_install'
[0.111s] Level 1:colcon.colcon_core.package_identification:_identify(src/tuos_ros) by extensions ['colcon_pkg']
[0.111s] Level 1:colcon.colcon_core.package_identification:_identify(src/tuos_ros) by extension 'colcon_pkg'
[0.111s] Level 1:colcon.colcon_core.package_identification:_identify(src/tuos_ros) by extensions ['colcon_meta']
[0.111s] Level 1:colcon.colcon_core.package_identification:_identify(src/tuos_ros) by extension 'colcon_meta'
[0.111s] Level 1:colcon.colcon_core.package_identification:_identify(src/tuos_ros) by extensions ['ros']
[0.111s] Level 1:colcon.colcon_core.package_identification:_identify(src/tuos_ros) by extension 'ros'
[0.111s] Level 1:colcon.colcon_core.package_identification:_identify(src/tuos_ros) by extensions ['cmake', 'python']
[0.111s] Level 1:colcon.colcon_core.package_identification:_identify(src/tuos_ros) by extension 'cmake'
[0.111s] Level 1:colcon.colcon_core.package_identification:_identify(src/tuos_ros) by extension 'python'
[0.111s] Level 1:colcon.colcon_core.package_identification:_identify(src/tuos_ros) by extensions ['python_setup_py']
[0.111s] Level 1:colcon.colcon_core.package_identification:_identify(src/tuos_ros) by extension 'python_setup_py'
[0.111s] Level 1:colcon.colcon_core.package_identification:_identify(src/tuos_ros/com2009_simulations) by extensions ['ignore', 'ignore_ament_install']
[0.111s] Level 1:colcon.colcon_core.package_identification:_identify(src/tuos_ros/com2009_simulations) by extension 'ignore'
[0.111s] Level 1:colcon.colcon_core.package_identification:_identify(src/tuos_ros/com2009_simulations) by extension 'ignore_ament_install'
[0.111s] Level 1:colcon.colcon_core.package_identification:_identify(src/tuos_ros/com2009_simulations) by extensions ['colcon_pkg']
[0.111s] Level 1:colcon.colcon_core.package_identification:_identify(src/tuos_ros/com2009_simulations) by extension 'colcon_pkg'
[0.111s] Level 1:colcon.colcon_core.package_identification:_identify(src/tuos_ros/com2009_simulations) by extensions ['colcon_meta']
[0.111s] Level 1:colcon.colcon_core.package_identification:_identify(src/tuos_ros/com2009_simulations) by extension 'colcon_meta'
[0.111s] Level 1:colcon.colcon_core.package_identification:_identify(src/tuos_ros/com2009_simulations) by extensions ['ros']
[0.111s] Level 1:colcon.colcon_core.package_identification:_identify(src/tuos_ros/com2009_simulations) by extension 'ros'
[0.112s] DEBUG:colcon.colcon_core.package_identification:Package 'src/tuos_ros/com2009_simulations' with type 'ros.ament_cmake' and name 'com2009_simulations'
[0.112s] Level 1:colcon.colcon_core.package_identification:_identify(src/tuos_ros/tuos_examples) by extensions ['ignore', 'ignore_ament_install']
[0.112s] Level 1:colcon.colcon_core.package_identification:_identify(src/tuos_ros/tuos_examples) by extension 'ignore'
[0.112s] Level 1:colcon.colcon_core.package_identification:_identify(src/tuos_ros/tuos_examples) by extension 'ignore_ament_install'
[0.112s] Level 1:colcon.colcon_core.package_identification:_identify(src/tuos_ros/tuos_examples) by extensions ['colcon_pkg']
[0.112s] Level 1:colcon.colcon_core.package_identification:_identify(src/tuos_ros/tuos_examples) by extension 'colcon_pkg'
[0.112s] Level 1:colcon.colcon_core.package_identification:_identify(src/tuos_ros/tuos_examples) by extensions ['colcon_meta']
[0.112s] Level 1:colcon.colcon_core.package_identification:_identify(src/tuos_ros/tuos_examples) by extension 'colcon_meta'
[0.112s] Level 1:colcon.colcon_core.package_identification:_identify(src/tuos_ros/tuos_examples) by extensions ['ros']
[0.112s] Level 1:colcon.colcon_core.package_identification:_identify(src/tuos_ros/tuos_examples) by extension 'ros'
[0.113s] DEBUG:colcon.colcon_core.package_identification:Package 'src/tuos_ros/tuos_examples' with type 'ros.ament_cmake' and name 'tuos_examples'
[0.113s] Level 1:colcon.colcon_core.package_identification:_identify(src/tuos_ros/tuos_interfaces) by extensions ['ignore', 'ignore_ament_install']
[0.113s] Level 1:colcon.colcon_core.package_identification:_identify(src/tuos_ros/tuos_interfaces) by extension 'ignore'
[0.113s] Level 1:colcon.colcon_core.package_identification:_identify(src/tuos_ros/tuos_interfaces) by extension 'ignore_ament_install'
[0.113s] Level 1:colcon.colcon_core.package_identification:_identify(src/tuos_ros/tuos_interfaces) by extensions ['colcon_pkg']
[0.113s] Level 1:colcon.colcon_core.package_identification:_identify(src/tuos_ros/tuos_interfaces) by extension 'colcon_pkg'
[0.113s] Level 1:colcon.colcon_core.package_identification:_identify(src/tuos_ros/tuos_interfaces) by extensions ['colcon_meta']
[0.113s] Level 1:colcon.colcon_core.package_identification:_identify(src/tuos_ros/tuos_interfaces) by extension 'colcon_meta'
[0.113s] Level 1:colcon.colcon_core.package_identification:_identify(src/tuos_ros/tuos_interfaces) by extensions ['ros']
[0.113s] Level 1:colcon.colcon_core.package_identification:_identify(src/tuos_ros/tuos_interfaces) by extension 'ros'
[0.113s] DEBUG:colcon.colcon_core.package_identification:Package 'src/tuos_ros/tuos_interfaces' with type 'ros.ament_cmake' and name 'tuos_interfaces'
[0.113s] Level 1:colcon.colcon_core.package_identification:_identify(src/tuos_ros/tuos_ros) by extensions ['ignore', 'ignore_ament_install']
[0.113s] Level 1:colcon.colcon_core.package_identification:_identify(src/tuos_ros/tuos_ros) by extension 'ignore'
[0.113s] Level 1:colcon.colcon_core.package_identification:_identify(src/tuos_ros/tuos_ros) by extension 'ignore_ament_install'
[0.113s] Level 1:colcon.colcon_core.package_identification:_identify(src/tuos_ros/tuos_ros) by extensions ['colcon_pkg']
[0.113s] Level 1:colcon.colcon_core.package_identification:_identify(src/tuos_ros/tuos_ros) by extension 'colcon_pkg'
[0.113s] Level 1:colcon.colcon_core.package_identification:_identify(src/tuos_ros/tuos_ros) by extensions ['colcon_meta']
[0.113s] Level 1:colcon.colcon_core.package_identification:_identify(src/tuos_ros/tuos_ros) by extension 'colcon_meta'
[0.113s] Level 1:colcon.colcon_core.package_identification:_identify(src/tuos_ros/tuos_ros) by extensions ['ros']
[0.113s] Level 1:colcon.colcon_core.package_identification:_identify(src/tuos_ros/tuos_ros) by extension 'ros'
[0.114s] DEBUG:colcon.colcon_core.package_identification:Package 'src/tuos_ros/tuos_ros' with type 'ros.ament_cmake' and name 'tuos_ros'
[0.114s] Level 1:colcon.colcon_core.package_identification:_identify(src/tuos_ros/tuos_simulations) by extensions ['ignore', 'ignore_ament_install']
[0.114s] Level 1:colcon.colcon_core.package_identification:_identify(src/tuos_ros/tuos_simulations) by extension 'ignore'
[0.114s] Level 1:colcon.colcon_core.package_identification:_identify(src/tuos_ros/tuos_simulations) by extension 'ignore_ament_install'
[0.114s] Level 1:colcon.colcon_core.package_identification:_identify(src/tuos_ros/tuos_simulations) by extensions ['colcon_pkg']
[0.114s] Level 1:colcon.colcon_core.package_identification:_identify(src/tuos_ros/tuos_simulations) by extension 'colcon_pkg'
[0.114s] Level 1:colcon.colcon_core.package_identification:_identify(src/tuos_ros/tuos_simulations) by extensions ['colcon_meta']
[0.114s] Level 1:colcon.colcon_core.package_identification:_identify(src/tuos_ros/tuos_simulations) by extension 'colcon_meta'
[0.114s] Level 1:colcon.colcon_core.package_identification:_identify(src/tuos_ros/tuos_simulations) by extensions ['ros']
[0.114s] Level 1:colcon.colcon_core.package_identification:_identify(src/tuos_ros/tuos_simulations) by extension 'ros'
[0.114s] DEBUG:colcon.colcon_core.package_identification:Package 'src/tuos_ros/tuos_simulations' with type 'ros.ament_cmake' and name 'tuos_simulations'
[0.115s] Level 1:colcon.colcon_core.package_identification:_identify(src/tuos_ros/tuos_tb3_tools) by extensions ['ignore', 'ignore_ament_install']
[0.115s] Level 1:colcon.colcon_core.package_identification:_identify(src/tuos_ros/tuos_tb3_tools) by extension 'ignore'
[0.115s] Level 1:colcon.colcon_core.package_identification:_identify(src/tuos_ros/tuos_tb3_tools) by extension 'ignore_ament_install'
[0.115s] Level 1:colcon.colcon_core.package_identification:_identify(src/tuos_ros/tuos_tb3_tools) by extensions ['colcon_pkg']
[0.115s] Level 1:colcon.colcon_core.package_identification:_identify(src/tuos_ros/tuos_tb3_tools) by extension 'colcon_pkg'
[0.115s] Level 1:colcon.colcon_core.package_identification:_identify(src/tuos_ros/tuos_tb3_tools) by extensions ['colcon_meta']
[0.115s] Level 1:colcon.colcon_core.package_identification:_identify(src/tuos_ros/tuos_tb3_tools) by extension 'colcon_meta'
[0.115s] Level 1:colcon.colcon_core.package_identification:_identify(src/tuos_ros/tuos_tb3_tools) by extensions ['ros']
[0.115s] Level 1:colcon.colcon_core.package_identification:_identify(src/tuos_ros/tuos_tb3_tools) by extension 'ros'
[0.115s] DEBUG:colcon.colcon_core.package_identification:Package 'src/tuos_ros/tuos_tb3_tools' with type 'ros.ament_cmake' and name 'tuos_tb3_tools'
[0.115s] Level 1:colcon.colcon_core.package_discovery:discover_packages(recursive) using defaults
[0.115s] Level 1:colcon.colcon_core.package_discovery:discover_packages(ignore) discover
[0.115s] Level 1:colcon.colcon_core.package_discovery:discover_packages(ignore) using defaults
[0.115s] Level 1:colcon.colcon_core.package_discovery:discover_packages(path) discover
[0.115s] Level 1:colcon.colcon_core.package_discovery:discover_packages(path) using defaults
[0.130s] Level 1:colcon.colcon_core.package_discovery:discover_packages(prefix_path) check parameters
[0.130s] Level 1:colcon.colcon_core.package_discovery:discover_packages(prefix_path) discover
[0.131s] DEBUG:colcon.colcon_installed_package_information.package_discovery:Found 9 installed packages in /home/vivaan/Documents/star_project_submissions/Week_0/ros2_ws/install
[0.132s] DEBUG:colcon.colcon_installed_package_information.package_discovery:Found 318 installed packages in /opt/ros/humble
[0.133s] Level 1:colcon.colcon_core.package_discovery:discover_packages(prefix_path) using defaults
[0.157s] Level 5:colcon.colcon_core.verb:set package 'part1_pubsub' build argument 'cmake_args' from command line to 'None'
[0.157s] Level 5:colcon.colcon_core.verb:set package 'part1_pubsub' build argument 'cmake_target' from command line to 'None'
[0.157s] Level 5:colcon.colcon_core.verb:set package 'part1_pubsub' build argument 'cmake_target_skip_unavailable' from command line to 'False'
[0.157s] Level 5:colcon.colcon_core.verb:set package 'part1_pubsub' build argument 'cmake_clean_cache' from command line to 'False'
[0.157s] Level 5:colcon.colcon_core.verb:set package 'part1_pubsub' build argument 'cmake_clean_first' from command line to 'False'
[0.157s] Level 5:colcon.colcon_core.verb:set package 'part1_pubsub' build argument 'cmake_force_configure' from command line to 'False'
[0.157s] Level 5:colcon.colcon_core.verb:set package 'part1_pubsub' build argument 'ament_cmake_args' from command line to 'None'
[0.157s] Level 5:colcon.colcon_core.verb:set package 'part1_pubsub' build argument 'catkin_cmake_args' from command line to 'None'
[0.157s] Level 5:colcon.colcon_core.verb:set package 'part1_pubsub' build argument 'catkin_skip_building_tests' from command line to 'False'
[0.157s] DEBUG:colcon.colcon_core.verb:Building package 'part1_pubsub' with the following arguments: {'ament_cmake_args': None, 'build_base': '/home/vivaan/Documents/star_project_submissions/Week_0/ros2_ws/build/part1_pubsub', 'catkin_cmake_args': None, 'catkin_skip_building_tests': False, 'cmake_args': None, 'cmake_clean_cache': False, 'cmake_clean_first': False, 'cmake_force_configure': False, 'cmake_target': None, 'cmake_target_skip_unavailable': False, 'install_base': '/home/vivaan/Documents/star_project_submissions/Week_0/ros2_ws/install/part1_pubsub', 'merge_install': False, 'path': '/home/vivaan/Documents/star_project_submissions/Week_0/ros2_ws/src/part1_pubsub', 'symlink_install': False, 'test_result_base': None}
[0.157s] Level 5:colcon.colcon_core.verb:set package 'part2_navigation' build argument 'cmake_args' from command line to 'None'
[0.157s] Level 5:colcon.colcon_core.verb:set package 'part2_navigation' build argument 'cmake_target' from command line to 'None'
[0.157s] Level 5:colcon.colcon_core.verb:set package 'part2_navigation' build argument 'cmake_target_skip_unavailable' from command line to 'False'
[0.157s] Level 5:colcon.colcon_core.verb:set package 'part2_navigation' build argument 'cmake_clean_cache' from command line to 'False'
[0.157s] Level 5:colcon.colcon_core.verb:set package 'part2_navigation' build argument 'cmake_clean_first' from command line to 'False'
[0.157s] Level 5:colcon.colcon_core.verb:set package 'part2_navigation' build argument 'cmake_force_configure' from command line to 'False'
[0.157s] Level 5:colcon.colcon_core.verb:set package 'part2_navigation' build argument 'ament_cmake_args' from command line to 'None'
[0.157s] Level 5:colcon.colcon_core.verb:set package 'part2_navigation' build argument 'catkin_cmake_args' from command line to 'None'
[0.157s] Level 5:colcon.colcon_core.verb:set package 'part2_navigation' build argument 'catkin_skip_building_tests' from command line to 'False'
[0.157s] DEBUG:colcon.colcon_core.verb:Building package 'part2_navigation' with the following arguments: {'ament_cmake_args': None, 'build_base': '/home/vivaan/Documents/star_project_submissions/Week_0/ros2_ws/build/part2_navigation', 'catkin_cmake_args': None, 'catkin_skip_building_tests': False, 'cmake_args': None, 'cmake_clean_cache': False, 'cmake_clean_first': False, 'cmake_force_configure': False, 'cmake_target': None, 'cmake_target_skip_unavailable': False, 'install_base': '/home/vivaan/Documents/star_project_submissions/Week_0/ros2_ws/install/part2_navigation', 'merge_install': False, 'path': '/home/vivaan/Documents/star_project_submissions/Week_0/ros2_ws/src/part2_navigation', 'symlink_install': False, 'test_result_base': None}
[0.157s] Level 5:colcon.colcon_core.verb:set package 'part3_beyond_basics' build argument 'cmake_args' from command line to 'None'
[0.157s] Level 5:colcon.colcon_core.verb:set package 'part3_beyond_basics' build argument 'cmake_target' from command line to 'None'
[0.157s] Level 5:colcon.colcon_core.verb:set package 'part3_beyond_basics' build argument 'cmake_target_skip_unavailable' from command line to 'False'
[0.157s] Level 5:colcon.colcon_core.verb:set package 'part3_beyond_basics' build argument 'cmake_clean_cache' from command line to 'False'
[0.157s] Level 5:colcon.colcon_core.verb:set package 'part3_beyond_basics' build argument 'cmake_clean_first' from command line to 'False'
[0.157s] Level 5:colcon.colcon_core.verb:set package 'part3_beyond_basics' build argument 'cmake_force_configure' from command line to 'False'
[0.157s] Level 5:colcon.colcon_core.verb:set package 'part3_beyond_basics' build argument 'ament_cmake_args' from command line to 'None'
[0.157s] Level 5:colcon.colcon_core.verb:set package 'part3_beyond_basics' build argument 'catkin_cmake_args' from command line to 'None'
[0.157s] Level 5:colcon.colcon_core.verb:set package 'part3_beyond_basics' build argument 'catkin_skip_building_tests' from command line to 'False'
[0.157s] DEBUG:colcon.colcon_core.verb:Building package 'part3_beyond_basics' with the following arguments: {'ament_cmake_args': None, 'build_base': '/home/vivaan/Documents/star_project_submissions/Week_0/ros2_ws/build/part3_beyond_basics', 'catkin_cmake_args': None, 'catkin_skip_building_tests': False, 'cmake_args': None, 'cmake_clean_cache': False, 'cmake_clean_first': False, 'cmake_force_configure': False, 'cmake_target': None, 'cmake_target_skip_unavailable': False, 'install_base': '/home/vivaan/Documents/star_project_submissions/Week_0/ros2_ws/install/part3_beyond_basics', 'merge_install': False, 'path': '/home/vivaan/Documents/star_project_submissions/Week_0/ros2_ws/src/part3_beyond_basics', 'symlink_install': False, 'test_result_base': None}
[0.158s] Level 5:colcon.colcon_core.verb:set package 'tuos_examples' build argument 'cmake_args' from command line to 'None'
[0.158s] Level 5:colcon.colcon_core.verb:set package 'tuos_examples' build argument 'cmake_target' from command line to 'None'
[0.158s] Level 5:colcon.colcon_core.verb:set package 'tuos_examples' build argument 'cmake_target_skip_unavailable' from command line to 'False'
[0.158s] Level 5:colcon.colcon_core.verb:set package 'tuos_examples' build argument 'cmake_clean_cache' from command line to 'False'
[0.158s] Level 5:colcon.colcon_core.verb:set package 'tuos_examples' build argument 'cmake_clean_first' from command line to 'False'
[0.158s] Level 5:colcon.colcon_core.verb:set package 'tuos_examples' build argument 'cmake_force_configure' from command line to 'False'
[0.158s] Level 5:colcon.colcon_core.verb:set package 'tuos_examples' build argument 'ament_cmake_args' from command line to 'None'
[0.158s] Level 5:colcon.colcon_core.verb:set package 'tuos_examples' build argument 'catkin_cmake_args' from command line to 'None'
[0.158s] Level 5:colcon.colcon_core.verb:set package 'tuos_examples' build argument 'catkin_skip_building_tests' from command line to 'False'
[0.158s] DEBUG:colcon.colcon_core.verb:Building package 'tuos_examples' with the following arguments: {'ament_cmake_args': None, 'build_base': '/home/vivaan/Documents/star_project_submissions/Week_0/ros2_ws/build/tuos_examples', 'catkin_cmake_args': None, 'catkin_skip_building_tests': False, 'cmake_args': None, 'cmake_clean_cache': False, 'cmake_clean_first': False, 'cmake_force_configure': False, 'cmake_target': None, 'cmake_target_skip_unavailable': False, 'install_base': '/home/vivaan/Documents/star_project_submissions/Week_0/ros2_ws/install/tuos_examples', 'merge_install': False, 'path': '/home/vivaan/Documents/star_project_submissions/Week_0/ros2_ws/src/tuos_ros/tuos_examples', 'symlink_install': False, 'test_result_base': None}
[0.158s] Level 5:colcon.colcon_core.verb:set package 'tuos_interfaces' build argument 'cmake_args' from command line to 'None'
[0.158s] Level 5:colcon.colcon_core.verb:set package 'tuos_interfaces' build argument 'cmake_target' from command line to 'None'
[0.158s] Level 5:colcon.colcon_core.verb:set package 'tuos_interfaces' build argument 'cmake_target_skip_unavailable' from command line to 'False'
[0.158s] Level 5:colcon.colcon_core.verb:set package 'tuos_interfaces' build argument 'cmake_clean_cache' from command line to 'False'
[0.158s] Level 5:colcon.colcon_core.verb:set package 'tuos_interfaces' build argument 'cmake_clean_first' from command line to 'False'
[0.158s] Level 5:colcon.colcon_core.verb:set package 'tuos_interfaces' build argument 'cmake_force_configure' from command line to 'False'
[0.158s] Level 5:colcon.colcon_core.verb:set package 'tuos_interfaces' build argument 'ament_cmake_args' from command line to 'None'
[0.158s] Level 5:colcon.colcon_core.verb:set package 'tuos_interfaces' build argument 'catkin_cmake_args' from command line to 'None'
[0.158s] Level 5:colcon.colcon_core.verb:set package 'tuos_interfaces' build argument 'catkin_skip_building_tests' from command line to 'False'
[0.158s] DEBUG:colcon.colcon_core.verb:Building package 'tuos_interfaces' with the following arguments: {'ament_cmake_args': None, 'build_base': '/home/vivaan/Documents/star_project_submissions/Week_0/ros2_ws/build/tuos_interfaces', 'catkin_cmake_args': None, 'catkin_skip_building_tests': False, 'cmake_args': None, 'cmake_clean_cache': False, 'cmake_clean_first': False, 'cmake_force_configure': False, 'cmake_target': None, 'cmake_target_skip_unavailable': False, 'install_base': '/home/vivaan/Documents/star_project_submissions/Week_0/ros2_ws/install/tuos_interfaces', 'merge_install': False, 'path': '/home/vivaan/Documents/star_project_submissions/Week_0/ros2_ws/src/tuos_ros/tuos_interfaces', 'symlink_install': False, 'test_result_base': None}
[0.158s] Level 5:colcon.colcon_core.verb:set package 'tuos_simulations' build argument 'cmake_args' from command line to 'None'
[0.158s] Level 5:colcon.colcon_core.verb:set package 'tuos_simulations' build argument 'cmake_target' from command line to 'None'
[0.158s] Level 5:colcon.colcon_core.verb:set package 'tuos_simulations' build argument 'cmake_target_skip_unavailable' from command line to 'False'
[0.158s] Level 5:colcon.colcon_core.verb:set package 'tuos_simulations' build argument 'cmake_clean_cache' from command line to 'False'
[0.158s] Level 5:colcon.colcon_core.verb:set package 'tuos_simulations' build argument 'cmake_clean_first' from command line to 'False'
[0.158s] Level 5:colcon.colcon_core.verb:set package 'tuos_simulations' build argument 'cmake_force_configure' from command line to 'False'
[0.158s] Level 5:colcon.colcon_core.verb:set package 'tuos_simulations' build argument 'ament_cmake_args' from command line to 'None'
[0.158s] Level 5:colcon.colcon_core.verb:set package 'tuos_simulations' build argument 'catkin_cmake_args' from command line to 'None'
[0.158s] Level 5:colcon.colcon_core.verb:set package 'tuos_simulations' build argument 'catkin_skip_building_tests' from command line to 'False'
[0.158s] DEBUG:colcon.colcon_core.verb:Building package 'tuos_simulations' with the following arguments: {'ament_cmake_args': None, 'build_base': '/home/vivaan/Documents/star_project_submissions/Week_0/ros2_ws/build/tuos_simulations', 'catkin_cmake_args': None, 'catkin_skip_building_tests': False, 'cmake_args': None, 'cmake_clean_cache': False, 'cmake_clean_first': False, 'cmake_force_configure': False, 'cmake_target': None, 'cmake_target_skip_unavailable': False, 'install_base': '/home/vivaan/Documents/star_project_submissions/Week_0/ros2_ws/install/tuos_simulations', 'merge_install': False, 'path': '/home/vivaan/Documents/star_project_submissions/Week_0/ros2_ws/src/tuos_ros/tuos_simulations', 'symlink_install': False, 'test_result_base': None}
[0.158s] Level 5:colcon.colcon_core.verb:set package 'tuos_tb3_tools' build argument 'cmake_args' from command line to 'None'
[0.159s] Level 5:colcon.colcon_core.verb:set package 'tuos_tb3_tools' build argument 'cmake_target' from command line to 'None'
[0.159s] Level 5:colcon.colcon_core.verb:set package 'tuos_tb3_tools' build argument 'cmake_target_skip_unavailable' from command line to 'False'
[0.159s] Level 5:colcon.colcon_core.verb:set package 'tuos_tb3_tools' build argument 'cmake_clean_cache' from command line to 'False'
[0.159s] Level 5:colcon.colcon_core.verb:set package 'tuos_tb3_tools' build argument 'cmake_clean_first' from command line to 'False'
[0.159s] Level 5:colcon.colcon_core.verb:set package 'tuos_tb3_tools' build argument 'cmake_force_configure' from command line to 'False'
[0.159s] Level 5:colcon.colcon_core.verb:set package 'tuos_tb3_tools' build argument 'ament_cmake_args' from command line to 'None'
[0.159s] Level 5:colcon.colcon_core.verb:set package 'tuos_tb3_tools' build argument 'catkin_cmake_args' from command line to 'None'
[0.159s] Level 5:colcon.colcon_core.verb:set package 'tuos_tb3_tools' build argument 'catkin_skip_building_tests' from command line to 'False'
[0.159s] DEBUG:colcon.colcon_core.verb:Building package 'tuos_tb3_tools' with the following arguments: {'ament_cmake_args': None, 'build_base': '/home/vivaan/Documents/star_project_submissions/Week_0/ros2_ws/build/tuos_tb3_tools', 'catkin_cmake_args': None, 'catkin_skip_building_tests': False, 'cmake_args': None, 'cmake_clean_cache': False, 'cmake_clean_first': False, 'cmake_force_configure': False, 'cmake_target': None, 'cmake_target_skip_unavailable': False, 'install_base': '/home/vivaan/Documents/star_project_submissions/Week_0/ros2_ws/install/tuos_tb3_tools', 'merge_install': False, 'path': '/home/vivaan/Documents/star_project_submissions/Week_0/ros2_ws/src/tuos_ros/tuos_tb3_tools', 'symlink_install': False, 'test_result_base': None}
[0.159s] Level 5:colcon.colcon_core.verb:set package 'com2009_simulations' build argument 'cmake_args' from command line to 'None'
[0.159s] Level 5:colcon.colcon_core.verb:set package 'com2009_simulations' build argument 'cmake_target' from command line to 'None'
[0.159s] Level 5:colcon.colcon_core.verb:set package 'com2009_simulations' build argument 'cmake_target_skip_unavailable' from command line to 'False'
[0.159s] Level 5:colcon.colcon_core.verb:set package 'com2009_simulations' build argument 'cmake_clean_cache' from command line to 'False'
[0.159s] Level 5:colcon.colcon_core.verb:set package 'com2009_simulations' build argument 'cmake_clean_first' from command line to 'False'
[0.159s] Level 5:colcon.colcon_core.verb:set package 'com2009_simulations' build argument 'cmake_force_configure' from command line to 'False'
[0.159s] Level 5:colcon.colcon_core.verb:set package 'com2009_simulations' build argument 'ament_cmake_args' from command line to 'None'
[0.159s] Level 5:colcon.colcon_core.verb:set package 'com2009_simulations' build argument 'catkin_cmake_args' from command line to 'None'
[0.159s] Level 5:colcon.colcon_core.verb:set package 'com2009_simulations' build argument 'catkin_skip_building_tests' from command line to 'False'
[0.159s] DEBUG:colcon.colcon_core.verb:Building package 'com2009_simulations' with the following arguments: {'ament_cmake_args': None, 'build_base': '/home/vivaan/Documents/star_project_submissions/Week_0/ros2_ws/build/com2009_simulations', 'catkin_cmake_args': None, 'catkin_skip_building_tests': False, 'cmake_args': None, 'cmake_clean_cache': False, 'cmake_clean_first': False, 'cmake_force_configure': False, 'cmake_target': None, 'cmake_target_skip_unavailable': False, 'install_base': '/home/vivaan/Documents/star_project_submissions/Week_0/ros2_ws/install/com2009_simulations', 'merge_install': False, 'path': '/home/vivaan/Documents/star_project_submissions/Week_0/ros2_ws/src/tuos_ros/com2009_simulations', 'symlink_install': False, 'test_result_base': None}
[0.159s] Level 5:colcon.colcon_core.verb:set package 'tuos_ros' build argument 'cmake_args' from command line to 'None'
[0.159s] Level 5:colcon.colcon_core.verb:set package 'tuos_ros' build argument 'cmake_target' from command line to 'None'
[0.159s] Level 5:colcon.colcon_core.verb:set package 'tuos_ros' build argument 'cmake_target_skip_unavailable' from command line to 'False'
[0.159s] Level 5:colcon.colcon_core.verb:set package 'tuos_ros' build argument 'cmake_clean_cache' from command line to 'False'
[0.159s] Level 5:colcon.colcon_core.verb:set package 'tuos_ros' build argument 'cmake_clean_first' from command line to 'False'
[0.159s] Level 5:colcon.colcon_core.verb:set package 'tuos_ros' build argument 'cmake_force_configure' from command line to 'False'
[0.159s] Level 5:colcon.colcon_core.verb:set package 'tuos_ros' build argument 'ament_cmake_args' from command line to 'None'
[0.159s] Level 5:colcon.colcon_core.verb:set package 'tuos_ros' build argument 'catkin_cmake_args' from command line to 'None'
[0.159s] Level 5:colcon.colcon_core.verb:set package 'tuos_ros' build argument 'catkin_skip_building_tests' from command line to 'False'
[0.159s] DEBUG:colcon.colcon_core.verb:Building package 'tuos_ros' with the following arguments: {'ament_cmake_args': None, 'build_base': '/home/vivaan/Documents/star_project_submissions/Week_0/ros2_ws/build/tuos_ros', 'catkin_cmake_args': None, 'catkin_skip_building_tests': False, 'cmake_args': None, 'cmake_clean_cache': False, 'cmake_clean_first': False, 'cmake_force_configure': False, 'cmake_target': None, 'cmake_target_skip_unavailable': False, 'install_base': '/home/vivaan/Documents/star_project_submissions/Week_0/ros2_ws/install/tuos_ros', 'merge_install': False, 'path': '/home/vivaan/Documents/star_project_submissions/Week_0/ros2_ws/src/tuos_ros/tuos_ros', 'symlink_install': False, 'test_result_base': None}
[0.159s] INFO:colcon.colcon_core.executor:Executing jobs using 'parallel' executor
[0.160s] DEBUG:colcon.colcon_parallel_executor.executor.parallel:run_until_complete
[0.160s] INFO:colcon.colcon_ros.task.ament_cmake.build:Building ROS package in '/home/vivaan/Documents/star_project_submissions/Week_0/ros2_ws/src/tuos_ros/tuos_simulations' with build type 'ament_cmake'
[0.160s] INFO:colcon.colcon_cmake.task.cmake.build:Building CMake package in '/home/vivaan/Documents/star_project_submissions/Week_0/ros2_ws/src/tuos_ros/tuos_simulations'
[0.162s] INFO:colcon.colcon_core.plugin_system:Skipping extension 'colcon_core.shell.bat': Not used on non-Windows systems
[0.162s] INFO:colcon.colcon_core.shell:Skip shell extension 'powershell' for command environment: Not usable outside of PowerShell
[0.162s] DEBUG:colcon.colcon_core.shell:Skip shell extension 'dsv' for command environment
[0.164s] INFO:colcon.colcon_ros.task.ament_cmake.build:Building ROS package in '/home/vivaan/Documents/star_project_submissions/Week_0/ros2_ws/src/tuos_ros/tuos_examples' with build type 'ament_cmake'
[0.165s] INFO:colcon.colcon_cmake.task.cmake.build:Building CMake package in '/home/vivaan/Documents/star_project_submissions/Week_0/ros2_ws/src/tuos_ros/tuos_examples'
[0.165s] INFO:colcon.colcon_core.shell:Skip shell extension 'powershell' for command environment: Not usable outside of PowerShell
[0.165s] DEBUG:colcon.colcon_core.shell:Skip shell extension 'dsv' for command environment
[0.167s] INFO:colcon.colcon_ros.task.ament_cmake.build:Building ROS package in '/home/vivaan/Documents/star_project_submissions/Week_0/ros2_ws/src/tuos_ros/tuos_interfaces' with build type 'ament_cmake'
[0.167s] INFO:colcon.colcon_cmake.task.cmake.build:Building CMake package in '/home/vivaan/Documents/star_project_submissions/Week_0/ros2_ws/src/tuos_ros/tuos_interfaces'
[0.167s] INFO:colcon.colcon_core.shell:Skip shell extension 'powershell' for command environment: Not usable outside of PowerShell
[0.167s] DEBUG:colcon.colcon_core.shell:Skip shell extension 'dsv' for command environment
[0.169s] INFO:colcon.colcon_ros.task.ament_cmake.build:Building ROS package in '/home/vivaan/Documents/star_project_submissions/Week_0/ros2_ws/src/tuos_ros/tuos_tb3_tools' with build type 'ament_cmake'
[0.170s] INFO:colcon.colcon_cmake.task.cmake.build:Building CMake package in '/home/vivaan/Documents/star_project_submissions/Week_0/ros2_ws/src/tuos_ros/tuos_tb3_tools'
[0.170s] INFO:colcon.colcon_core.shell:Skip shell extension 'powershell' for command environment: Not usable outside of PowerShell
[0.170s] DEBUG:colcon.colcon_core.shell:Skip shell extension 'dsv' for command environment
[0.172s] INFO:colcon.colcon_ros.task.ament_cmake.build:Building ROS package in '/home/vivaan/Documents/star_project_submissions/Week_0/ros2_ws/src/part1_pubsub' with build type 'ament_cmake'
[0.172s] INFO:colcon.colcon_cmake.task.cmake.build:Building CMake package in '/home/vivaan/Documents/star_project_submissions/Week_0/ros2_ws/src/part1_pubsub'
[0.172s] INFO:colcon.colcon_core.shell:Skip shell extension 'powershell' for command environment: Not usable outside of PowerShell
[0.172s] DEBUG:colcon.colcon_core.shell:Skip shell extension 'dsv' for command environment
[0.175s] INFO:colcon.colcon_ros.task.ament_cmake.build:Building ROS package in '/home/vivaan/Documents/star_project_submissions/Week_0/ros2_ws/src/part2_navigation' with build type 'ament_cmake'
[0.175s] INFO:colcon.colcon_cmake.task.cmake.build:Building CMake package in '/home/vivaan/Documents/star_project_submissions/Week_0/ros2_ws/src/part2_navigation'
[0.176s] INFO:colcon.colcon_core.shell:Skip shell extension 'powershell' for command environment: Not usable outside of PowerShell
[0.176s] DEBUG:colcon.colcon_core.shell:Skip shell extension 'dsv' for command environment
[0.178s] INFO:colcon.colcon_ros.task.ament_cmake.build:Building ROS package in '/home/vivaan/Documents/star_project_submissions/Week_0/ros2_ws/src/part3_beyond_basics' with build type 'ament_cmake'
[0.178s] INFO:colcon.colcon_cmake.task.cmake.build:Building CMake package in '/home/vivaan/Documents/star_project_submissions/Week_0/ros2_ws/src/part3_beyond_basics'
[0.178s] INFO:colcon.colcon_core.shell:Skip shell extension 'powershell' for command environment: Not usable outside of PowerShell
[0.178s] DEBUG:colcon.colcon_core.shell:Skip shell extension 'dsv' for command environment
[0.184s] DEBUG:colcon.colcon_core.event_handler.log_command:Invoking command in '/home/vivaan/Documents/star_project_submissions/Week_0/ros2_ws/build/tuos_simulations': CMAKE_PREFIX_PATH=${CMAKE_PREFIX_PATH}:/opt/ros/humble /usr/bin/cmake --build /home/vivaan/Documents/star_project_submissions/Week_0/ros2_ws/build/tuos_simulations -- -j12 -l12
[0.187s] DEBUG:colcon.colcon_core.event_handler.log_command:Invoking command in '/home/vivaan/Documents/star_project_submissions/Week_0/ros2_ws/build/tuos_examples': CMAKE_PREFIX_PATH=${CMAKE_PREFIX_PATH}:/opt/ros/humble /usr/bin/cmake --build /home/vivaan/Documents/star_project_submissions/Week_0/ros2_ws/build/tuos_examples -- -j12 -l12
[0.189s] DEBUG:colcon.colcon_core.event_handler.log_command:Invoking command in '/home/vivaan/Documents/star_project_submissions/Week_0/ros2_ws/build/tuos_interfaces': CMAKE_PREFIX_PATH=${CMAKE_PREFIX_PATH}:/opt/ros/humble /usr/bin/cmake --build /home/vivaan/Documents/star_project_submissions/Week_0/ros2_ws/build/tuos_interfaces -- -j12 -l12
[0.194s] DEBUG:colcon.colcon_core.event_handler.log_command:Invoking command in '/home/vivaan/Documents/star_project_submissions/Week_0/ros2_ws/build/tuos_tb3_tools': CMAKE_PREFIX_PATH=${CMAKE_PREFIX_PATH}:/opt/ros/humble /usr/bin/cmake --build /home/vivaan/Documents/star_project_submissions/Week_0/ros2_ws/build/tuos_tb3_tools -- -j12 -l12
[0.200s] DEBUG:colcon.colcon_core.event_handler.log_command:Invoking command in '/home/vivaan/Documents/star_project_submissions/Week_0/ros2_ws/build/part1_pubsub': CMAKE_PREFIX_PATH=${CMAKE_PREFIX_PATH}:/opt/ros/humble /usr/bin/cmake --build /home/vivaan/Documents/star_project_submissions/Week_0/ros2_ws/build/part1_pubsub -- -j12 -l12
[0.207s] DEBUG:colcon.colcon_core.event_handler.log_command:Invoking command in '/home/vivaan/Documents/star_project_submissions/Week_0/ros2_ws/build/part2_navigation': CMAKE_PREFIX_PATH=${CMAKE_PREFIX_PATH}:/opt/ros/humble /usr/bin/cmake --build /home/vivaan/Documents/star_project_submissions/Week_0/ros2_ws/build/part2_navigation -- -j12 -l12
[0.214s] DEBUG:colcon.colcon_core.event_handler.log_command:Invoking command in '/home/vivaan/Documents/star_project_submissions/Week_0/ros2_ws/build/part3_beyond_basics': CMAKE_PREFIX_PATH=${CMAKE_PREFIX_PATH}:/opt/ros/humble /usr/bin/cmake --build /home/vivaan/Documents/star_project_submissions/Week_0/ros2_ws/build/part3_beyond_basics -- -j12 -l12
[0.233s] DEBUG:colcon.colcon_core.event_handler.log_command:Invoked command in '/home/vivaan/Documents/star_project_submissions/Week_0/ros2_ws/build/tuos_simulations' returned '0': CMAKE_PREFIX_PATH=${CMAKE_PREFIX_PATH}:/opt/ros/humble /usr/bin/cmake --build /home/vivaan/Documents/star_project_submissions/Week_0/ros2_ws/build/tuos_simulations -- -j12 -l12
[0.249s] DEBUG:colcon.colcon_core.event_handler.log_command:Invoking command in '/home/vivaan/Documents/star_project_submissions/Week_0/ros2_ws/build/tuos_simulations': CMAKE_PREFIX_PATH=${CMAKE_PREFIX_PATH}:/opt/ros/humble /usr/bin/cmake --install /home/vivaan/Documents/star_project_submissions/Week_0/ros2_ws/build/tuos_simulations
[0.270s] DEBUG:colcon.colcon_core.event_handler.log_command:Invoked command in '/home/vivaan/Documents/star_project_submissions/Week_0/ros2_ws/build/part2_navigation' returned '0': CMAKE_PREFIX_PATH=${CMAKE_PREFIX_PATH}:/opt/ros/humble /usr/bin/cmake --build /home/vivaan/Documents/star_project_submissions/Week_0/ros2_ws/build/part2_navigation -- -j12 -l12
[0.274s] DEBUG:colcon.colcon_core.event_handler.log_command:Invoking command in '/home/vivaan/Documents/star_project_submissions/Week_0/ros2_ws/build/part2_navigation': CMAKE_PREFIX_PATH=${CMAKE_PREFIX_PATH}:/opt/ros/humble /usr/bin/cmake --install /home/vivaan/Documents/star_project_submissions/Week_0/ros2_ws/build/part2_navigation
[0.275s] Level 1:colcon.colcon_core.environment:create_environment_scripts_only(tuos_simulations)
[0.275s] DEBUG:colcon.colcon_core.event_handler.log_command:Invoked command in '/home/vivaan/Documents/star_project_submissions/Week_0/ros2_ws/build/tuos_simulations' returned '0': CMAKE_PREFIX_PATH=${CMAKE_PREFIX_PATH}:/opt/ros/humble /usr/bin/cmake --install /home/vivaan/Documents/star_project_submissions/Week_0/ros2_ws/build/tuos_simulations
[0.278s] Level 1:colcon.colcon_core.environment:checking '/home/vivaan/Documents/star_project_submissions/Week_0/ros2_ws/install/tuos_simulations' for CMake module files
[0.279s] Level 1:colcon.colcon_core.environment:checking '/home/vivaan/Documents/star_project_submissions/Week_0/ros2_ws/install/tuos_simulations' for CMake config files
[0.280s] Level 1:colcon.colcon_core.shell:create_environment_hook('tuos_simulations', 'cmake_prefix_path')
[0.281s] INFO:colcon.colcon_core.shell:Creating environment hook '/home/vivaan/Documents/star_project_submissions/Week_0/ros2_ws/install/tuos_simulations/share/tuos_simulations/hook/cmake_prefix_path.ps1'
[0.282s] INFO:colcon.colcon_core.shell:Creating environment descriptor '/home/vivaan/Documents/star_project_submissions/Week_0/ros2_ws/install/tuos_simulations/share/tuos_simulations/hook/cmake_prefix_path.dsv'
[0.282s] INFO:colcon.colcon_core.shell:Creating environment hook '/home/vivaan/Documents/star_project_submissions/Week_0/ros2_ws/install/tuos_simulations/share/tuos_simulations/hook/cmake_prefix_path.sh'
[0.284s] Level 1:colcon.colcon_core.environment:checking '/home/vivaan/Documents/star_project_submissions/Week_0/ros2_ws/install/tuos_simulations/bin'
[0.284s] Level 1:colcon.colcon_core.environment:checking '/home/vivaan/Documents/star_project_submissions/Week_0/ros2_ws/install/tuos_simulations/lib/pkgconfig/tuos_simulations.pc'
[0.285s] Level 1:colcon.colcon_core.environment:checking '/home/vivaan/Documents/star_project_submissions/Week_0/ros2_ws/install/tuos_simulations/lib/python3.10/site-packages'
[0.285s] Level 1:colcon.colcon_core.environment:checking '/home/vivaan/Documents/star_project_submissions/Week_0/ros2_ws/install/tuos_simulations/bin'
[0.286s] INFO:colcon.colcon_core.shell:Creating package script '/home/vivaan/Documents/star_project_submissions/Week_0/ros2_ws/install/tuos_simulations/share/tuos_simulations/package.ps1'
[0.287s] INFO:colcon.colcon_core.shell:Creating package descriptor '/home/vivaan/Documents/star_project_submissions/Week_0/ros2_ws/install/tuos_simulations/share/tuos_simulations/package.dsv'
[0.288s] INFO:colcon.colcon_core.shell:Creating package script '/home/vivaan/Documents/star_project_submissions/Week_0/ros2_ws/install/tuos_simulations/share/tuos_simulations/package.sh'
[0.289s] INFO:colcon.colcon_core.shell:Creating package script '/home/vivaan/Documents/star_project_submissions/Week_0/ros2_ws/install/tuos_simulations/share/tuos_simulations/package.bash'
[0.290s] INFO:colcon.colcon_core.shell:Creating package script '/home/vivaan/Documents/star_project_submissions/Week_0/ros2_ws/install/tuos_simulations/share/tuos_simulations/package.zsh'
[0.291s] Level 1:colcon.colcon_core.environment:create_file_with_runtime_dependencies(/home/vivaan/Documents/star_project_submissions/Week_0/ros2_ws/install/tuos_simulations/share/colcon-core/packages/tuos_simulations)
[0.292s] Level 1:colcon.colcon_core.environment:create_environment_scripts_only(tuos_simulations)
[0.292s] Level 1:colcon.colcon_core.environment:checking '/home/vivaan/Documents/star_project_submissions/Week_0/ros2_ws/install/tuos_simulations' for CMake module files
[0.293s] Level 1:colcon.colcon_core.environment:checking '/home/vivaan/Documents/star_project_submissions/Week_0/ros2_ws/install/tuos_simulations' for CMake config files
[0.293s] Level 1:colcon.colcon_core.shell:create_environment_hook('tuos_simulations', 'cmake_prefix_path')
[0.294s] INFO:colcon.colcon_core.shell:Creating environment hook '/home/vivaan/Documents/star_project_submissions/Week_0/ros2_ws/install/tuos_simulations/share/tuos_simulations/hook/cmake_prefix_path.ps1'
[0.294s] INFO:colcon.colcon_core.shell:Creating environment descriptor '/home/vivaan/Documents/star_project_submissions/Week_0/ros2_ws/install/tuos_simulations/share/tuos_simulations/hook/cmake_prefix_path.dsv'
[0.295s] INFO:colcon.colcon_core.shell:Creating environment hook '/home/vivaan/Documents/star_project_submissions/Week_0/ros2_ws/install/tuos_simulations/share/tuos_simulations/hook/cmake_prefix_path.sh'
[0.296s] Level 1:colcon.colcon_core.environment:checking '/home/vivaan/Documents/star_project_submissions/Week_0/ros2_ws/install/tuos_simulations/bin'
[0.296s] Level 1:colcon.colcon_core.environment:checking '/home/vivaan/Documents/star_project_submissions/Week_0/ros2_ws/install/tuos_simulations/lib/pkgconfig/tuos_simulations.pc'
[0.297s] Level 1:colcon.colcon_core.environment:checking '/home/vivaan/Documents/star_project_submissions/Week_0/ros2_ws/install/tuos_simulations/lib/python3.10/site-packages'
[0.297s] Level 1:colcon.colcon_core.environment:checking '/home/vivaan/Documents/star_project_submissions/Week_0/ros2_ws/install/tuos_simulations/bin'
[0.298s] INFO:colcon.colcon_core.shell:Creating package script '/home/vivaan/Documents/star_project_submissions/Week_0/ros2_ws/install/tuos_simulations/share/tuos_simulations/package.ps1'
[0.299s] INFO:colcon.colcon_core.shell:Creating package descriptor '/home/vivaan/Documents/star_project_submissions/Week_0/ros2_ws/install/tuos_simulations/share/tuos_simulations/package.dsv'
[0.300s] INFO:colcon.colcon_core.shell:Creating package script '/home/vivaan/Documents/star_project_submissions/Week_0/ros2_ws/install/tuos_simulations/share/tuos_simulations/package.sh'
[0.300s] INFO:colcon.colcon_core.shell:Creating package script '/home/vivaan/Documents/star_project_submissions/Week_0/ros2_ws/install/tuos_simulations/share/tuos_simulations/package.bash'
[0.301s] INFO:colcon.colcon_core.shell:Creating package script '/home/vivaan/Documents/star_project_submissions/Week_0/ros2_ws/install/tuos_simulations/share/tuos_simulations/package.zsh'
[0.301s] Level 1:colcon.colcon_core.environment:create_file_with_runtime_dependencies(/home/vivaan/Documents/star_project_submissions/Week_0/ros2_ws/install/tuos_simulations/share/colcon-core/packages/tuos_simulations)
[0.301s] INFO:colcon.colcon_ros.task.ament_cmake.build:Building ROS package in '/home/vivaan/Documents/star_project_submissions/Week_0/ros2_ws/src/tuos_ros/com2009_simulations' with build type 'ament_cmake'
[0.302s] INFO:colcon.colcon_cmake.task.cmake.build:Building CMake package in '/home/vivaan/Documents/star_project_submissions/Week_0/ros2_ws/src/tuos_ros/com2009_simulations'
[0.302s] INFO:colcon.colcon_core.shell:Skip shell extension 'powershell' for command environment: Not usable outside of PowerShell
[0.302s] DEBUG:colcon.colcon_core.shell:Skip shell extension 'dsv' for command environment
[0.315s] DEBUG:colcon.colcon_core.event_handler.log_command:Invoked command in '/home/vivaan/Documents/star_project_submissions/Week_0/ros2_ws/build/tuos_tb3_tools' returned '0': CMAKE_PREFIX_PATH=${CMAKE_PREFIX_PATH}:/opt/ros/humble /usr/bin/cmake --build /home/vivaan/Documents/star_project_submissions/Week_0/ros2_ws/build/tuos_tb3_tools -- -j12 -l12
[0.317s] DEBUG:colcon.colcon_core.event_handler.log_command:Invoking command in '/home/vivaan/Documents/star_project_submissions/Week_0/ros2_ws/build/tuos_tb3_tools': CMAKE_PREFIX_PATH=${CMAKE_PREFIX_PATH}:/opt/ros/humble /usr/bin/cmake --install /home/vivaan/Documents/star_project_submissions/Week_0/ros2_ws/build/tuos_tb3_tools
[0.317s] Level 1:colcon.colcon_core.environment:create_environment_scripts_only(part2_navigation)
[0.317s] Level 1:colcon.colcon_core.environment:checking '/home/vivaan/Documents/star_project_submissions/Week_0/ros2_ws/install/part2_navigation' for CMake module files
[0.318s] DEBUG:colcon.colcon_core.event_handler.log_command:Invoked command in '/home/vivaan/Documents/star_project_submissions/Week_0/ros2_ws/build/part2_navigation' returned '0': CMAKE_PREFIX_PATH=${CMAKE_PREFIX_PATH}:/opt/ros/humble /usr/bin/cmake --install /home/vivaan/Documents/star_project_submissions/Week_0/ros2_ws/build/part2_navigation
[0.318s] Level 1:colcon.colcon_core.environment:checking '/home/vivaan/Documents/star_project_submissions/Week_0/ros2_ws/install/part2_navigation' for CMake config files
[0.320s] Level 1:colcon.colcon_core.shell:create_environment_hook('part2_navigation', 'cmake_prefix_path')
[0.320s] INFO:colcon.colcon_core.shell:Creating environment hook '/home/vivaan/Documents/star_project_submissions/Week_0/ros2_ws/install/part2_navigation/share/part2_navigation/hook/cmake_prefix_path.ps1'
[0.321s] INFO:colcon.colcon_core.shell:Creating environment descriptor '/home/vivaan/Documents/star_project_submissions/Week_0/ros2_ws/install/part2_navigation/share/part2_navigation/hook/cmake_prefix_path.dsv'
[0.321s] INFO:colcon.colcon_core.shell:Creating environment hook '/home/vivaan/Documents/star_project_submissions/Week_0/ros2_ws/install/part2_navigation/share/part2_navigation/hook/cmake_prefix_path.sh'
[0.322s] Level 1:colcon.colcon_core.environment:checking '/home/vivaan/Documents/star_project_submissions/Week_0/ros2_ws/install/part2_navigation/lib'
[0.322s] Level 1:colcon.colcon_core.environment:checking '/home/vivaan/Documents/star_project_submissions/Week_0/ros2_ws/install/part2_navigation/bin'
[0.322s] Level 1:colcon.colcon_core.environment:checking '/home/vivaan/Documents/star_project_submissions/Week_0/ros2_ws/install/part2_navigation/lib/pkgconfig/part2_navigation.pc'
[0.323s] Level 1:colcon.colcon_core.environment:checking '/home/vivaan/Documents/star_project_submissions/Week_0/ros2_ws/install/part2_navigation/lib/python3.10/site-packages'
[0.323s] Level 1:colcon.colcon_core.environment:checking '/home/vivaan/Documents/star_project_submissions/Week_0/ros2_ws/install/part2_navigation/bin'
[0.324s] INFO:colcon.colcon_core.shell:Creating package script '/home/vivaan/Documents/star_project_submissions/Week_0/ros2_ws/install/part2_navigation/share/part2_navigation/package.ps1'
[0.324s] INFO:colcon.colcon_core.shell:Creating package descriptor '/home/vivaan/Documents/star_project_submissions/Week_0/ros2_ws/install/part2_navigation/share/part2_navigation/package.dsv'
[0.325s] INFO:colcon.colcon_core.shell:Creating package script '/home/vivaan/Documents/star_project_submissions/Week_0/ros2_ws/install/part2_navigation/share/part2_navigation/package.sh'
[0.325s] INFO:colcon.colcon_core.shell:Creating package script '/home/vivaan/Documents/star_project_submissions/Week_0/ros2_ws/install/part2_navigation/share/part2_navigation/package.bash'
[0.326s] INFO:colcon.colcon_core.shell:Creating package script '/home/vivaan/Documents/star_project_submissions/Week_0/ros2_ws/install/part2_navigation/share/part2_navigation/package.zsh'
[0.326s] Level 1:colcon.colcon_core.environment:create_file_with_runtime_dependencies(/home/vivaan/Documents/star_project_submissions/Week_0/ros2_ws/install/part2_navigation/share/colcon-core/packages/part2_navigation)
[0.326s] Level 1:colcon.colcon_core.environment:create_environment_scripts_only(part2_navigation)
[0.327s] Level 1:colcon.colcon_core.environment:checking '/home/vivaan/Documents/star_project_submissions/Week_0/ros2_ws/install/part2_navigation' for CMake module files
[0.327s] Level 1:colcon.colcon_core.environment:checking '/home/vivaan/Documents/star_project_submissions/Week_0/ros2_ws/install/part2_navigation' for CMake config files
[0.327s] Level 1:colcon.colcon_core.shell:create_environment_hook('part2_navigation', 'cmake_prefix_path')
[0.327s] INFO:colcon.colcon_core.shell:Creating environment hook '/home/vivaan/Documents/star_project_submissions/Week_0/ros2_ws/install/part2_navigation/share/part2_navigation/hook/cmake_prefix_path.ps1'
[0.328s] INFO:colcon.colcon_core.shell:Creating environment descriptor '/home/vivaan/Documents/star_project_submissions/Week_0/ros2_ws/install/part2_navigation/share/part2_navigation/hook/cmake_prefix_path.dsv'
[0.328s] INFO:colcon.colcon_core.shell:Creating environment hook '/home/vivaan/Documents/star_project_submissions/Week_0/ros2_ws/install/part2_navigation/share/part2_navigation/hook/cmake_prefix_path.sh'
[0.328s] Level 1:colcon.colcon_core.environment:checking '/home/vivaan/Documents/star_project_submissions/Week_0/ros2_ws/install/part2_navigation/lib'
[0.328s] Level 1:colcon.colcon_core.environment:checking '/home/vivaan/Documents/star_project_submissions/Week_0/ros2_ws/install/part2_navigation/bin'
[0.329s] Level 1:colcon.colcon_core.environment:checking '/home/vivaan/Documents/star_project_submissions/Week_0/ros2_ws/install/part2_navigation/lib/pkgconfig/part2_navigation.pc'
[0.329s] Level 1:colcon.colcon_core.environment:checking '/home/vivaan/Documents/star_project_submissions/Week_0/ros2_ws/install/part2_navigation/lib/python3.10/site-packages'
[0.329s] Level 1:colcon.colcon_core.environment:checking '/home/vivaan/Documents/star_project_submissions/Week_0/ros2_ws/install/part2_navigation/bin'
[0.329s] INFO:colcon.colcon_core.shell:Creating package script '/home/vivaan/Documents/star_project_submissions/Week_0/ros2_ws/install/part2_navigation/share/part2_navigation/package.ps1'
[0.331s] INFO:colcon.colcon_core.shell:Creating package descriptor '/home/vivaan/Documents/star_project_submissions/Week_0/ros2_ws/install/part2_navigation/share/part2_navigation/package.dsv'
[0.331s] INFO:colcon.colcon_core.shell:Creating package script '/home/vivaan/Documents/star_project_submissions/Week_0/ros2_ws/install/part2_navigation/share/part2_navigation/package.sh'
[0.332s] INFO:colcon.colcon_core.shell:Creating package script '/home/vivaan/Documents/star_project_submissions/Week_0/ros2_ws/install/part2_navigation/share/part2_navigation/package.bash'
[0.333s] INFO:colcon.colcon_core.shell:Creating package script '/home/vivaan/Documents/star_project_submissions/Week_0/ros2_ws/install/part2_navigation/share/part2_navigation/package.zsh'
[0.333s] Level 1:colcon.colcon_core.environment:create_file_with_runtime_dependencies(/home/vivaan/Documents/star_project_submissions/Week_0/ros2_ws/install/part2_navigation/share/colcon-core/packages/part2_navigation)
[0.342s] DEBUG:colcon.colcon_core.event_handler.log_command:Invoking command in '/home/vivaan/Documents/star_project_submissions/Week_0/ros2_ws/build/com2009_simulations': CMAKE_PREFIX_PATH=/home/vivaan/Documents/star_project_submissions/Week_0/ros2_ws/install/tuos_simulations:/home/vivaan/Documents/star_project_submissions/Week_0/ros2_ws/install/tuos_ros:/home/vivaan/Documents/star_project_submissions/Week_0/ros2_ws/install/tuos_tb3_tools:/home/vivaan/Documents/star_project_submissions/Week_0/ros2_ws/install/com2009_simulations:/home/vivaan/Documents/star_project_submissions/Week_0/ros2_ws/install/tuos_interfaces:/home/vivaan/Documents/star_project_submissions/Week_0/ros2_ws/install/tuos_examples:/home/vivaan/Documents/star_project_submissions/Week_0/ros2_ws/install/part3_beyond_basics:/home/vivaan/Documents/star_project_submissions/Week_0/ros2_ws/install/part2_navigation:/home/vivaan/Documents/star_project_submissions/Week_0/ros2_ws/install/part1_pubsub:/opt/ros/humble /usr/bin/cmake --build /home/vivaan/Documents/star_project_submissions/Week_0/ros2_ws/build/com2009_simulations -- -j12 -l12
[0.343s] Level 1:colcon.colcon_core.environment:create_environment_scripts_only(tuos_tb3_tools)
[0.344s] Level 1:colcon.colcon_core.environment:checking '/home/vivaan/Documents/star_project_submissions/Week_0/ros2_ws/install/tuos_tb3_tools' for CMake module files
[0.344s] DEBUG:colcon.colcon_core.event_handler.log_command:Invoked command in '/home/vivaan/Documents/star_project_submissions/Week_0/ros2_ws/build/tuos_tb3_tools' returned '0': CMAKE_PREFIX_PATH=${CMAKE_PREFIX_PATH}:/opt/ros/humble /usr/bin/cmake --install /home/vivaan/Documents/star_project_submissions/Week_0/ros2_ws/build/tuos_tb3_tools
[0.345s] Level 1:colcon.colcon_core.environment:checking '/home/vivaan/Documents/star_project_submissions/Week_0/ros2_ws/install/tuos_tb3_tools' for CMake config files
[0.346s] Level 1:colcon.colcon_core.shell:create_environment_hook('tuos_tb3_tools', 'cmake_prefix_path')
[0.346s] INFO:colcon.colcon_core.shell:Creating environment hook '/home/vivaan/Documents/star_project_submissions/Week_0/ros2_ws/install/tuos_tb3_tools/share/tuos_tb3_tools/hook/cmake_prefix_path.ps1'
[0.347s] INFO:colcon.colcon_core.shell:Creating environment descriptor '/home/vivaan/Documents/star_project_submissions/Week_0/ros2_ws/install/tuos_tb3_tools/share/tuos_tb3_tools/hook/cmake_prefix_path.dsv'
[0.347s] INFO:colcon.colcon_core.shell:Creating environment hook '/home/vivaan/Documents/star_project_submissions/Week_0/ros2_ws/install/tuos_tb3_tools/share/tuos_tb3_tools/hook/cmake_prefix_path.sh'
[0.348s] Level 1:colcon.colcon_core.environment:checking '/home/vivaan/Documents/star_project_submissions/Week_0/ros2_ws/install/tuos_tb3_tools/lib'
[0.348s] Level 1:colcon.colcon_core.environment:checking '/home/vivaan/Documents/star_project_submissions/Week_0/ros2_ws/install/tuos_tb3_tools/bin'
[0.348s] Level 1:colcon.colcon_core.environment:checking '/home/vivaan/Documents/star_project_submissions/Week_0/ros2_ws/install/tuos_tb3_tools/lib/pkgconfig/tuos_tb3_tools.pc'
[0.349s] Level 1:colcon.colcon_core.environment:checking '/home/vivaan/Documents/star_project_submissions/Week_0/ros2_ws/install/tuos_tb3_tools/lib/python3.10/site-packages'
[0.349s] Level 1:colcon.colcon_core.environment:checking '/home/vivaan/Documents/star_project_submissions/Week_0/ros2_ws/install/tuos_tb3_tools/bin'
[0.350s] INFO:colcon.colcon_core.shell:Creating package script '/home/vivaan/Documents/star_project_submissions/Week_0/ros2_ws/install/tuos_tb3_tools/share/tuos_tb3_tools/package.ps1'
[0.350s] INFO:colcon.colcon_core.shell:Creating package descriptor '/home/vivaan/Documents/star_project_submissions/Week_0/ros2_ws/install/tuos_tb3_tools/share/tuos_tb3_tools/package.dsv'
[0.351s] INFO:colcon.colcon_core.shell:Creating package script '/home/vivaan/Documents/star_project_submissions/Week_0/ros2_ws/install/tuos_tb3_tools/share/tuos_tb3_tools/package.sh'
[0.352s] INFO:colcon.colcon_core.shell:Creating package script '/home/vivaan/Documents/star_project_submissions/Week_0/ros2_ws/install/tuos_tb3_tools/share/tuos_tb3_tools/package.bash'
[0.352s] INFO:colcon.colcon_core.shell:Creating package script '/home/vivaan/Documents/star_project_submissions/Week_0/ros2_ws/install/tuos_tb3_tools/share/tuos_tb3_tools/package.zsh'
[0.353s] Level 1:colcon.colcon_core.environment:create_file_with_runtime_dependencies(/home/vivaan/Documents/star_project_submissions/Week_0/ros2_ws/install/tuos_tb3_tools/share/colcon-core/packages/tuos_tb3_tools)
[0.354s] Level 1:colcon.colcon_core.environment:create_environment_scripts_only(tuos_tb3_tools)
[0.354s] Level 1:colcon.colcon_core.environment:checking '/home/vivaan/Documents/star_project_submissions/Week_0/ros2_ws/install/tuos_tb3_tools' for CMake module files
[0.355s] Level 1:colcon.colcon_core.environment:checking '/home/vivaan/Documents/star_project_submissions/Week_0/ros2_ws/install/tuos_tb3_tools' for CMake config files
[0.355s] Level 1:colcon.colcon_core.shell:create_environment_hook('tuos_tb3_tools', 'cmake_prefix_path')
[0.355s] INFO:colcon.colcon_core.shell:Creating environment hook '/home/vivaan/Documents/star_project_submissions/Week_0/ros2_ws/install/tuos_tb3_tools/share/tuos_tb3_tools/hook/cmake_prefix_path.ps1'
[0.356s] INFO:colcon.colcon_core.shell:Creating environment descriptor '/home/vivaan/Documents/star_project_submissions/Week_0/ros2_ws/install/tuos_tb3_tools/share/tuos_tb3_tools/hook/cmake_prefix_path.dsv'
[0.357s] INFO:colcon.colcon_core.shell:Creating environment hook '/home/vivaan/Documents/star_project_submissions/Week_0/ros2_ws/install/tuos_tb3_tools/share/tuos_tb3_tools/hook/cmake_prefix_path.sh'
[0.358s] Level 1:colcon.colcon_core.environment:checking '/home/vivaan/Documents/star_project_submissions/Week_0/ros2_ws/install/tuos_tb3_tools/lib'
[0.358s] Level 1:colcon.colcon_core.environment:checking '/home/vivaan/Documents/star_project_submissions/Week_0/ros2_ws/install/tuos_tb3_tools/bin'
[0.358s] Level 1:colcon.colcon_core.environment:checking '/home/vivaan/Documents/star_project_submissions/Week_0/ros2_ws/install/tuos_tb3_tools/lib/pkgconfig/tuos_tb3_tools.pc'
[0.359s] Level 1:colcon.colcon_core.environment:checking '/home/vivaan/Documents/star_project_submissions/Week_0/ros2_ws/install/tuos_tb3_tools/lib/python3.10/site-packages'
[0.359s] Level 1:colcon.colcon_core.environment:checking '/home/vivaan/Documents/star_project_submissions/Week_0/ros2_ws/install/tuos_tb3_tools/bin'
[0.360s] INFO:colcon.colcon_core.shell:Creating package script '/home/vivaan/Documents/star_project_submissions/Week_0/ros2_ws/install/tuos_tb3_tools/share/tuos_tb3_tools/package.ps1'
[0.361s] INFO:colcon.colcon_core.shell:Creating package descriptor '/home/vivaan/Documents/star_project_submissions/Week_0/ros2_ws/install/tuos_tb3_tools/share/tuos_tb3_tools/package.dsv'
[0.361s] INFO:colcon.colcon_core.shell:Creating package script '/home/vivaan/Documents/star_project_submissions/Week_0/ros2_ws/install/tuos_tb3_tools/share/tuos_tb3_tools/package.sh'
[0.362s] INFO:colcon.colcon_core.shell:Creating package script '/home/vivaan/Documents/star_project_submissions/Week_0/ros2_ws/install/tuos_tb3_tools/share/tuos_tb3_tools/package.bash'
[0.362s] INFO:colcon.colcon_core.shell:Creating package script '/home/vivaan/Documents/star_project_submissions/Week_0/ros2_ws/install/tuos_tb3_tools/share/tuos_tb3_tools/package.zsh'
[0.363s] Level 1:colcon.colcon_core.environment:create_file_with_runtime_dependencies(/home/vivaan/Documents/star_project_submissions/Week_0/ros2_ws/install/tuos_tb3_tools/share/colcon-core/packages/tuos_tb3_tools)
[0.381s] DEBUG:colcon.colcon_core.event_handler.log_command:Invoked command in '/home/vivaan/Documents/star_project_submissions/Week_0/ros2_ws/build/com2009_simulations' returned '0': CMAKE_PREFIX_PATH=/home/vivaan/Documents/star_project_submissions/Week_0/ros2_ws/install/tuos_simulations:/home/vivaan/Documents/star_project_submissions/Week_0/ros2_ws/install/tuos_ros:/home/vivaan/Documents/star_project_submissions/Week_0/ros2_ws/install/tuos_tb3_tools:/home/vivaan/Documents/star_project_submissions/Week_0/ros2_ws/install/com2009_simulations:/home/vivaan/Documents/star_project_submissions/Week_0/ros2_ws/install/tuos_interfaces:/home/vivaan/Documents/star_project_submissions/Week_0/ros2_ws/install/tuos_examples:/home/vivaan/Documents/star_project_submissions/Week_0/ros2_ws/install/part3_beyond_basics:/home/vivaan/Documents/star_project_submissions/Week_0/ros2_ws/install/part2_navigation:/home/vivaan/Documents/star_project_submissions/Week_0/ros2_ws/install/part1_pubsub:/opt/ros/humble /usr/bin/cmake --build /home/vivaan/Documents/star_project_submissions/Week_0/ros2_ws/build/com2009_simulations -- -j12 -l12
[0.382s] DEBUG:colcon.colcon_core.event_handler.log_command:Invoking command in '/home/vivaan/Documents/star_project_submissions/Week_0/ros2_ws/build/com2009_simulations': CMAKE_PREFIX_PATH=/home/vivaan/Documents/star_project_submissions/Week_0/ros2_ws/install/tuos_simulations:/home/vivaan/Documents/star_project_submissions/Week_0/ros2_ws/install/tuos_ros:/home/vivaan/Documents/star_project_submissions/Week_0/ros2_ws/install/tuos_tb3_tools:/home/vivaan/Documents/star_project_submissions/Week_0/ros2_ws/install/com2009_simulations:/home/vivaan/Documents/star_project_submissions/Week_0/ros2_ws/install/tuos_interfaces:/home/vivaan/Documents/star_project_submissions/Week_0/ros2_ws/install/tuos_examples:/home/vivaan/Documents/star_project_submissions/Week_0/ros2_ws/install/part3_beyond_basics:/home/vivaan/Documents/star_project_submissions/Week_0/ros2_ws/install/part2_navigation:/home/vivaan/Documents/star_project_submissions/Week_0/ros2_ws/install/part1_pubsub:/opt/ros/humble /usr/bin/cmake --install /home/vivaan/Documents/star_project_submissions/Week_0/ros2_ws/build/com2009_simulations
[0.394s] Level 1:colcon.colcon_core.environment:create_environment_scripts_only(com2009_simulations)
[0.394s] Level 1:colcon.colcon_core.environment:checking '/home/vivaan/Documents/star_project_submissions/Week_0/ros2_ws/install/com2009_simulations' for CMake module files
[0.395s] Level 1:colcon.colcon_core.environment:checking '/home/vivaan/Documents/star_project_submissions/Week_0/ros2_ws/install/com2009_simulations' for CMake config files
[0.396s] Level 1:colcon.colcon_core.shell:create_environment_hook('com2009_simulations', 'cmake_prefix_path')
[0.396s] INFO:colcon.colcon_core.shell:Creating environment hook '/home/vivaan/Documents/star_project_submissions/Week_0/ros2_ws/install/com2009_simulations/share/com2009_simulations/hook/cmake_prefix_path.ps1'
[0.397s] DEBUG:colcon.colcon_core.event_handler.log_command:Invoked command in '/home/vivaan/Documents/star_project_submissions/Week_0/ros2_ws/build/com2009_simulations' returned '0': CMAKE_PREFIX_PATH=/home/vivaan/Documents/star_project_submissions/Week_0/ros2_ws/install/tuos_simulations:/home/vivaan/Documents/star_project_submissions/Week_0/ros2_ws/install/tuos_ros:/home/vivaan/Documents/star_project_submissions/Week_0/ros2_ws/install/tuos_tb3_tools:/home/vivaan/Documents/star_project_submissions/Week_0/ros2_ws/install/com2009_simulations:/home/vivaan/Documents/star_project_submissions/Week_0/ros2_ws/install/tuos_interfaces:/home/vivaan/Documents/star_project_submissions/Week_0/ros2_ws/install/tuos_examples:/home/vivaan/Documents/star_project_submissions/Week_0/ros2_ws/install/part3_beyond_basics:/home/vivaan/Documents/star_project_submissions/Week_0/ros2_ws/install/part2_navigation:/home/vivaan/Documents/star_project_submissions/Week_0/ros2_ws/install/part1_pubsub:/opt/ros/humble /usr/bin/cmake --install /home/vivaan/Documents/star_project_submissions/Week_0/ros2_ws/build/com2009_simulations
[0.397s] INFO:colcon.colcon_core.shell:Creating environment descriptor '/home/vivaan/Documents/star_project_submissions/Week_0/ros2_ws/install/com2009_simulations/share/com2009_simulations/hook/cmake_prefix_path.dsv'
[0.398s] INFO:colcon.colcon_core.shell:Creating environment hook '/home/vivaan/Documents/star_project_submissions/Week_0/ros2_ws/install/com2009_simulations/share/com2009_simulations/hook/cmake_prefix_path.sh'
[0.399s] Level 1:colcon.colcon_core.environment:checking '/home/vivaan/Documents/star_project_submissions/Week_0/ros2_ws/install/com2009_simulations/bin'
[0.399s] Level 1:colcon.colcon_core.environment:checking '/home/vivaan/Documents/star_project_submissions/Week_0/ros2_ws/install/com2009_simulations/lib/pkgconfig/com2009_simulations.pc'
[0.399s] Level 1:colcon.colcon_core.environment:checking '/home/vivaan/Documents/star_project_submissions/Week_0/ros2_ws/install/com2009_simulations/lib/python3.10/site-packages'
[0.400s] Level 1:colcon.colcon_core.environment:checking '/home/vivaan/Documents/star_project_submissions/Week_0/ros2_ws/install/com2009_simulations/bin'
[0.400s] INFO:colcon.colcon_core.shell:Creating package script '/home/vivaan/Documents/star_project_submissions/Week_0/ros2_ws/install/com2009_simulations/share/com2009_simulations/package.ps1'
[0.401s] INFO:colcon.colcon_core.shell:Creating package descriptor '/home/vivaan/Documents/star_project_submissions/Week_0/ros2_ws/install/com2009_simulations/share/com2009_simulations/package.dsv'
[0.401s] INFO:colcon.colcon_core.shell:Creating package script '/home/vivaan/Documents/star_project_submissions/Week_0/ros2_ws/install/com2009_simulations/share/com2009_simulations/package.sh'
[0.402s] INFO:colcon.colcon_core.shell:Creating package script '/home/vivaan/Documents/star_project_submissions/Week_0/ros2_ws/install/com2009_simulations/share/com2009_simulations/package.bash'
[0.403s] INFO:colcon.colcon_core.shell:Creating package script '/home/vivaan/Documents/star_project_submissions/Week_0/ros2_ws/install/com2009_simulations/share/com2009_simulations/package.zsh'
[0.403s] Level 1:colcon.colcon_core.environment:create_file_with_runtime_dependencies(/home/vivaan/Documents/star_project_submissions/Week_0/ros2_ws/install/com2009_simulations/share/colcon-core/packages/com2009_simulations)
[0.404s] Level 1:colcon.colcon_core.environment:create_environment_scripts_only(com2009_simulations)
[0.404s] Level 1:colcon.colcon_core.environment:checking '/home/vivaan/Documents/star_project_submissions/Week_0/ros2_ws/install/com2009_simulations' for CMake module files
[0.405s] Level 1:colcon.colcon_core.environment:checking '/home/vivaan/Documents/star_project_submissions/Week_0/ros2_ws/install/com2009_simulations' for CMake config files
[0.406s] Level 1:colcon.colcon_core.shell:create_environment_hook('com2009_simulations', 'cmake_prefix_path')
[0.406s] INFO:colcon.colcon_core.shell:Creating environment hook '/home/vivaan/Documents/star_project_submissions/Week_0/ros2_ws/install/com2009_simulations/share/com2009_simulations/hook/cmake_prefix_path.ps1'
[0.407s] INFO:colcon.colcon_core.shell:Creating environment descriptor '/home/vivaan/Documents/star_project_submissions/Week_0/ros2_ws/install/com2009_simulations/share/com2009_simulations/hook/cmake_prefix_path.dsv'
[0.407s] INFO:colcon.colcon_core.shell:Creating environment hook '/home/vivaan/Documents/star_project_submissions/Week_0/ros2_ws/install/com2009_simulations/share/com2009_simulations/hook/cmake_prefix_path.sh'
[0.408s] Level 1:colcon.colcon_core.environment:checking '/home/vivaan/Documents/star_project_submissions/Week_0/ros2_ws/install/com2009_simulations/bin'
[0.408s] Level 1:colcon.colcon_core.environment:checking '/home/vivaan/Documents/star_project_submissions/Week_0/ros2_ws/install/com2009_simulations/lib/pkgconfig/com2009_simulations.pc'
[0.408s] Level 1:colcon.colcon_core.environment:checking '/home/vivaan/Documents/star_project_submissions/Week_0/ros2_ws/install/com2009_simulations/lib/python3.10/site-packages'
[0.409s] Level 1:colcon.colcon_core.environment:checking '/home/vivaan/Documents/star_project_submissions/Week_0/ros2_ws/install/com2009_simulations/bin'
[0.409s] INFO:colcon.colcon_core.shell:Creating package script '/home/vivaan/Documents/star_project_submissions/Week_0/ros2_ws/install/com2009_simulations/share/com2009_simulations/package.ps1'
[0.410s] INFO:colcon.colcon_core.shell:Creating package descriptor '/home/vivaan/Documents/star_project_submissions/Week_0/ros2_ws/install/com2009_simulations/share/com2009_simulations/package.dsv'
[0.411s] INFO:colcon.colcon_core.shell:Creating package script '/home/vivaan/Documents/star_project_submissions/Week_0/ros2_ws/install/com2009_simulations/share/com2009_simulations/package.sh'
[0.411s] INFO:colcon.colcon_core.shell:Creating package script '/home/vivaan/Documents/star_project_submissions/Week_0/ros2_ws/install/com2009_simulations/share/com2009_simulations/package.bash'
[0.412s] INFO:colcon.colcon_core.shell:Creating package script '/home/vivaan/Documents/star_project_submissions/Week_0/ros2_ws/install/com2009_simulations/share/com2009_simulations/package.zsh'
[0.412s] Level 1:colcon.colcon_core.environment:create_file_with_runtime_dependencies(/home/vivaan/Documents/star_project_submissions/Week_0/ros2_ws/install/com2009_simulations/share/colcon-core/packages/com2009_simulations)
[0.561s] DEBUG:colcon.colcon_core.event_handler.log_command:Invoked command in '/home/vivaan/Documents/star_project_submissions/Week_0/ros2_ws/build/part1_pubsub' returned '0': CMAKE_PREFIX_PATH=${CMAKE_PREFIX_PATH}:/opt/ros/humble /usr/bin/cmake --build /home/vivaan/Documents/star_project_submissions/Week_0/ros2_ws/build/part1_pubsub -- -j12 -l12
[0.562s] DEBUG:colcon.colcon_core.event_handler.log_command:Invoking command in '/home/vivaan/Documents/star_project_submissions/Week_0/ros2_ws/build/part1_pubsub': CMAKE_PREFIX_PATH=${CMAKE_PREFIX_PATH}:/opt/ros/humble /usr/bin/cmake --install /home/vivaan/Documents/star_project_submissions/Week_0/ros2_ws/build/part1_pubsub
[0.564s] DEBUG:colcon.colcon_core.event_handler.log_command:Invoked command in '/home/vivaan/Documents/star_project_submissions/Week_0/ros2_ws/build/tuos_interfaces' returned '0': CMAKE_PREFIX_PATH=${CMAKE_PREFIX_PATH}:/opt/ros/humble /usr/bin/cmake --build /home/vivaan/Documents/star_project_submissions/Week_0/ros2_ws/build/tuos_interfaces -- -j12 -l12
[0.565s] DEBUG:colcon.colcon_core.event_handler.log_command:Invoking command in '/home/vivaan/Documents/star_project_submissions/Week_0/ros2_ws/build/tuos_interfaces': CMAKE_PREFIX_PATH=${CMAKE_PREFIX_PATH}:/opt/ros/humble /usr/bin/cmake --install /home/vivaan/Documents/star_project_submissions/Week_0/ros2_ws/build/tuos_interfaces
[0.614s] Level 1:colcon.colcon_core.environment:create_environment_scripts_only(tuos_interfaces)
[0.614s] Level 1:colcon.colcon_core.environment:checking '/home/vivaan/Documents/star_project_submissions/Week_0/ros2_ws/install/tuos_interfaces' for CMake module files
[0.615s] DEBUG:colcon.colcon_core.event_handler.log_command:Invoked command in '/home/vivaan/Documents/star_project_submissions/Week_0/ros2_ws/build/tuos_interfaces' returned '0': CMAKE_PREFIX_PATH=${CMAKE_PREFIX_PATH}:/opt/ros/humble /usr/bin/cmake --install /home/vivaan/Documents/star_project_submissions/Week_0/ros2_ws/build/tuos_interfaces
[0.615s] Level 1:colcon.colcon_core.environment:checking '/home/vivaan/Documents/star_project_submissions/Week_0/ros2_ws/install/tuos_interfaces' for CMake config files
[0.616s] Level 1:colcon.colcon_core.shell:create_environment_hook('tuos_interfaces', 'cmake_prefix_path')
[0.616s] INFO:colcon.colcon_core.shell:Creating environment hook '/home/vivaan/Documents/star_project_submissions/Week_0/ros2_ws/install/tuos_interfaces/share/tuos_interfaces/hook/cmake_prefix_path.ps1'
[0.617s] INFO:colcon.colcon_core.shell:Creating environment descriptor '/home/vivaan/Documents/star_project_submissions/Week_0/ros2_ws/install/tuos_interfaces/share/tuos_interfaces/hook/cmake_prefix_path.dsv'
[0.617s] INFO:colcon.colcon_core.shell:Creating environment hook '/home/vivaan/Documents/star_project_submissions/Week_0/ros2_ws/install/tuos_interfaces/share/tuos_interfaces/hook/cmake_prefix_path.sh'
[0.618s] Level 1:colcon.colcon_core.environment:checking '/home/vivaan/Documents/star_project_submissions/Week_0/ros2_ws/install/tuos_interfaces/lib'
[0.618s] Level 1:colcon.colcon_core.shell:create_environment_hook('tuos_interfaces', 'ld_library_path_lib')
[0.618s] INFO:colcon.colcon_core.shell:Creating environment hook '/home/vivaan/Documents/star_project_submissions/Week_0/ros2_ws/install/tuos_interfaces/share/tuos_interfaces/hook/ld_library_path_lib.ps1'
[0.619s] INFO:colcon.colcon_core.shell:Creating environment descriptor '/home/vivaan/Documents/star_project_submissions/Week_0/ros2_ws/install/tuos_interfaces/share/tuos_interfaces/hook/ld_library_path_lib.dsv'
[0.619s] INFO:colcon.colcon_core.shell:Creating environment hook '/home/vivaan/Documents/star_project_submissions/Week_0/ros2_ws/install/tuos_interfaces/share/tuos_interfaces/hook/ld_library_path_lib.sh'
[0.619s] Level 1:colcon.colcon_core.environment:checking '/home/vivaan/Documents/star_project_submissions/Week_0/ros2_ws/install/tuos_interfaces/bin'
[0.619s] Level 1:colcon.colcon_core.environment:checking '/home/vivaan/Documents/star_project_submissions/Week_0/ros2_ws/install/tuos_interfaces/lib/pkgconfig/tuos_interfaces.pc'
[0.620s] Level 1:colcon.colcon_core.environment:checking '/home/vivaan/Documents/star_project_submissions/Week_0/ros2_ws/install/tuos_interfaces/lib/python3.10/site-packages'
[0.620s] Level 1:colcon.colcon_core.environment:checking '/home/vivaan/Documents/star_project_submissions/Week_0/ros2_ws/install/tuos_interfaces/bin'
[0.620s] INFO:colcon.colcon_core.shell:Creating package script '/home/vivaan/Documents/star_project_submissions/Week_0/ros2_ws/install/tuos_interfaces/share/tuos_interfaces/package.ps1'
[0.621s] INFO:colcon.colcon_core.shell:Creating package descriptor '/home/vivaan/Documents/star_project_submissions/Week_0/ros2_ws/install/tuos_interfaces/share/tuos_interfaces/package.dsv'
[0.621s] INFO:colcon.colcon_core.shell:Creating package script '/home/vivaan/Documents/star_project_submissions/Week_0/ros2_ws/install/tuos_interfaces/share/tuos_interfaces/package.sh'
[0.621s] INFO:colcon.colcon_core.shell:Creating package script '/home/vivaan/Documents/star_project_submissions/Week_0/ros2_ws/install/tuos_interfaces/share/tuos_interfaces/package.bash'
[0.622s] INFO:colcon.colcon_core.shell:Creating package script '/home/vivaan/Documents/star_project_submissions/Week_0/ros2_ws/install/tuos_interfaces/share/tuos_interfaces/package.zsh'
[0.622s] Level 1:colcon.colcon_core.environment:create_file_with_runtime_dependencies(/home/vivaan/Documents/star_project_submissions/Week_0/ros2_ws/install/tuos_interfaces/share/colcon-core/packages/tuos_interfaces)
[0.622s] Level 1:colcon.colcon_core.environment:create_environment_scripts_only(tuos_interfaces)
[0.623s] Level 1:colcon.colcon_core.environment:checking '/home/vivaan/Documents/star_project_submissions/Week_0/ros2_ws/install/tuos_interfaces' for CMake module files
[0.623s] Level 1:colcon.colcon_core.environment:checking '/home/vivaan/Documents/star_project_submissions/Week_0/ros2_ws/install/tuos_interfaces' for CMake config files
[0.623s] Level 1:colcon.colcon_core.shell:create_environment_hook('tuos_interfaces', 'cmake_prefix_path')
[0.624s] INFO:colcon.colcon_core.shell:Creating environment hook '/home/vivaan/Documents/star_project_submissions/Week_0/ros2_ws/install/tuos_interfaces/share/tuos_interfaces/hook/cmake_prefix_path.ps1'
[0.624s] INFO:colcon.colcon_core.shell:Creating environment descriptor '/home/vivaan/Documents/star_project_submissions/Week_0/ros2_ws/install/tuos_interfaces/share/tuos_interfaces/hook/cmake_prefix_path.dsv'
[0.624s] INFO:colcon.colcon_core.shell:Creating environment hook '/home/vivaan/Documents/star_project_submissions/Week_0/ros2_ws/install/tuos_interfaces/share/tuos_interfaces/hook/cmake_prefix_path.sh'
[0.625s] Level 1:colcon.colcon_core.environment:checking '/home/vivaan/Documents/star_project_submissions/Week_0/ros2_ws/install/tuos_interfaces/lib'
[0.625s] Level 1:colcon.colcon_core.shell:create_environment_hook('tuos_interfaces', 'ld_library_path_lib')
[0.625s] INFO:colcon.colcon_core.shell:Creating environment hook '/home/vivaan/Documents/star_project_submissions/Week_0/ros2_ws/install/tuos_interfaces/share/tuos_interfaces/hook/ld_library_path_lib.ps1'
[0.625s] INFO:colcon.colcon_core.shell:Creating environment descriptor '/home/vivaan/Documents/star_project_submissions/Week_0/ros2_ws/install/tuos_interfaces/share/tuos_interfaces/hook/ld_library_path_lib.dsv'
[0.625s] INFO:colcon.colcon_core.shell:Creating environment hook '/home/vivaan/Documents/star_project_submissions/Week_0/ros2_ws/install/tuos_interfaces/share/tuos_interfaces/hook/ld_library_path_lib.sh'
[0.626s] Level 1:colcon.colcon_core.environment:checking '/home/vivaan/Documents/star_project_submissions/Week_0/ros2_ws/install/tuos_interfaces/bin'
[0.626s] Level 1:colcon.colcon_core.environment:checking '/home/vivaan/Documents/star_project_submissions/Week_0/ros2_ws/install/tuos_interfaces/lib/pkgconfig/tuos_interfaces.pc'
[0.626s] Level 1:colcon.colcon_core.environment:checking '/home/vivaan/Documents/star_project_submissions/Week_0/ros2_ws/install/tuos_interfaces/lib/python3.10/site-packages'
[0.626s] Level 1:colcon.colcon_core.environment:checking '/home/vivaan/Documents/star_project_submissions/Week_0/ros2_ws/install/tuos_interfaces/bin'
[0.626s] INFO:colcon.colcon_core.shell:Creating package script '/home/vivaan/Documents/star_project_submissions/Week_0/ros2_ws/install/tuos_interfaces/share/tuos_interfaces/package.ps1'
[0.627s] INFO:colcon.colcon_core.shell:Creating package descriptor '/home/vivaan/Documents/star_project_submissions/Week_0/ros2_ws/install/tuos_interfaces/share/tuos_interfaces/package.dsv'
[0.627s] INFO:colcon.colcon_core.shell:Creating package script '/home/vivaan/Documents/star_project_submissions/Week_0/ros2_ws/install/tuos_interfaces/share/tuos_interfaces/package.sh'
[0.627s] INFO:colcon.colcon_core.shell:Creating package script '/home/vivaan/Documents/star_project_submissions/Week_0/ros2_ws/install/tuos_interfaces/share/tuos_interfaces/package.bash'
[0.627s] INFO:colcon.colcon_core.shell:Creating package script '/home/vivaan/Documents/star_project_submissions/Week_0/ros2_ws/install/tuos_interfaces/share/tuos_interfaces/package.zsh'
[0.628s] Level 1:colcon.colcon_core.environment:create_file_with_runtime_dependencies(/home/vivaan/Documents/star_project_submissions/Week_0/ros2_ws/install/tuos_interfaces/share/colcon-core/packages/tuos_interfaces)
[0.649s] Level 1:colcon.colcon_core.environment:create_environment_scripts_only(part1_pubsub)
[0.649s] Level 1:colcon.colcon_core.environment:checking '/home/vivaan/Documents/star_project_submissions/Week_0/ros2_ws/install/part1_pubsub' for CMake module files
[0.649s] DEBUG:colcon.colcon_core.event_handler.log_command:Invoked command in '/home/vivaan/Documents/star_project_submissions/Week_0/ros2_ws/build/part1_pubsub' returned '0': CMAKE_PREFIX_PATH=${CMAKE_PREFIX_PATH}:/opt/ros/humble /usr/bin/cmake --install /home/vivaan/Documents/star_project_submissions/Week_0/ros2_ws/build/part1_pubsub
[0.650s] Level 1:colcon.colcon_core.environment:checking '/home/vivaan/Documents/star_project_submissions/Week_0/ros2_ws/install/part1_pubsub' for CMake config files
[0.650s] Level 1:colcon.colcon_core.shell:create_environment_hook('part1_pubsub', 'cmake_prefix_path')
[0.650s] INFO:colcon.colcon_core.shell:Creating environment hook '/home/vivaan/Documents/star_project_submissions/Week_0/ros2_ws/install/part1_pubsub/share/part1_pubsub/hook/cmake_prefix_path.ps1'
[0.650s] INFO:colcon.colcon_core.shell:Creating environment descriptor '/home/vivaan/Documents/star_project_submissions/Week_0/ros2_ws/install/part1_pubsub/share/part1_pubsub/hook/cmake_prefix_path.dsv'
[0.651s] INFO:colcon.colcon_core.shell:Creating environment hook '/home/vivaan/Documents/star_project_submissions/Week_0/ros2_ws/install/part1_pubsub/share/part1_pubsub/hook/cmake_prefix_path.sh'
[0.651s] Level 1:colcon.colcon_core.environment:checking '/home/vivaan/Documents/star_project_submissions/Week_0/ros2_ws/install/part1_pubsub/lib'
[0.651s] Level 1:colcon.colcon_core.shell:create_environment_hook('part1_pubsub', 'ld_library_path_lib')
[0.651s] INFO:colcon.colcon_core.shell:Creating environment hook '/home/vivaan/Documents/star_project_submissions/Week_0/ros2_ws/install/part1_pubsub/share/part1_pubsub/hook/ld_library_path_lib.ps1'
[0.652s] INFO:colcon.colcon_core.shell:Creating environment descriptor '/home/vivaan/Documents/star_project_submissions/Week_0/ros2_ws/install/part1_pubsub/share/part1_pubsub/hook/ld_library_path_lib.dsv'
[0.652s] INFO:colcon.colcon_core.shell:Creating environment hook '/home/vivaan/Documents/star_project_submissions/Week_0/ros2_ws/install/part1_pubsub/share/part1_pubsub/hook/ld_library_path_lib.sh'
[0.652s] Level 1:colcon.colcon_core.environment:checking '/home/vivaan/Documents/star_project_submissions/Week_0/ros2_ws/install/part1_pubsub/bin'
[0.652s] Level 1:colcon.colcon_core.environment:checking '/home/vivaan/Documents/star_project_submissions/Week_0/ros2_ws/install/part1_pubsub/lib/pkgconfig/part1_pubsub.pc'
[0.652s] Level 1:colcon.colcon_core.environment:checking '/home/vivaan/Documents/star_project_submissions/Week_0/ros2_ws/install/part1_pubsub/lib/python3.10/site-packages'
[0.653s] Level 1:colcon.colcon_core.environment:checking '/home/vivaan/Documents/star_project_submissions/Week_0/ros2_ws/install/part1_pubsub/bin'
[0.653s] INFO:colcon.colcon_core.shell:Creating package script '/home/vivaan/Documents/star_project_submissions/Week_0/ros2_ws/install/part1_pubsub/share/part1_pubsub/package.ps1'
[0.653s] INFO:colcon.colcon_core.shell:Creating package descriptor '/home/vivaan/Documents/star_project_submissions/Week_0/ros2_ws/install/part1_pubsub/share/part1_pubsub/package.dsv'
[0.654s] INFO:colcon.colcon_core.shell:Creating package script '/home/vivaan/Documents/star_project_submissions/Week_0/ros2_ws/install/part1_pubsub/share/part1_pubsub/package.sh'
[0.654s] INFO:colcon.colcon_core.shell:Creating package script '/home/vivaan/Documents/star_project_submissions/Week_0/ros2_ws/install/part1_pubsub/share/part1_pubsub/package.bash'
[0.654s] INFO:colcon.colcon_core.shell:Creating package script '/home/vivaan/Documents/star_project_submissions/Week_0/ros2_ws/install/part1_pubsub/share/part1_pubsub/package.zsh'
[0.654s] Level 1:colcon.colcon_core.environment:create_file_with_runtime_dependencies(/home/vivaan/Documents/star_project_submissions/Week_0/ros2_ws/install/part1_pubsub/share/colcon-core/packages/part1_pubsub)
[0.655s] Level 1:colcon.colcon_core.environment:create_environment_scripts_only(part1_pubsub)
[0.655s] Level 1:colcon.colcon_core.environment:checking '/home/vivaan/Documents/star_project_submissions/Week_0/ros2_ws/install/part1_pubsub' for CMake module files
[0.656s] Level 1:colcon.colcon_core.environment:checking '/home/vivaan/Documents/star_project_submissions/Week_0/ros2_ws/install/part1_pubsub' for CMake config files
[0.656s] Level 1:colcon.colcon_core.shell:create_environment_hook('part1_pubsub', 'cmake_prefix_path')
[0.656s] INFO:colcon.colcon_core.shell:Creating environment hook '/home/vivaan/Documents/star_project_submissions/Week_0/ros2_ws/install/part1_pubsub/share/part1_pubsub/hook/cmake_prefix_path.ps1'
[0.656s] INFO:colcon.colcon_core.shell:Creating environment descriptor '/home/vivaan/Documents/star_project_submissions/Week_0/ros2_ws/install/part1_pubsub/share/part1_pubsub/hook/cmake_prefix_path.dsv'
[0.656s] INFO:colcon.colcon_core.shell:Creating environment hook '/home/vivaan/Documents/star_project_submissions/Week_0/ros2_ws/install/part1_pubsub/share/part1_pubsub/hook/cmake_prefix_path.sh'
[0.657s] Level 1:colcon.colcon_core.environment:checking '/home/vivaan/Documents/star_project_submissions/Week_0/ros2_ws/install/part1_pubsub/lib'
[0.657s] Level 1:colcon.colcon_core.shell:create_environment_hook('part1_pubsub', 'ld_library_path_lib')
[0.657s] INFO:colcon.colcon_core.shell:Creating environment hook '/home/vivaan/Documents/star_project_submissions/Week_0/ros2_ws/install/part1_pubsub/share/part1_pubsub/hook/ld_library_path_lib.ps1'
[0.657s] INFO:colcon.colcon_core.shell:Creating environment descriptor '/home/vivaan/Documents/star_project_submissions/Week_0/ros2_ws/install/part1_pubsub/share/part1_pubsub/hook/ld_library_path_lib.dsv'
[0.658s] INFO:colcon.colcon_core.shell:Creating environment hook '/home/vivaan/Documents/star_project_submissions/Week_0/ros2_ws/install/part1_pubsub/share/part1_pubsub/hook/ld_library_path_lib.sh'
[0.658s] Level 1:colcon.colcon_core.environment:checking '/home/vivaan/Documents/star_project_submissions/Week_0/ros2_ws/install/part1_pubsub/bin'
[0.658s] Level 1:colcon.colcon_core.environment:checking '/home/vivaan/Documents/star_project_submissions/Week_0/ros2_ws/install/part1_pubsub/lib/pkgconfig/part1_pubsub.pc'
[0.658s] Level 1:colcon.colcon_core.environment:checking '/home/vivaan/Documents/star_project_submissions/Week_0/ros2_ws/install/part1_pubsub/lib/python3.10/site-packages'
[0.658s] Level 1:colcon.colcon_core.environment:checking '/home/vivaan/Documents/star_project_submissions/Week_0/ros2_ws/install/part1_pubsub/bin'
[0.659s] INFO:colcon.colcon_core.shell:Creating package script '/home/vivaan/Documents/star_project_submissions/Week_0/ros2_ws/install/part1_pubsub/share/part1_pubsub/package.ps1'
[0.659s] INFO:colcon.colcon_core.shell:Creating package descriptor '/home/vivaan/Documents/star_project_submissions/Week_0/ros2_ws/install/part1_pubsub/share/part1_pubsub/package.dsv'
[0.659s] INFO:colcon.colcon_core.shell:Creating package script '/home/vivaan/Documents/star_project_submissions/Week_0/ros2_ws/install/part1_pubsub/share/part1_pubsub/package.sh'
[0.660s] INFO:colcon.colcon_core.shell:Creating package script '/home/vivaan/Documents/star_project_submissions/Week_0/ros2_ws/install/part1_pubsub/share/part1_pubsub/package.bash'
[0.660s] INFO:colcon.colcon_core.shell:Creating package script '/home/vivaan/Documents/star_project_submissions/Week_0/ros2_ws/install/part1_pubsub/share/part1_pubsub/package.zsh'
[0.660s] Level 1:colcon.colcon_core.environment:create_file_with_runtime_dependencies(/home/vivaan/Documents/star_project_submissions/Week_0/ros2_ws/install/part1_pubsub/share/colcon-core/packages/part1_pubsub)
[0.662s] DEBUG:colcon.colcon_core.event_handler.log_command:Invoked command in '/home/vivaan/Documents/star_project_submissions/Week_0/ros2_ws/build/tuos_examples' returned '0': CMAKE_PREFIX_PATH=${CMAKE_PREFIX_PATH}:/opt/ros/humble /usr/bin/cmake --build /home/vivaan/Documents/star_project_submissions/Week_0/ros2_ws/build/tuos_examples -- -j12 -l12
[0.663s] DEBUG:colcon.colcon_core.event_handler.log_command:Invoking command in '/home/vivaan/Documents/star_project_submissions/Week_0/ros2_ws/build/tuos_examples': CMAKE_PREFIX_PATH=${CMAKE_PREFIX_PATH}:/opt/ros/humble /usr/bin/cmake --install /home/vivaan/Documents/star_project_submissions/Week_0/ros2_ws/build/tuos_examples
[0.706s] Level 1:colcon.colcon_core.environment:create_environment_scripts_only(tuos_examples)
[0.706s] Level 1:colcon.colcon_core.environment:checking '/home/vivaan/Documents/star_project_submissions/Week_0/ros2_ws/install/tuos_examples' for CMake module files
[0.707s] DEBUG:colcon.colcon_core.event_handler.log_command:Invoked command in '/home/vivaan/Documents/star_project_submissions/Week_0/ros2_ws/build/tuos_examples' returned '0': CMAKE_PREFIX_PATH=${CMAKE_PREFIX_PATH}:/opt/ros/humble /usr/bin/cmake --install /home/vivaan/Documents/star_project_submissions/Week_0/ros2_ws/build/tuos_examples
[0.707s] Level 1:colcon.colcon_core.environment:checking '/home/vivaan/Documents/star_project_submissions/Week_0/ros2_ws/install/tuos_examples' for CMake config files
[0.708s] Level 1:colcon.colcon_core.shell:create_environment_hook('tuos_examples', 'cmake_prefix_path')
[0.708s] INFO:colcon.colcon_core.shell:Creating environment hook '/home/vivaan/Documents/star_project_submissions/Week_0/ros2_ws/install/tuos_examples/share/tuos_examples/hook/cmake_prefix_path.ps1'
[0.709s] INFO:colcon.colcon_core.shell:Creating environment descriptor '/home/vivaan/Documents/star_project_submissions/Week_0/ros2_ws/install/tuos_examples/share/tuos_examples/hook/cmake_prefix_path.dsv'
[0.709s] INFO:colcon.colcon_core.shell:Creating environment hook '/home/vivaan/Documents/star_project_submissions/Week_0/ros2_ws/install/tuos_examples/share/tuos_examples/hook/cmake_prefix_path.sh'
[0.710s] Level 1:colcon.colcon_core.environment:checking '/home/vivaan/Documents/star_project_submissions/Week_0/ros2_ws/install/tuos_examples/lib'
[0.710s] Level 1:colcon.colcon_core.environment:checking '/home/vivaan/Documents/star_project_submissions/Week_0/ros2_ws/install/tuos_examples/bin'
[0.710s] Level 1:colcon.colcon_core.environment:checking '/home/vivaan/Documents/star_project_submissions/Week_0/ros2_ws/install/tuos_examples/lib/pkgconfig/tuos_examples.pc'
[0.710s] Level 1:colcon.colcon_core.environment:checking '/home/vivaan/Documents/star_project_submissions/Week_0/ros2_ws/install/tuos_examples/lib/python3.10/site-packages'
[0.711s] Level 1:colcon.colcon_core.environment:checking '/home/vivaan/Documents/star_project_submissions/Week_0/ros2_ws/install/tuos_examples/bin'
[0.711s] INFO:colcon.colcon_core.shell:Creating package script '/home/vivaan/Documents/star_project_submissions/Week_0/ros2_ws/install/tuos_examples/share/tuos_examples/package.ps1'
[0.712s] INFO:colcon.colcon_core.shell:Creating package descriptor '/home/vivaan/Documents/star_project_submissions/Week_0/ros2_ws/install/tuos_examples/share/tuos_examples/package.dsv'
[0.713s] INFO:colcon.colcon_core.shell:Creating package script '/home/vivaan/Documents/star_project_submissions/Week_0/ros2_ws/install/tuos_examples/share/tuos_examples/package.sh'
[0.713s] INFO:colcon.colcon_core.shell:Creating package script '/home/vivaan/Documents/star_project_submissions/Week_0/ros2_ws/install/tuos_examples/share/tuos_examples/package.bash'
[0.713s] INFO:colcon.colcon_core.shell:Creating package script '/home/vivaan/Documents/star_project_submissions/Week_0/ros2_ws/install/tuos_examples/share/tuos_examples/package.zsh'
[0.714s] Level 1:colcon.colcon_core.environment:create_file_with_runtime_dependencies(/home/vivaan/Documents/star_project_submissions/Week_0/ros2_ws/install/tuos_examples/share/colcon-core/packages/tuos_examples)
[0.715s] Level 1:colcon.colcon_core.environment:create_environment_scripts_only(tuos_examples)
[0.715s] Level 1:colcon.colcon_core.environment:checking '/home/vivaan/Documents/star_project_submissions/Week_0/ros2_ws/install/tuos_examples' for CMake module files
[0.715s] Level 1:colcon.colcon_core.environment:checking '/home/vivaan/Documents/star_project_submissions/Week_0/ros2_ws/install/tuos_examples' for CMake config files
[0.716s] Level 1:colcon.colcon_core.shell:create_environment_hook('tuos_examples', 'cmake_prefix_path')
[0.716s] INFO:colcon.colcon_core.shell:Creating environment hook '/home/vivaan/Documents/star_project_submissions/Week_0/ros2_ws/install/tuos_examples/share/tuos_examples/hook/cmake_prefix_path.ps1'
[0.717s] INFO:colcon.colcon_core.shell:Creating environment descriptor '/home/vivaan/Documents/star_project_submissions/Week_0/ros2_ws/install/tuos_examples/share/tuos_examples/hook/cmake_prefix_path.dsv'
[0.717s] INFO:colcon.colcon_core.shell:Creating environment hook '/home/vivaan/Documents/star_project_submissions/Week_0/ros2_ws/install/tuos_examples/share/tuos_examples/hook/cmake_prefix_path.sh'
[0.718s] Level 1:colcon.colcon_core.environment:checking '/home/vivaan/Documents/star_project_submissions/Week_0/ros2_ws/install/tuos_examples/lib'
[0.718s] Level 1:colcon.colcon_core.environment:checking '/home/vivaan/Documents/star_project_submissions/Week_0/ros2_ws/install/tuos_examples/bin'
[0.718s] Level 1:colcon.colcon_core.environment:checking '/home/vivaan/Documents/star_project_submissions/Week_0/ros2_ws/install/tuos_examples/lib/pkgconfig/tuos_examples.pc'
[0.718s] Level 1:colcon.colcon_core.environment:checking '/home/vivaan/Documents/star_project_submissions/Week_0/ros2_ws/install/tuos_examples/lib/python3.10/site-packages'
[0.718s] Level 1:colcon.colcon_core.environment:checking '/home/vivaan/Documents/star_project_submissions/Week_0/ros2_ws/install/tuos_examples/bin'
[0.719s] INFO:colcon.colcon_core.shell:Creating package script '/home/vivaan/Documents/star_project_submissions/Week_0/ros2_ws/install/tuos_examples/share/tuos_examples/package.ps1'
[0.720s] INFO:colcon.colcon_core.shell:Creating package descriptor '/home/vivaan/Documents/star_project_submissions/Week_0/ros2_ws/install/tuos_examples/share/tuos_examples/package.dsv'
[0.720s] INFO:colcon.colcon_core.shell:Creating package script '/home/vivaan/Documents/star_project_submissions/Week_0/ros2_ws/install/tuos_examples/share/tuos_examples/package.sh'
[0.721s] INFO:colcon.colcon_core.shell:Creating package script '/home/vivaan/Documents/star_project_submissions/Week_0/ros2_ws/install/tuos_examples/share/tuos_examples/package.bash'
[0.731s] INFO:colcon.colcon_core.shell:Creating package script '/home/vivaan/Documents/star_project_submissions/Week_0/ros2_ws/install/tuos_examples/share/tuos_examples/package.zsh'
[0.732s] Level 1:colcon.colcon_core.environment:create_file_with_runtime_dependencies(/home/vivaan/Documents/star_project_submissions/Week_0/ros2_ws/install/tuos_examples/share/colcon-core/packages/tuos_examples)
[0.732s] INFO:colcon.colcon_ros.task.ament_cmake.build:Building ROS package in '/home/vivaan/Documents/star_project_submissions/Week_0/ros2_ws/src/tuos_ros/tuos_ros' with build type 'ament_cmake'
[0.732s] INFO:colcon.colcon_cmake.task.cmake.build:Building CMake package in '/home/vivaan/Documents/star_project_submissions/Week_0/ros2_ws/src/tuos_ros/tuos_ros'
[0.732s] INFO:colcon.colcon_core.shell:Skip shell extension 'powershell' for command environment: Not usable outside of PowerShell
[0.732s] DEBUG:colcon.colcon_core.shell:Skip shell extension 'dsv' for command environment
[0.745s] DEBUG:colcon.colcon_core.event_handler.log_command:Invoking command in '/home/vivaan/Documents/star_project_submissions/Week_0/ros2_ws/build/tuos_ros': CMAKE_PREFIX_PATH=/home/vivaan/Documents/star_project_submissions/Week_0/ros2_ws/install/com2009_simulations:/home/vivaan/Documents/star_project_submissions/Week_0/ros2_ws/install/tuos_tb3_tools:/home/vivaan/Documents/star_project_submissions/Week_0/ros2_ws/install/tuos_simulations:/home/vivaan/Documents/star_project_submissions/Week_0/ros2_ws/install/tuos_interfaces:/home/vivaan/Documents/star_project_submissions/Week_0/ros2_ws/install/tuos_examples:/home/vivaan/Documents/star_project_submissions/Week_0/ros2_ws/install/tuos_ros:/home/vivaan/Documents/star_project_submissions/Week_0/ros2_ws/install/part3_beyond_basics:/home/vivaan/Documents/star_project_submissions/Week_0/ros2_ws/install/part2_navigation:/home/vivaan/Documents/star_project_submissions/Week_0/ros2_ws/install/part1_pubsub:/opt/ros/humble /usr/bin/cmake --build /home/vivaan/Documents/star_project_submissions/Week_0/ros2_ws/build/tuos_ros -- -j12 -l12
[0.780s] DEBUG:colcon.colcon_core.event_handler.log_command:Invoked command in '/home/vivaan/Documents/star_project_submissions/Week_0/ros2_ws/build/tuos_ros' returned '0': CMAKE_PREFIX_PATH=/home/vivaan/Documents/star_project_submissions/Week_0/ros2_ws/install/com2009_simulations:/home/vivaan/Documents/star_project_submissions/Week_0/ros2_ws/install/tuos_tb3_tools:/home/vivaan/Documents/star_project_submissions/Week_0/ros2_ws/install/tuos_simulations:/home/vivaan/Documents/star_project_submissions/Week_0/ros2_ws/install/tuos_interfaces:/home/vivaan/Documents/star_project_submissions/Week_0/ros2_ws/install/tuos_examples:/home/vivaan/Documents/star_project_submissions/Week_0/ros2_ws/install/tuos_ros:/home/vivaan/Documents/star_project_submissions/Week_0/ros2_ws/install/part3_beyond_basics:/home/vivaan/Documents/star_project_submissions/Week_0/ros2_ws/install/part2_navigation:/home/vivaan/Documents/star_project_submissions/Week_0/ros2_ws/install/part1_pubsub:/opt/ros/humble /usr/bin/cmake --build /home/vivaan/Documents/star_project_submissions/Week_0/ros2_ws/build/tuos_ros -- -j12 -l12
[0.781s] DEBUG:colcon.colcon_core.event_handler.log_command:Invoking command in '/home/vivaan/Documents/star_project_submissions/Week_0/ros2_ws/build/tuos_ros': CMAKE_PREFIX_PATH=/home/vivaan/Documents/star_project_submissions/Week_0/ros2_ws/install/com2009_simulations:/home/vivaan/Documents/star_project_submissions/Week_0/ros2_ws/install/tuos_tb3_tools:/home/vivaan/Documents/star_project_submissions/Week_0/ros2_ws/install/tuos_simulations:/home/vivaan/Documents/star_project_submissions/Week_0/ros2_ws/install/tuos_interfaces:/home/vivaan/Documents/star_project_submissions/Week_0/ros2_ws/install/tuos_examples:/home/vivaan/Documents/star_project_submissions/Week_0/ros2_ws/install/tuos_ros:/home/vivaan/Documents/star_project_submissions/Week_0/ros2_ws/install/part3_beyond_basics:/home/vivaan/Documents/star_project_submissions/Week_0/ros2_ws/install/part2_navigation:/home/vivaan/Documents/star_project_submissions/Week_0/ros2_ws/install/part1_pubsub:/opt/ros/humble /usr/bin/cmake --install /home/vivaan/Documents/star_project_submissions/Week_0/ros2_ws/build/tuos_ros
[0.789s] Level 1:colcon.colcon_core.environment:create_environment_scripts_only(tuos_ros)
[0.789s] Level 1:colcon.colcon_core.environment:checking '/home/vivaan/Documents/star_project_submissions/Week_0/ros2_ws/install/tuos_ros' for CMake module files
[0.789s] DEBUG:colcon.colcon_core.event_handler.log_command:Invoked command in '/home/vivaan/Documents/star_project_submissions/Week_0/ros2_ws/build/tuos_ros' returned '0': CMAKE_PREFIX_PATH=/home/vivaan/Documents/star_project_submissions/Week_0/ros2_ws/install/com2009_simulations:/home/vivaan/Documents/star_project_submissions/Week_0/ros2_ws/install/tuos_tb3_tools:/home/vivaan/Documents/star_project_submissions/Week_0/ros2_ws/install/tuos_simulations:/home/vivaan/Documents/star_project_submissions/Week_0/ros2_ws/install/tuos_interfaces:/home/vivaan/Documents/star_project_submissions/Week_0/ros2_ws/install/tuos_examples:/home/vivaan/Documents/star_project_submissions/Week_0/ros2_ws/install/tuos_ros:/home/vivaan/Documents/star_project_submissions/Week_0/ros2_ws/install/part3_beyond_basics:/home/vivaan/Documents/star_project_submissions/Week_0/ros2_ws/install/part2_navigation:/home/vivaan/Documents/star_project_submissions/Week_0/ros2_ws/install/part1_pubsub:/opt/ros/humble /usr/bin/cmake --install /home/vivaan/Documents/star_project_submissions/Week_0/ros2_ws/build/tuos_ros
[0.790s] Level 1:colcon.colcon_core.environment:checking '/home/vivaan/Documents/star_project_submissions/Week_0/ros2_ws/install/tuos_ros' for CMake config files
[0.790s] Level 1:colcon.colcon_core.shell:create_environment_hook('tuos_ros', 'cmake_prefix_path')
[0.790s] INFO:colcon.colcon_core.shell:Creating environment hook '/home/vivaan/Documents/star_project_submissions/Week_0/ros2_ws/install/tuos_ros/share/tuos_ros/hook/cmake_prefix_path.ps1'
[0.791s] INFO:colcon.colcon_core.shell:Creating environment descriptor '/home/vivaan/Documents/star_project_submissions/Week_0/ros2_ws/install/tuos_ros/share/tuos_ros/hook/cmake_prefix_path.dsv'
[0.792s] INFO:colcon.colcon_core.shell:Creating environment hook '/home/vivaan/Documents/star_project_submissions/Week_0/ros2_ws/install/tuos_ros/share/tuos_ros/hook/cmake_prefix_path.sh'
[0.792s] Level 1:colcon.colcon_core.environment:checking '/home/vivaan/Documents/star_project_submissions/Week_0/ros2_ws/install/tuos_ros/bin'
[0.792s] Level 1:colcon.colcon_core.environment:checking '/home/vivaan/Documents/star_project_submissions/Week_0/ros2_ws/install/tuos_ros/lib/pkgconfig/tuos_ros.pc'
[0.793s] Level 1:colcon.colcon_core.environment:checking '/home/vivaan/Documents/star_project_submissions/Week_0/ros2_ws/install/tuos_ros/lib/python3.10/site-packages'
[0.793s] Level 1:colcon.colcon_core.environment:checking '/home/vivaan/Documents/star_project_submissions/Week_0/ros2_ws/install/tuos_ros/bin'
[0.794s] INFO:colcon.colcon_core.shell:Creating package script '/home/vivaan/Documents/star_project_submissions/Week_0/ros2_ws/install/tuos_ros/share/tuos_ros/package.ps1'
[0.795s] INFO:colcon.colcon_core.shell:Creating package descriptor '/home/vivaan/Documents/star_project_submissions/Week_0/ros2_ws/install/tuos_ros/share/tuos_ros/package.dsv'
[0.795s] INFO:colcon.colcon_core.shell:Creating package script '/home/vivaan/Documents/star_project_submissions/Week_0/ros2_ws/install/tuos_ros/share/tuos_ros/package.sh'
[0.796s] INFO:colcon.colcon_core.shell:Creating package script '/home/vivaan/Documents/star_project_submissions/Week_0/ros2_ws/install/tuos_ros/share/tuos_ros/package.bash'
[0.796s] INFO:colcon.colcon_core.shell:Creating package script '/home/vivaan/Documents/star_project_submissions/Week_0/ros2_ws/install/tuos_ros/share/tuos_ros/package.zsh'
[0.796s] Level 1:colcon.colcon_core.environment:create_file_with_runtime_dependencies(/home/vivaan/Documents/star_project_submissions/Week_0/ros2_ws/install/tuos_ros/share/colcon-core/packages/tuos_ros)
[0.797s] Level 1:colcon.colcon_core.environment:create_environment_scripts_only(tuos_ros)
[0.797s] Level 1:colcon.colcon_core.environment:checking '/home/vivaan/Documents/star_project_submissions/Week_0/ros2_ws/install/tuos_ros' for CMake module files
[0.798s] Level 1:colcon.colcon_core.environment:checking '/home/vivaan/Documents/star_project_submissions/Week_0/ros2_ws/install/tuos_ros' for CMake config files
[0.798s] Level 1:colcon.colcon_core.shell:create_environment_hook('tuos_ros', 'cmake_prefix_path')
[0.798s] INFO:colcon.colcon_core.shell:Creating environment hook '/home/vivaan/Documents/star_project_submissions/Week_0/ros2_ws/install/tuos_ros/share/tuos_ros/hook/cmake_prefix_path.ps1'
[0.799s] INFO:colcon.colcon_core.shell:Creating environment descriptor '/home/vivaan/Documents/star_project_submissions/Week_0/ros2_ws/install/tuos_ros/share/tuos_ros/hook/cmake_prefix_path.dsv'
[0.799s] INFO:colcon.colcon_core.shell:Creating environment hook '/home/vivaan/Documents/star_project_submissions/Week_0/ros2_ws/install/tuos_ros/share/tuos_ros/hook/cmake_prefix_path.sh'
[0.800s] Level 1:colcon.colcon_core.environment:checking '/home/vivaan/Documents/star_project_submissions/Week_0/ros2_ws/install/tuos_ros/bin'
[0.800s] Level 1:colcon.colcon_core.environment:checking '/home/vivaan/Documents/star_project_submissions/Week_0/ros2_ws/install/tuos_ros/lib/pkgconfig/tuos_ros.pc'
[0.800s] Level 1:colcon.colcon_core.environment:checking '/home/vivaan/Documents/star_project_submissions/Week_0/ros2_ws/install/tuos_ros/lib/python3.10/site-packages'
[0.800s] Level 1:colcon.colcon_core.environment:checking '/home/vivaan/Documents/star_project_submissions/Week_0/ros2_ws/install/tuos_ros/bin'
[0.800s] INFO:colcon.colcon_core.shell:Creating package script '/home/vivaan/Documents/star_project_submissions/Week_0/ros2_ws/install/tuos_ros/share/tuos_ros/package.ps1'
[0.801s] INFO:colcon.colcon_core.shell:Creating package descriptor '/home/vivaan/Documents/star_project_submissions/Week_0/ros2_ws/install/tuos_ros/share/tuos_ros/package.dsv'
[0.801s] INFO:colcon.colcon_core.shell:Creating package script '/home/vivaan/Documents/star_project_submissions/Week_0/ros2_ws/install/tuos_ros/share/tuos_ros/package.sh'
[0.801s] INFO:colcon.colcon_core.shell:Creating package script '/home/vivaan/Documents/star_project_submissions/Week_0/ros2_ws/install/tuos_ros/share/tuos_ros/package.bash'
[0.802s] INFO:colcon.colcon_core.shell:Creating package script '/home/vivaan/Documents/star_project_submissions/Week_0/ros2_ws/install/tuos_ros/share/tuos_ros/package.zsh'
[0.802s] Level 1:colcon.colcon_core.environment:create_file_with_runtime_dependencies(/home/vivaan/Documents/star_project_submissions/Week_0/ros2_ws/install/tuos_ros/share/colcon-core/packages/tuos_ros)
[1.001s] DEBUG:colcon.colcon_core.event_handler.log_command:Invoked command in '/home/vivaan/Documents/star_project_submissions/Week_0/ros2_ws/build/part3_beyond_basics' returned '0': CMAKE_PREFIX_PATH=${CMAKE_PREFIX_PATH}:/opt/ros/humble /usr/bin/cmake --build /home/vivaan/Documents/star_project_submissions/Week_0/ros2_ws/build/part3_beyond_basics -- -j12 -l12
[1.001s] DEBUG:colcon.colcon_core.event_handler.log_command:Invoking command in '/home/vivaan/Documents/star_project_submissions/Week_0/ros2_ws/build/part3_beyond_basics': CMAKE_PREFIX_PATH=${CMAKE_PREFIX_PATH}:/opt/ros/humble /usr/bin/cmake --install /home/vivaan/Documents/star_project_submissions/Week_0/ros2_ws/build/part3_beyond_basics
[1.039s] Level 1:colcon.colcon_core.environment:create_environment_scripts_only(part3_beyond_basics)
[1.039s] Level 1:colcon.colcon_core.environment:checking '/home/vivaan/Documents/star_project_submissions/Week_0/ros2_ws/install/part3_beyond_basics' for CMake module files
[1.040s] DEBUG:colcon.colcon_core.event_handler.log_command:Invoked command in '/home/vivaan/Documents/star_project_submissions/Week_0/ros2_ws/build/part3_beyond_basics' returned '0': CMAKE_PREFIX_PATH=${CMAKE_PREFIX_PATH}:/opt/ros/humble /usr/bin/cmake --install /home/vivaan/Documents/star_project_submissions/Week_0/ros2_ws/build/part3_beyond_basics
[1.040s] Level 1:colcon.colcon_core.environment:checking '/home/vivaan/Documents/star_project_submissions/Week_0/ros2_ws/install/part3_beyond_basics' for CMake config files
[1.040s] Level 1:colcon.colcon_core.shell:create_environment_hook('part3_beyond_basics', 'cmake_prefix_path')
[1.040s] INFO:colcon.colcon_core.shell:Creating environment hook '/home/vivaan/Documents/star_project_submissions/Week_0/ros2_ws/install/part3_beyond_basics/share/part3_beyond_basics/hook/cmake_prefix_path.ps1'
[1.041s] INFO:colcon.colcon_core.shell:Creating environment descriptor '/home/vivaan/Documents/star_project_submissions/Week_0/ros2_ws/install/part3_beyond_basics/share/part3_beyond_basics/hook/cmake_prefix_path.dsv'
[1.041s] INFO:colcon.colcon_core.shell:Creating environment hook '/home/vivaan/Documents/star_project_submissions/Week_0/ros2_ws/install/part3_beyond_basics/share/part3_beyond_basics/hook/cmake_prefix_path.sh'
[1.041s] Level 1:colcon.colcon_core.environment:checking '/home/vivaan/Documents/star_project_submissions/Week_0/ros2_ws/install/part3_beyond_basics/lib'
[1.041s] Level 1:colcon.colcon_core.environment:checking '/home/vivaan/Documents/star_project_submissions/Week_0/ros2_ws/install/part3_beyond_basics/bin'
[1.041s] Level 1:colcon.colcon_core.environment:checking '/home/vivaan/Documents/star_project_submissions/Week_0/ros2_ws/install/part3_beyond_basics/lib/pkgconfig/part3_beyond_basics.pc'
[1.042s] Level 1:colcon.colcon_core.environment:checking '/home/vivaan/Documents/star_project_submissions/Week_0/ros2_ws/install/part3_beyond_basics/lib/python3.10/site-packages'
[1.042s] Level 1:colcon.colcon_core.environment:checking '/home/vivaan/Documents/star_project_submissions/Week_0/ros2_ws/install/part3_beyond_basics/bin'
[1.042s] INFO:colcon.colcon_core.shell:Creating package script '/home/vivaan/Documents/star_project_submissions/Week_0/ros2_ws/install/part3_beyond_basics/share/part3_beyond_basics/package.ps1'
[1.042s] INFO:colcon.colcon_core.shell:Creating package descriptor '/home/vivaan/Documents/star_project_submissions/Week_0/ros2_ws/install/part3_beyond_basics/share/part3_beyond_basics/package.dsv'
[1.043s] INFO:colcon.colcon_core.shell:Creating package script '/home/vivaan/Documents/star_project_submissions/Week_0/ros2_ws/install/part3_beyond_basics/share/part3_beyond_basics/package.sh'
[1.043s] INFO:colcon.colcon_core.shell:Creating package script '/home/vivaan/Documents/star_project_submissions/Week_0/ros2_ws/install/part3_beyond_basics/share/part3_beyond_basics/package.bash'
[1.043s] INFO:colcon.colcon_core.shell:Creating package script '/home/vivaan/Documents/star_project_submissions/Week_0/ros2_ws/install/part3_beyond_basics/share/part3_beyond_basics/package.zsh'
[1.043s] Level 1:colcon.colcon_core.environment:create_file_with_runtime_dependencies(/home/vivaan/Documents/star_project_submissions/Week_0/ros2_ws/install/part3_beyond_basics/share/colcon-core/packages/part3_beyond_basics)
[1.044s] Level 1:colcon.colcon_core.environment:create_environment_scripts_only(part3_beyond_basics)
[1.044s] Level 1:colcon.colcon_core.environment:checking '/home/vivaan/Documents/star_project_submissions/Week_0/ros2_ws/install/part3_beyond_basics' for CMake module files
[1.044s] Level 1:colcon.colcon_core.environment:checking '/home/vivaan/Documents/star_project_submissions/Week_0/ros2_ws/install/part3_beyond_basics' for CMake config files
[1.044s] Level 1:colcon.colcon_core.shell:create_environment_hook('part3_beyond_basics', 'cmake_prefix_path')
[1.044s] INFO:colcon.colcon_core.shell:Creating environment hook '/home/vivaan/Documents/star_project_submissions/Week_0/ros2_ws/install/part3_beyond_basics/share/part3_beyond_basics/hook/cmake_prefix_path.ps1'
[1.045s] INFO:colcon.colcon_core.shell:Creating environment descriptor '/home/vivaan/Documents/star_project_submissions/Week_0/ros2_ws/install/part3_beyond_basics/share/part3_beyond_basics/hook/cmake_prefix_path.dsv'
[1.045s] INFO:colcon.colcon_core.shell:Creating environment hook '/home/vivaan/Documents/star_project_submissions/Week_0/ros2_ws/install/part3_beyond_basics/share/part3_beyond_basics/hook/cmake_prefix_path.sh'
[1.045s] Level 1:colcon.colcon_core.environment:checking '/home/vivaan/Documents/star_project_submissions/Week_0/ros2_ws/install/part3_beyond_basics/lib'
[1.045s] Level 1:colcon.colcon_core.environment:checking '/home/vivaan/Documents/star_project_submissions/Week_0/ros2_ws/install/part3_beyond_basics/bin'
[1.045s] Level 1:colcon.colcon_core.environment:checking '/home/vivaan/Documents/star_project_submissions/Week_0/ros2_ws/install/part3_beyond_basics/lib/pkgconfig/part3_beyond_basics.pc'
[1.045s] Level 1:colcon.colcon_core.environment:checking '/home/vivaan/Documents/star_project_submissions/Week_0/ros2_ws/install/part3_beyond_basics/lib/python3.10/site-packages'
[1.046s] Level 1:colcon.colcon_core.environment:checking '/home/vivaan/Documents/star_project_submissions/Week_0/ros2_ws/install/part3_beyond_basics/bin'
[1.046s] INFO:colcon.colcon_core.shell:Creating package script '/home/vivaan/Documents/star_project_submissions/Week_0/ros2_ws/install/part3_beyond_basics/share/part3_beyond_basics/package.ps1'
[1.046s] INFO:colcon.colcon_core.shell:Creating package descriptor '/home/vivaan/Documents/star_project_submissions/Week_0/ros2_ws/install/part3_beyond_basics/share/part3_beyond_basics/package.dsv'
[1.046s] INFO:colcon.colcon_core.shell:Creating package script '/home/vivaan/Documents/star_project_submissions/Week_0/ros2_ws/install/part3_beyond_basics/share/part3_beyond_basics/package.sh'
[1.047s] INFO:colcon.colcon_core.shell:Creating package script '/home/vivaan/Documents/star_project_submissions/Week_0/ros2_ws/install/part3_beyond_basics/share/part3_beyond_basics/package.bash'
[1.047s] INFO:colcon.colcon_core.shell:Creating package script '/home/vivaan/Documents/star_project_submissions/Week_0/ros2_ws/install/part3_beyond_basics/share/part3_beyond_basics/package.zsh'
[1.047s] Level 1:colcon.colcon_core.environment:create_file_with_runtime_dependencies(/home/vivaan/Documents/star_project_submissions/Week_0/ros2_ws/install/part3_beyond_basics/share/colcon-core/packages/part3_beyond_basics)
[1.047s] DEBUG:colcon.colcon_parallel_executor.executor.parallel:closing loop
[1.047s] DEBUG:colcon.colcon_parallel_executor.executor.parallel:loop closed
[1.047s] DEBUG:colcon.colcon_parallel_executor.executor.parallel:run_until_complete finished with '0'
[1.047s] DEBUG:colcon.colcon_core.event_reactor:joining thread
[1.054s] INFO:colcon.colcon_core.plugin_system:Skipping extension 'colcon_notification.desktop_notification.terminal_notifier': Not used on non-Darwin systems
[1.054s] INFO:colcon.colcon_core.plugin_system:Skipping extension 'colcon_notification.desktop_notification.win32': Not used on non-Windows systems
[1.054s] INFO:colcon.colcon_notification.desktop_notification:Sending desktop notification using 'notify2'
[1.061s] DEBUG:colcon.colcon_core.event_reactor:joined thread
[1.061s] INFO:colcon.colcon_core.shell:Creating prefix script '/home/vivaan/Documents/star_project_submissions/Week_0/ros2_ws/install/local_setup.ps1'
[1.062s] INFO:colcon.colcon_core.shell:Creating prefix util module '/home/vivaan/Documents/star_project_submissions/Week_0/ros2_ws/install/_local_setup_util_ps1.py'
[1.063s] INFO:colcon.colcon_core.shell:Creating prefix chain script '/home/vivaan/Documents/star_project_submissions/Week_0/ros2_ws/install/setup.ps1'
[1.064s] INFO:colcon.colcon_core.shell:Creating prefix script '/home/vivaan/Documents/star_project_submissions/Week_0/ros2_ws/install/local_setup.sh'
[1.064s] INFO:colcon.colcon_core.shell:Creating prefix util module '/home/vivaan/Documents/star_project_submissions/Week_0/ros2_ws/install/_local_setup_util_sh.py'
[1.064s] INFO:colcon.colcon_core.shell:Creating prefix chain script '/home/vivaan/Documents/star_project_submissions/Week_0/ros2_ws/install/setup.sh'
[1.065s] INFO:colcon.colcon_core.shell:Creating prefix script '/home/vivaan/Documents/star_project_submissions/Week_0/ros2_ws/install/local_setup.bash'
[1.065s] INFO:colcon.colcon_core.shell:Creating prefix chain script '/home/vivaan/Documents/star_project_submissions/Week_0/ros2_ws/install/setup.bash'
[1.066s] INFO:colcon.colcon_core.shell:Creating prefix script '/home/vivaan/Documents/star_project_submissions/Week_0/ros2_ws/install/local_setup.zsh'
[1.066s] INFO:colcon.colcon_core.shell:Creating prefix chain script '/home/vivaan/Documents/star_project_submissions/Week_0/ros2_ws/install/setup.zsh'
