[0.000000] (-) TimerEvent: {}
[0.000195] (part1_pubsub) JobQueued: {'identifier': 'part1_pubsub', 'dependencies': OrderedDict()}
[0.000231] (tuos_examples) JobQueued: {'identifier': 'tuos_examples', 'dependencies': OrderedDict()}
[0.000258] (tuos_interfaces) JobQueued: {'identifier': 'tuos_interfaces', 'dependencies': OrderedDict()}
[0.000281] (tuos_simulations) JobQueued: {'identifier': 'tuos_simulations', 'dependencies': OrderedDict()}
[0.000455] (tuos_tb3_tools) JobQueued: {'identifier': 'tuos_tb3_tools', 'dependencies': OrderedDict()}
[0.000486] (com2009_simulations) JobQueued: {'identifier': 'com2009_simulations', 'dependencies': OrderedDict([('tuos_simulations', '/home/vivaan/Documents/star_project_submissions/Week_0/ros2_ws/install/tuos_simulations')])}
[0.000514] (tuos_ros) JobQueued: {'identifier': 'tuos_ros', 'dependencies': OrderedDict([('tuos_examples', '/home/vivaan/Documents/star_project_submissions/Week_0/ros2_ws/install/tuos_examples'), ('tuos_interfaces', '/home/vivaan/Documents/star_project_submissions/Week_0/ros2_ws/install/tuos_interfaces'), ('tuos_simulations', '/home/vivaan/Documents/star_project_submissions/Week_0/ros2_ws/install/tuos_simulations'), ('tuos_tb3_tools', '/home/vivaan/Documents/star_project_submissions/Week_0/ros2_ws/install/tuos_tb3_tools'), ('com2009_simulations', '/home/vivaan/Documents/star_project_submissions/Week_0/ros2_ws/install/com2009_simulations')])}
[0.000550] (tuos_simulations) JobStarted: {'identifier': 'tuos_simulations'}
[0.003543] (tuos_examples) JobStarted: {'identifier': 'tuos_examples'}
[0.005412] (tuos_interfaces) JobStarted: {'identifier': 'tuos_interfaces'}
[0.007455] (tuos_tb3_tools) JobStarted: {'identifier': 'tuos_tb3_tools'}
[0.009331] (part1_pubsub) JobStarted: {'identifier': 'part1_pubsub'}
[0.012140] (tuos_simulations) JobProgress: {'identifier': 'tuos_simulations', 'progress': 'cmake'}
[0.012586] (tuos_simulations) Command: {'cmd': ['/usr/bin/cmake', '/home/vivaan/Documents/star_project_submissions/Week_0/ros2_ws/src/tuos_ros/tuos_simulations', '-DCMAKE_INSTALL_PREFIX=/home/vivaan/Documents/star_project_submissions/Week_0/ros2_ws/install/tuos_simulations'], 'cwd': '/home/vivaan/Documents/star_project_submissions/Week_0/ros2_ws/build/tuos_simulations', 'env': OrderedDict([('LESSOPEN', '| /usr/bin/lesspipe %s'), ('LANGUAGE', 'en_IN:en'), ('USER', 'vivaan'), ('XDG_SESSION_TYPE', 'x11'), ('SHLVL', '1'), ('LD_LIBRARY_PATH', '/usr/lib/x86_64-linux-gnu/gazebo-11/plugins:/opt/ros/humble/opt/rviz_ogre_vendor/lib:/opt/ros/humble/lib/x86_64-linux-gnu:/opt/ros/humble/lib'), ('HOME', '/home/vivaan'), ('OLDPWD', '/home/vivaan/Documents/star_project_submissions'), ('DESKTOP_SESSION', 'ubuntu'), ('ROS_PYTHON_VERSION', '3'), ('GNOME_SHELL_SESSION_MODE', 'ubuntu'), ('GTK_MODULES', 'gail:atk-bridge'), ('MANAGERPID', '1945'), ('SYSTEMD_EXEC_PID', '2342'), ('DBUS_SESSION_BUS_ADDRESS', 'unix:path=/run/user/1000/bus'), ('COLORTERM', 'truecolor'), ('TERMINATOR_DBUS_NAME', 'net.tenshu.Terminator23558193cd9818af7fe4d2c2f5bd9d00f'), ('GIO_LAUNCHED_DESKTOP_FILE_PID', '75211'), ('ROS_DISTRO', 'humble'), ('GTK_IM_MODULE', 'ibus'), ('LOGNAME', 'vivaan'), ('JOURNAL_STREAM', '8:22727'), ('_', '/usr/bin/colcon'), ('ROS_VERSION', '2'), ('XDG_SESSION_CLASS', 'user'), ('USERNAME', 'vivaan'), ('TERM', 'xterm-256color'), ('GNOME_DESKTOP_SESSION_ID', 'this-is-deprecated'), ('ROS_LOCALHOST_ONLY', '0'), ('WINDOWPATH', '2'), ('PATH', '/opt/ros/humble/bin:/home/vivaan/.local/bin:/usr/local/sbin:/usr/local/bin:/usr/sbin:/usr/bin:/sbin:/bin:/usr/games:/usr/local/games:/snap/bin:/snap/bin'), ('SESSION_MANAGER', 'local/vivaan-LOQ-15IAX9:@/tmp/.ICE-unix/2179,unix/vivaan-LOQ-15IAX9:/tmp/.ICE-unix/2179'), ('INVOCATION_ID', '868d2e86c1f54228bef16a0b255f95e8'), ('XDG_MENU_PREFIX', 'gnome-'), ('XDG_RUNTIME_DIR', '/run/user/1000'), ('DISPLAY', ':1'), ('TERMINATOR_DBUS_PATH', '/net/tenshu/Terminator2'), ('LANG', 'en_IN'), ('XDG_CURRENT_DESKTOP', 'ubuntu:GNOME'), ('IBUS_DISABLE_SNOOPER', '1'), ('XMODIFIERS', '@im=ibus'), ('XDG_SESSION_DESKTOP', 'ubuntu'), ('XAUTHORITY', '/run/user/1000/gdm/Xauthority'), ('LS_COLORS', 'rs=0:di=01;34:ln=01;36:mh=00:pi=40;33:so=01;35:do=01;35:bd=40;33;01:cd=40;33;01:or=40;31;01:mi=00:su=37;41:sg=30;43:ca=30;41:tw=30;42:ow=34;42:st=37;44:ex=01;32:*.tar=01;31:*.tgz=01;31:*.arc=01;31:*.arj=01;31:*.taz=01;31:*.lha=01;31:*.lz4=01;31:*.lzh=01;31:*.lzma=01;31:*.tlz=01;31:*.txz=01;31:*.tzo=01;31:*.t7z=01;31:*.zip=01;31:*.z=01;31:*.dz=01;31:*.gz=01;31:*.lrz=01;31:*.lz=01;31:*.lzo=01;31:*.xz=01;31:*.zst=01;31:*.tzst=01;31:*.bz2=01;31:*.bz=01;31:*.tbz=01;31:*.tbz2=01;31:*.tz=01;31:*.deb=01;31:*.rpm=01;31:*.jar=01;31:*.war=01;31:*.ear=01;31:*.sar=01;31:*.rar=01;31:*.alz=01;31:*.ace=01;31:*.zoo=01;31:*.cpio=01;31:*.7z=01;31:*.rz=01;31:*.cab=01;31:*.wim=01;31:*.swm=01;31:*.dwm=01;31:*.esd=01;31:*.jpg=01;35:*.jpeg=01;35:*.mjpg=01;35:*.mjpeg=01;35:*.gif=01;35:*.bmp=01;35:*.pbm=01;35:*.pgm=01;35:*.ppm=01;35:*.tga=01;35:*.xbm=01;35:*.xpm=01;35:*.tif=01;35:*.tiff=01;35:*.png=01;35:*.svg=01;35:*.svgz=01;35:*.mng=01;35:*.pcx=01;35:*.mov=01;35:*.mpg=01;35:*.mpeg=01;35:*.m2v=01;35:*.mkv=01;35:*.webm=01;35:*.webp=01;35:*.ogm=01;35:*.mp4=01;35:*.m4v=01;35:*.mp4v=01;35:*.vob=01;35:*.qt=01;35:*.nuv=01;35:*.wmv=01;35:*.asf=01;35:*.rm=01;35:*.rmvb=01;35:*.flc=01;35:*.avi=01;35:*.fli=01;35:*.flv=01;35:*.gl=01;35:*.dl=01;35:*.xcf=01;35:*.xwd=01;35:*.yuv=01;35:*.cgm=01;35:*.emf=01;35:*.ogv=01;35:*.ogx=01;35:*.aac=00;36:*.au=00;36:*.flac=00;36:*.m4a=00;36:*.mid=00;36:*.midi=00;36:*.mka=00;36:*.mp3=00;36:*.mpc=00;36:*.ogg=00;36:*.ra=00;36:*.wav=00;36:*.oga=00;36:*.opus=00;36:*.spx=00;36:*.xspf=00;36:'), ('SSH_AGENT_LAUNCHER', 'gnome-keyring'), ('SSH_AUTH_SOCK', '/run/user/1000/keyring/ssh'), ('ROS_DOMAIN_ID', '67'), ('AMENT_PREFIX_PATH', '/opt/ros/humble'), ('SHELL', '/bin/bash'), ('TERMINATOR_UUID', 'urn:uuid:d79e4617-827a-4722-bc17-e9d99e6a3cd6'), ('QT_ACCESSIBILITY', '1'), ('GDMSESSION', 'ubuntu'), ('LESSCLOSE', '/usr/bin/lesspipe %s %s'), ('GPG_AGENT_INFO', '/run/user/1000/gnupg/S.gpg-agent:0:1'), ('QT_IM_MODULE', 'ibus'), ('PWD', '/home/vivaan/Documents/star_project_submissions/Week_0/ros2_ws/build/tuos_simulations'), ('TURTLEBOT3_MODEL', 'waffle'), ('XDG_CONFIG_DIRS', '/etc/xdg/xdg-ubuntu:/etc/xdg'), ('XDG_DATA_DIRS', '/usr/share/ubuntu:/usr/share/gnome:/usr/local/share/:/usr/share/:/var/lib/snapd/desktop'), ('PYTHONPATH', '/opt/ros/humble/lib/python3.10/site-packages:/opt/ros/humble/local/lib/python3.10/dist-packages'), ('COLCON', '1'), ('VTE_VERSION', '6800'), ('CMAKE_PREFIX_PATH', '/opt/ros/humble')]), 'shell': False}
[0.014229] (tuos_examples) JobProgress: {'identifier': 'tuos_examples', 'progress': 'cmake'}
[0.014428] (tuos_examples) Command: {'cmd': ['/usr/bin/cmake', '/home/vivaan/Documents/star_project_submissions/Week_0/ros2_ws/src/tuos_ros/tuos_examples', '-DCMAKE_INSTALL_PREFIX=/home/vivaan/Documents/star_project_submissions/Week_0/ros2_ws/install/tuos_examples'], 'cwd': '/home/vivaan/Documents/star_project_submissions/Week_0/ros2_ws/build/tuos_examples', 'env': OrderedDict([('LESSOPEN', '| /usr/bin/lesspipe %s'), ('LANGUAGE', 'en_IN:en'), ('USER', 'vivaan'), ('XDG_SESSION_TYPE', 'x11'), ('SHLVL', '1'), ('LD_LIBRARY_PATH', '/usr/lib/x86_64-linux-gnu/gazebo-11/plugins:/opt/ros/humble/opt/rviz_ogre_vendor/lib:/opt/ros/humble/lib/x86_64-linux-gnu:/opt/ros/humble/lib'), ('HOME', '/home/vivaan'), ('OLDPWD', '/home/vivaan/Documents/star_project_submissions'), ('DESKTOP_SESSION', 'ubuntu'), ('ROS_PYTHON_VERSION', '3'), ('GNOME_SHELL_SESSION_MODE', 'ubuntu'), ('GTK_MODULES', 'gail:atk-bridge'), ('MANAGERPID', '1945'), ('SYSTEMD_EXEC_PID', '2342'), ('DBUS_SESSION_BUS_ADDRESS', 'unix:path=/run/user/1000/bus'), ('COLORTERM', 'truecolor'), ('TERMINATOR_DBUS_NAME', 'net.tenshu.Terminator23558193cd9818af7fe4d2c2f5bd9d00f'), ('GIO_LAUNCHED_DESKTOP_FILE_PID', '75211'), ('ROS_DISTRO', 'humble'), ('GTK_IM_MODULE', 'ibus'), ('LOGNAME', 'vivaan'), ('JOURNAL_STREAM', '8:22727'), ('_', '/usr/bin/colcon'), ('ROS_VERSION', '2'), ('XDG_SESSION_CLASS', 'user'), ('USERNAME', 'vivaan'), ('TERM', 'xterm-256color'), ('GNOME_DESKTOP_SESSION_ID', 'this-is-deprecated'), ('ROS_LOCALHOST_ONLY', '0'), ('WINDOWPATH', '2'), ('PATH', '/opt/ros/humble/bin:/home/vivaan/.local/bin:/usr/local/sbin:/usr/local/bin:/usr/sbin:/usr/bin:/sbin:/bin:/usr/games:/usr/local/games:/snap/bin:/snap/bin'), ('SESSION_MANAGER', 'local/vivaan-LOQ-15IAX9:@/tmp/.ICE-unix/2179,unix/vivaan-LOQ-15IAX9:/tmp/.ICE-unix/2179'), ('INVOCATION_ID', '868d2e86c1f54228bef16a0b255f95e8'), ('XDG_MENU_PREFIX', 'gnome-'), ('XDG_RUNTIME_DIR', '/run/user/1000'), ('DISPLAY', ':1'), ('TERMINATOR_DBUS_PATH', '/net/tenshu/Terminator2'), ('LANG', 'en_IN'), ('XDG_CURRENT_DESKTOP', 'ubuntu:GNOME'), ('IBUS_DISABLE_SNOOPER', '1'), ('XMODIFIERS', '@im=ibus'), ('XDG_SESSION_DESKTOP', 'ubuntu'), ('XAUTHORITY', '/run/user/1000/gdm/Xauthority'), ('LS_COLORS', 'rs=0:di=01;34:ln=01;36:mh=00:pi=40;33:so=01;35:do=01;35:bd=40;33;01:cd=40;33;01:or=40;31;01:mi=00:su=37;41:sg=30;43:ca=30;41:tw=30;42:ow=34;42:st=37;44:ex=01;32:*.tar=01;31:*.tgz=01;31:*.arc=01;31:*.arj=01;31:*.taz=01;31:*.lha=01;31:*.lz4=01;31:*.lzh=01;31:*.lzma=01;31:*.tlz=01;31:*.txz=01;31:*.tzo=01;31:*.t7z=01;31:*.zip=01;31:*.z=01;31:*.dz=01;31:*.gz=01;31:*.lrz=01;31:*.lz=01;31:*.lzo=01;31:*.xz=01;31:*.zst=01;31:*.tzst=01;31:*.bz2=01;31:*.bz=01;31:*.tbz=01;31:*.tbz2=01;31:*.tz=01;31:*.deb=01;31:*.rpm=01;31:*.jar=01;31:*.war=01;31:*.ear=01;31:*.sar=01;31:*.rar=01;31:*.alz=01;31:*.ace=01;31:*.zoo=01;31:*.cpio=01;31:*.7z=01;31:*.rz=01;31:*.cab=01;31:*.wim=01;31:*.swm=01;31:*.dwm=01;31:*.esd=01;31:*.jpg=01;35:*.jpeg=01;35:*.mjpg=01;35:*.mjpeg=01;35:*.gif=01;35:*.bmp=01;35:*.pbm=01;35:*.pgm=01;35:*.ppm=01;35:*.tga=01;35:*.xbm=01;35:*.xpm=01;35:*.tif=01;35:*.tiff=01;35:*.png=01;35:*.svg=01;35:*.svgz=01;35:*.mng=01;35:*.pcx=01;35:*.mov=01;35:*.mpg=01;35:*.mpeg=01;35:*.m2v=01;35:*.mkv=01;35:*.webm=01;35:*.webp=01;35:*.ogm=01;35:*.mp4=01;35:*.m4v=01;35:*.mp4v=01;35:*.vob=01;35:*.qt=01;35:*.nuv=01;35:*.wmv=01;35:*.asf=01;35:*.rm=01;35:*.rmvb=01;35:*.flc=01;35:*.avi=01;35:*.fli=01;35:*.flv=01;35:*.gl=01;35:*.dl=01;35:*.xcf=01;35:*.xwd=01;35:*.yuv=01;35:*.cgm=01;35:*.emf=01;35:*.ogv=01;35:*.ogx=01;35:*.aac=00;36:*.au=00;36:*.flac=00;36:*.m4a=00;36:*.mid=00;36:*.midi=00;36:*.mka=00;36:*.mp3=00;36:*.mpc=00;36:*.ogg=00;36:*.ra=00;36:*.wav=00;36:*.oga=00;36:*.opus=00;36:*.spx=00;36:*.xspf=00;36:'), ('SSH_AGENT_LAUNCHER', 'gnome-keyring'), ('SSH_AUTH_SOCK', '/run/user/1000/keyring/ssh'), ('ROS_DOMAIN_ID', '67'), ('AMENT_PREFIX_PATH', '/opt/ros/humble'), ('SHELL', '/bin/bash'), ('TERMINATOR_UUID', 'urn:uuid:d79e4617-827a-4722-bc17-e9d99e6a3cd6'), ('QT_ACCESSIBILITY', '1'), ('GDMSESSION', 'ubuntu'), ('LESSCLOSE', '/usr/bin/lesspipe %s %s'), ('GPG_AGENT_INFO', '/run/user/1000/gnupg/S.gpg-agent:0:1'), ('QT_IM_MODULE', 'ibus'), ('PWD', '/home/vivaan/Documents/star_project_submissions/Week_0/ros2_ws/build/tuos_examples'), ('TURTLEBOT3_MODEL', 'waffle'), ('XDG_CONFIG_DIRS', '/etc/xdg/xdg-ubuntu:/etc/xdg'), ('XDG_DATA_DIRS', '/usr/share/ubuntu:/usr/share/gnome:/usr/local/share/:/usr/share/:/var/lib/snapd/desktop'), ('PYTHONPATH', '/opt/ros/humble/lib/python3.10/site-packages:/opt/ros/humble/local/lib/python3.10/dist-packages'), ('COLCON', '1'), ('VTE_VERSION', '6800'), ('CMAKE_PREFIX_PATH', '/opt/ros/humble')]), 'shell': False}
[0.015466] (tuos_interfaces) JobProgress: {'identifier': 'tuos_interfaces', 'progress': 'cmake'}
[0.015657] (tuos_interfaces) Command: {'cmd': ['/usr/bin/cmake', '/home/vivaan/Documents/star_project_submissions/Week_0/ros2_ws/src/tuos_ros/tuos_interfaces', '-DCMAKE_INSTALL_PREFIX=/home/vivaan/Documents/star_project_submissions/Week_0/ros2_ws/install/tuos_interfaces'], 'cwd': '/home/vivaan/Documents/star_project_submissions/Week_0/ros2_ws/build/tuos_interfaces', 'env': OrderedDict([('LESSOPEN', '| /usr/bin/lesspipe %s'), ('LANGUAGE', 'en_IN:en'), ('USER', 'vivaan'), ('XDG_SESSION_TYPE', 'x11'), ('SHLVL', '1'), ('LD_LIBRARY_PATH', '/usr/lib/x86_64-linux-gnu/gazebo-11/plugins:/opt/ros/humble/opt/rviz_ogre_vendor/lib:/opt/ros/humble/lib/x86_64-linux-gnu:/opt/ros/humble/lib'), ('HOME', '/home/vivaan'), ('OLDPWD', '/home/vivaan/Documents/star_project_submissions'), ('DESKTOP_SESSION', 'ubuntu'), ('ROS_PYTHON_VERSION', '3'), ('GNOME_SHELL_SESSION_MODE', 'ubuntu'), ('GTK_MODULES', 'gail:atk-bridge'), ('MANAGERPID', '1945'), ('SYSTEMD_EXEC_PID', '2342'), ('DBUS_SESSION_BUS_ADDRESS', 'unix:path=/run/user/1000/bus'), ('COLORTERM', 'truecolor'), ('TERMINATOR_DBUS_NAME', 'net.tenshu.Terminator23558193cd9818af7fe4d2c2f5bd9d00f'), ('GIO_LAUNCHED_DESKTOP_FILE_PID', '75211'), ('ROS_DISTRO', 'humble'), ('GTK_IM_MODULE', 'ibus'), ('LOGNAME', 'vivaan'), ('JOURNAL_STREAM', '8:22727'), ('_', '/usr/bin/colcon'), ('ROS_VERSION', '2'), ('XDG_SESSION_CLASS', 'user'), ('USERNAME', 'vivaan'), ('TERM', 'xterm-256color'), ('GNOME_DESKTOP_SESSION_ID', 'this-is-deprecated'), ('ROS_LOCALHOST_ONLY', '0'), ('WINDOWPATH', '2'), ('PATH', '/opt/ros/humble/bin:/home/vivaan/.local/bin:/usr/local/sbin:/usr/local/bin:/usr/sbin:/usr/bin:/sbin:/bin:/usr/games:/usr/local/games:/snap/bin:/snap/bin'), ('SESSION_MANAGER', 'local/vivaan-LOQ-15IAX9:@/tmp/.ICE-unix/2179,unix/vivaan-LOQ-15IAX9:/tmp/.ICE-unix/2179'), ('INVOCATION_ID', '868d2e86c1f54228bef16a0b255f95e8'), ('XDG_MENU_PREFIX', 'gnome-'), ('XDG_RUNTIME_DIR', '/run/user/1000'), ('DISPLAY', ':1'), ('TERMINATOR_DBUS_PATH', '/net/tenshu/Terminator2'), ('LANG', 'en_IN'), ('XDG_CURRENT_DESKTOP', 'ubuntu:GNOME'), ('IBUS_DISABLE_SNOOPER', '1'), ('XMODIFIERS', '@im=ibus'), ('XDG_SESSION_DESKTOP', 'ubuntu'), ('XAUTHORITY', '/run/user/1000/gdm/Xauthority'), ('LS_COLORS', 'rs=0:di=01;34:ln=01;36:mh=00:pi=40;33:so=01;35:do=01;35:bd=40;33;01:cd=40;33;01:or=40;31;01:mi=00:su=37;41:sg=30;43:ca=30;41:tw=30;42:ow=34;42:st=37;44:ex=01;32:*.tar=01;31:*.tgz=01;31:*.arc=01;31:*.arj=01;31:*.taz=01;31:*.lha=01;31:*.lz4=01;31:*.lzh=01;31:*.lzma=01;31:*.tlz=01;31:*.txz=01;31:*.tzo=01;31:*.t7z=01;31:*.zip=01;31:*.z=01;31:*.dz=01;31:*.gz=01;31:*.lrz=01;31:*.lz=01;31:*.lzo=01;31:*.xz=01;31:*.zst=01;31:*.tzst=01;31:*.bz2=01;31:*.bz=01;31:*.tbz=01;31:*.tbz2=01;31:*.tz=01;31:*.deb=01;31:*.rpm=01;31:*.jar=01;31:*.war=01;31:*.ear=01;31:*.sar=01;31:*.rar=01;31:*.alz=01;31:*.ace=01;31:*.zoo=01;31:*.cpio=01;31:*.7z=01;31:*.rz=01;31:*.cab=01;31:*.wim=01;31:*.swm=01;31:*.dwm=01;31:*.esd=01;31:*.jpg=01;35:*.jpeg=01;35:*.mjpg=01;35:*.mjpeg=01;35:*.gif=01;35:*.bmp=01;35:*.pbm=01;35:*.pgm=01;35:*.ppm=01;35:*.tga=01;35:*.xbm=01;35:*.xpm=01;35:*.tif=01;35:*.tiff=01;35:*.png=01;35:*.svg=01;35:*.svgz=01;35:*.mng=01;35:*.pcx=01;35:*.mov=01;35:*.mpg=01;35:*.mpeg=01;35:*.m2v=01;35:*.mkv=01;35:*.webm=01;35:*.webp=01;35:*.ogm=01;35:*.mp4=01;35:*.m4v=01;35:*.mp4v=01;35:*.vob=01;35:*.qt=01;35:*.nuv=01;35:*.wmv=01;35:*.asf=01;35:*.rm=01;35:*.rmvb=01;35:*.flc=01;35:*.avi=01;35:*.fli=01;35:*.flv=01;35:*.gl=01;35:*.dl=01;35:*.xcf=01;35:*.xwd=01;35:*.yuv=01;35:*.cgm=01;35:*.emf=01;35:*.ogv=01;35:*.ogx=01;35:*.aac=00;36:*.au=00;36:*.flac=00;36:*.m4a=00;36:*.mid=00;36:*.midi=00;36:*.mka=00;36:*.mp3=00;36:*.mpc=00;36:*.ogg=00;36:*.ra=00;36:*.wav=00;36:*.oga=00;36:*.opus=00;36:*.spx=00;36:*.xspf=00;36:'), ('SSH_AGENT_LAUNCHER', 'gnome-keyring'), ('SSH_AUTH_SOCK', '/run/user/1000/keyring/ssh'), ('ROS_DOMAIN_ID', '67'), ('AMENT_PREFIX_PATH', '/opt/ros/humble'), ('SHELL', '/bin/bash'), ('TERMINATOR_UUID', 'urn:uuid:d79e4617-827a-4722-bc17-e9d99e6a3cd6'), ('QT_ACCESSIBILITY', '1'), ('GDMSESSION', 'ubuntu'), ('LESSCLOSE', '/usr/bin/lesspipe %s %s'), ('GPG_AGENT_INFO', '/run/user/1000/gnupg/S.gpg-agent:0:1'), ('QT_IM_MODULE', 'ibus'), ('PWD', '/home/vivaan/Documents/star_project_submissions/Week_0/ros2_ws/build/tuos_interfaces'), ('TURTLEBOT3_MODEL', 'waffle'), ('XDG_CONFIG_DIRS', '/etc/xdg/xdg-ubuntu:/etc/xdg'), ('XDG_DATA_DIRS', '/usr/share/ubuntu:/usr/share/gnome:/usr/local/share/:/usr/share/:/var/lib/snapd/desktop'), ('PYTHONPATH', '/opt/ros/humble/lib/python3.10/site-packages:/opt/ros/humble/local/lib/python3.10/dist-packages'), ('COLCON', '1'), ('VTE_VERSION', '6800'), ('CMAKE_PREFIX_PATH', '/opt/ros/humble')]), 'shell': False}
[0.016572] (tuos_tb3_tools) JobProgress: {'identifier': 'tuos_tb3_tools', 'progress': 'cmake'}
[0.016793] (tuos_tb3_tools) Command: {'cmd': ['/usr/bin/cmake', '/home/vivaan/Documents/star_project_submissions/Week_0/ros2_ws/src/tuos_ros/tuos_tb3_tools', '-DCMAKE_INSTALL_PREFIX=/home/vivaan/Documents/star_project_submissions/Week_0/ros2_ws/install/tuos_tb3_tools'], 'cwd': '/home/vivaan/Documents/star_project_submissions/Week_0/ros2_ws/build/tuos_tb3_tools', 'env': OrderedDict([('LESSOPEN', '| /usr/bin/lesspipe %s'), ('LANGUAGE', 'en_IN:en'), ('USER', 'vivaan'), ('XDG_SESSION_TYPE', 'x11'), ('SHLVL', '1'), ('LD_LIBRARY_PATH', '/usr/lib/x86_64-linux-gnu/gazebo-11/plugins:/opt/ros/humble/opt/rviz_ogre_vendor/lib:/opt/ros/humble/lib/x86_64-linux-gnu:/opt/ros/humble/lib'), ('HOME', '/home/vivaan'), ('OLDPWD', '/home/vivaan/Documents/star_project_submissions'), ('DESKTOP_SESSION', 'ubuntu'), ('ROS_PYTHON_VERSION', '3'), ('GNOME_SHELL_SESSION_MODE', 'ubuntu'), ('GTK_MODULES', 'gail:atk-bridge'), ('MANAGERPID', '1945'), ('SYSTEMD_EXEC_PID', '2342'), ('DBUS_SESSION_BUS_ADDRESS', 'unix:path=/run/user/1000/bus'), ('COLORTERM', 'truecolor'), ('TERMINATOR_DBUS_NAME', 'net.tenshu.Terminator23558193cd9818af7fe4d2c2f5bd9d00f'), ('GIO_LAUNCHED_DESKTOP_FILE_PID', '75211'), ('ROS_DISTRO', 'humble'), ('GTK_IM_MODULE', 'ibus'), ('LOGNAME', 'vivaan'), ('JOURNAL_STREAM', '8:22727'), ('_', '/usr/bin/colcon'), ('ROS_VERSION', '2'), ('XDG_SESSION_CLASS', 'user'), ('USERNAME', 'vivaan'), ('TERM', 'xterm-256color'), ('GNOME_DESKTOP_SESSION_ID', 'this-is-deprecated'), ('ROS_LOCALHOST_ONLY', '0'), ('WINDOWPATH', '2'), ('PATH', '/opt/ros/humble/bin:/home/vivaan/.local/bin:/usr/local/sbin:/usr/local/bin:/usr/sbin:/usr/bin:/sbin:/bin:/usr/games:/usr/local/games:/snap/bin:/snap/bin'), ('SESSION_MANAGER', 'local/vivaan-LOQ-15IAX9:@/tmp/.ICE-unix/2179,unix/vivaan-LOQ-15IAX9:/tmp/.ICE-unix/2179'), ('INVOCATION_ID', '868d2e86c1f54228bef16a0b255f95e8'), ('XDG_MENU_PREFIX', 'gnome-'), ('XDG_RUNTIME_DIR', '/run/user/1000'), ('DISPLAY', ':1'), ('TERMINATOR_DBUS_PATH', '/net/tenshu/Terminator2'), ('LANG', 'en_IN'), ('XDG_CURRENT_DESKTOP', 'ubuntu:GNOME'), ('IBUS_DISABLE_SNOOPER', '1'), ('XMODIFIERS', '@im=ibus'), ('XDG_SESSION_DESKTOP', 'ubuntu'), ('XAUTHORITY', '/run/user/1000/gdm/Xauthority'), ('LS_COLORS', 'rs=0:di=01;34:ln=01;36:mh=00:pi=40;33:so=01;35:do=01;35:bd=40;33;01:cd=40;33;01:or=40;31;01:mi=00:su=37;41:sg=30;43:ca=30;41:tw=30;42:ow=34;42:st=37;44:ex=01;32:*.tar=01;31:*.tgz=01;31:*.arc=01;31:*.arj=01;31:*.taz=01;31:*.lha=01;31:*.lz4=01;31:*.lzh=01;31:*.lzma=01;31:*.tlz=01;31:*.txz=01;31:*.tzo=01;31:*.t7z=01;31:*.zip=01;31:*.z=01;31:*.dz=01;31:*.gz=01;31:*.lrz=01;31:*.lz=01;31:*.lzo=01;31:*.xz=01;31:*.zst=01;31:*.tzst=01;31:*.bz2=01;31:*.bz=01;31:*.tbz=01;31:*.tbz2=01;31:*.tz=01;31:*.deb=01;31:*.rpm=01;31:*.jar=01;31:*.war=01;31:*.ear=01;31:*.sar=01;31:*.rar=01;31:*.alz=01;31:*.ace=01;31:*.zoo=01;31:*.cpio=01;31:*.7z=01;31:*.rz=01;31:*.cab=01;31:*.wim=01;31:*.swm=01;31:*.dwm=01;31:*.esd=01;31:*.jpg=01;35:*.jpeg=01;35:*.mjpg=01;35:*.mjpeg=01;35:*.gif=01;35:*.bmp=01;35:*.pbm=01;35:*.pgm=01;35:*.ppm=01;35:*.tga=01;35:*.xbm=01;35:*.xpm=01;35:*.tif=01;35:*.tiff=01;35:*.png=01;35:*.svg=01;35:*.svgz=01;35:*.mng=01;35:*.pcx=01;35:*.mov=01;35:*.mpg=01;35:*.mpeg=01;35:*.m2v=01;35:*.mkv=01;35:*.webm=01;35:*.webp=01;35:*.ogm=01;35:*.mp4=01;35:*.m4v=01;35:*.mp4v=01;35:*.vob=01;35:*.qt=01;35:*.nuv=01;35:*.wmv=01;35:*.asf=01;35:*.rm=01;35:*.rmvb=01;35:*.flc=01;35:*.avi=01;35:*.fli=01;35:*.flv=01;35:*.gl=01;35:*.dl=01;35:*.xcf=01;35:*.xwd=01;35:*.yuv=01;35:*.cgm=01;35:*.emf=01;35:*.ogv=01;35:*.ogx=01;35:*.aac=00;36:*.au=00;36:*.flac=00;36:*.m4a=00;36:*.mid=00;36:*.midi=00;36:*.mka=00;36:*.mp3=00;36:*.mpc=00;36:*.ogg=00;36:*.ra=00;36:*.wav=00;36:*.oga=00;36:*.opus=00;36:*.spx=00;36:*.xspf=00;36:'), ('SSH_AGENT_LAUNCHER', 'gnome-keyring'), ('SSH_AUTH_SOCK', '/run/user/1000/keyring/ssh'), ('ROS_DOMAIN_ID', '67'), ('AMENT_PREFIX_PATH', '/opt/ros/humble'), ('SHELL', '/bin/bash'), ('TERMINATOR_UUID', 'urn:uuid:d79e4617-827a-4722-bc17-e9d99e6a3cd6'), ('QT_ACCESSIBILITY', '1'), ('GDMSESSION', 'ubuntu'), ('LESSCLOSE', '/usr/bin/lesspipe %s %s'), ('GPG_AGENT_INFO', '/run/user/1000/gnupg/S.gpg-agent:0:1'), ('QT_IM_MODULE', 'ibus'), ('PWD', '/home/vivaan/Documents/star_project_submissions/Week_0/ros2_ws/build/tuos_tb3_tools'), ('TURTLEBOT3_MODEL', 'waffle'), ('XDG_CONFIG_DIRS', '/etc/xdg/xdg-ubuntu:/etc/xdg'), ('XDG_DATA_DIRS', '/usr/share/ubuntu:/usr/share/gnome:/usr/local/share/:/usr/share/:/var/lib/snapd/desktop'), ('PYTHONPATH', '/opt/ros/humble/lib/python3.10/site-packages:/opt/ros/humble/local/lib/python3.10/dist-packages'), ('COLCON', '1'), ('VTE_VERSION', '6800'), ('CMAKE_PREFIX_PATH', '/opt/ros/humble')]), 'shell': False}
[0.020337] (part1_pubsub) JobProgress: {'identifier': 'part1_pubsub', 'progress': 'cmake'}
[0.021029] (part1_pubsub) Command: {'cmd': ['/usr/bin/cmake', '/home/vivaan/Documents/star_project_submissions/Week_0/ros2_ws/src/part1_pubsub', '-DCMAKE_INSTALL_PREFIX=/home/vivaan/Documents/star_project_submissions/Week_0/ros2_ws/install/part1_pubsub'], 'cwd': '/home/vivaan/Documents/star_project_submissions/Week_0/ros2_ws/build/part1_pubsub', 'env': OrderedDict([('LESSOPEN', '| /usr/bin/lesspipe %s'), ('LANGUAGE', 'en_IN:en'), ('USER', 'vivaan'), ('XDG_SESSION_TYPE', 'x11'), ('SHLVL', '1'), ('LD_LIBRARY_PATH', '/usr/lib/x86_64-linux-gnu/gazebo-11/plugins:/opt/ros/humble/opt/rviz_ogre_vendor/lib:/opt/ros/humble/lib/x86_64-linux-gnu:/opt/ros/humble/lib'), ('HOME', '/home/vivaan'), ('OLDPWD', '/home/vivaan/Documents/star_project_submissions'), ('DESKTOP_SESSION', 'ubuntu'), ('ROS_PYTHON_VERSION', '3'), ('GNOME_SHELL_SESSION_MODE', 'ubuntu'), ('GTK_MODULES', 'gail:atk-bridge'), ('MANAGERPID', '1945'), ('SYSTEMD_EXEC_PID', '2342'), ('DBUS_SESSION_BUS_ADDRESS', 'unix:path=/run/user/1000/bus'), ('COLORTERM', 'truecolor'), ('TERMINATOR_DBUS_NAME', 'net.tenshu.Terminator23558193cd9818af7fe4d2c2f5bd9d00f'), ('GIO_LAUNCHED_DESKTOP_FILE_PID', '75211'), ('ROS_DISTRO', 'humble'), ('GTK_IM_MODULE', 'ibus'), ('LOGNAME', 'vivaan'), ('JOURNAL_STREAM', '8:22727'), ('_', '/usr/bin/colcon'), ('ROS_VERSION', '2'), ('XDG_SESSION_CLASS', 'user'), ('USERNAME', 'vivaan'), ('TERM', 'xterm-256color'), ('GNOME_DESKTOP_SESSION_ID', 'this-is-deprecated'), ('ROS_LOCALHOST_ONLY', '0'), ('WINDOWPATH', '2'), ('PATH', '/opt/ros/humble/bin:/home/vivaan/.local/bin:/usr/local/sbin:/usr/local/bin:/usr/sbin:/usr/bin:/sbin:/bin:/usr/games:/usr/local/games:/snap/bin:/snap/bin'), ('SESSION_MANAGER', 'local/vivaan-LOQ-15IAX9:@/tmp/.ICE-unix/2179,unix/vivaan-LOQ-15IAX9:/tmp/.ICE-unix/2179'), ('INVOCATION_ID', '868d2e86c1f54228bef16a0b255f95e8'), ('XDG_MENU_PREFIX', 'gnome-'), ('XDG_RUNTIME_DIR', '/run/user/1000'), ('DISPLAY', ':1'), ('TERMINATOR_DBUS_PATH', '/net/tenshu/Terminator2'), ('LANG', 'en_IN'), ('XDG_CURRENT_DESKTOP', 'ubuntu:GNOME'), ('IBUS_DISABLE_SNOOPER', '1'), ('XMODIFIERS', '@im=ibus'), ('XDG_SESSION_DESKTOP', 'ubuntu'), ('XAUTHORITY', '/run/user/1000/gdm/Xauthority'), ('LS_COLORS', 'rs=0:di=01;34:ln=01;36:mh=00:pi=40;33:so=01;35:do=01;35:bd=40;33;01:cd=40;33;01:or=40;31;01:mi=00:su=37;41:sg=30;43:ca=30;41:tw=30;42:ow=34;42:st=37;44:ex=01;32:*.tar=01;31:*.tgz=01;31:*.arc=01;31:*.arj=01;31:*.taz=01;31:*.lha=01;31:*.lz4=01;31:*.lzh=01;31:*.lzma=01;31:*.tlz=01;31:*.txz=01;31:*.tzo=01;31:*.t7z=01;31:*.zip=01;31:*.z=01;31:*.dz=01;31:*.gz=01;31:*.lrz=01;31:*.lz=01;31:*.lzo=01;31:*.xz=01;31:*.zst=01;31:*.tzst=01;31:*.bz2=01;31:*.bz=01;31:*.tbz=01;31:*.tbz2=01;31:*.tz=01;31:*.deb=01;31:*.rpm=01;31:*.jar=01;31:*.war=01;31:*.ear=01;31:*.sar=01;31:*.rar=01;31:*.alz=01;31:*.ace=01;31:*.zoo=01;31:*.cpio=01;31:*.7z=01;31:*.rz=01;31:*.cab=01;31:*.wim=01;31:*.swm=01;31:*.dwm=01;31:*.esd=01;31:*.jpg=01;35:*.jpeg=01;35:*.mjpg=01;35:*.mjpeg=01;35:*.gif=01;35:*.bmp=01;35:*.pbm=01;35:*.pgm=01;35:*.ppm=01;35:*.tga=01;35:*.xbm=01;35:*.xpm=01;35:*.tif=01;35:*.tiff=01;35:*.png=01;35:*.svg=01;35:*.svgz=01;35:*.mng=01;35:*.pcx=01;35:*.mov=01;35:*.mpg=01;35:*.mpeg=01;35:*.m2v=01;35:*.mkv=01;35:*.webm=01;35:*.webp=01;35:*.ogm=01;35:*.mp4=01;35:*.m4v=01;35:*.mp4v=01;35:*.vob=01;35:*.qt=01;35:*.nuv=01;35:*.wmv=01;35:*.asf=01;35:*.rm=01;35:*.rmvb=01;35:*.flc=01;35:*.avi=01;35:*.fli=01;35:*.flv=01;35:*.gl=01;35:*.dl=01;35:*.xcf=01;35:*.xwd=01;35:*.yuv=01;35:*.cgm=01;35:*.emf=01;35:*.ogv=01;35:*.ogx=01;35:*.aac=00;36:*.au=00;36:*.flac=00;36:*.m4a=00;36:*.mid=00;36:*.midi=00;36:*.mka=00;36:*.mp3=00;36:*.mpc=00;36:*.ogg=00;36:*.ra=00;36:*.wav=00;36:*.oga=00;36:*.opus=00;36:*.spx=00;36:*.xspf=00;36:'), ('SSH_AGENT_LAUNCHER', 'gnome-keyring'), ('SSH_AUTH_SOCK', '/run/user/1000/keyring/ssh'), ('ROS_DOMAIN_ID', '67'), ('AMENT_PREFIX_PATH', '/opt/ros/humble'), ('SHELL', '/bin/bash'), ('TERMINATOR_UUID', 'urn:uuid:d79e4617-827a-4722-bc17-e9d99e6a3cd6'), ('QT_ACCESSIBILITY', '1'), ('GDMSESSION', 'ubuntu'), ('LESSCLOSE', '/usr/bin/lesspipe %s %s'), ('GPG_AGENT_INFO', '/run/user/1000/gnupg/S.gpg-agent:0:1'), ('QT_IM_MODULE', 'ibus'), ('PWD', '/home/vivaan/Documents/star_project_submissions/Week_0/ros2_ws/build/part1_pubsub'), ('TURTLEBOT3_MODEL', 'waffle'), ('XDG_CONFIG_DIRS', '/etc/xdg/xdg-ubuntu:/etc/xdg'), ('XDG_DATA_DIRS', '/usr/share/ubuntu:/usr/share/gnome:/usr/local/share/:/usr/share/:/var/lib/snapd/desktop'), ('PYTHONPATH', '/opt/ros/humble/lib/python3.10/site-packages:/opt/ros/humble/local/lib/python3.10/dist-packages'), ('COLCON', '1'), ('VTE_VERSION', '6800'), ('CMAKE_PREFIX_PATH', '/opt/ros/humble')]), 'shell': False}
[0.053795] (tuos_interfaces) StdoutLine: {'line': b'-- The C compiler identification is GNU 11.4.0\n'}
[0.055054] (tuos_simulations) StdoutLine: {'line': b'-- The C compiler identification is GNU 11.4.0\n'}
[0.060148] (tuos_examples) StdoutLine: {'line': b'-- The C compiler identification is GNU 11.4.0\n'}
[0.062726] (tuos_tb3_tools) StdoutLine: {'line': b'-- The C compiler identification is GNU 11.4.0\n'}
[0.064087] (part1_pubsub) StdoutLine: {'line': b'-- The C compiler identification is GNU 11.4.0\n'}
[0.098535] (tuos_simulations) StdoutLine: {'line': b'-- The CXX compiler identification is GNU 11.4.0\n'}
[0.098768] (tuos_interfaces) StdoutLine: {'line': b'-- The CXX compiler identification is GNU 11.4.0\n'}
[0.099404] (-) TimerEvent: {}
[0.101001] (tuos_examples) StdoutLine: {'line': b'-- The CXX compiler identification is GNU 11.4.0\n'}
[0.102942] (part1_pubsub) StdoutLine: {'line': b'-- The CXX compiler identification is GNU 11.4.0\n'}
[0.104123] (tuos_simulations) StdoutLine: {'line': b'-- Detecting C compiler ABI info\n'}
[0.104669] (tuos_interfaces) StdoutLine: {'line': b'-- Detecting C compiler ABI info\n'}
[0.108185] (part1_pubsub) StdoutLine: {'line': b'-- Detecting C compiler ABI info\n'}
[0.108667] (tuos_examples) StdoutLine: {'line': b'-- Detecting C compiler ABI info\n'}
[0.108788] (tuos_tb3_tools) StdoutLine: {'line': b'-- The CXX compiler identification is GNU 11.4.0\n'}
[0.113849] (tuos_tb3_tools) StdoutLine: {'line': b'-- Detecting C compiler ABI info\n'}
[0.153129] (tuos_interfaces) StdoutLine: {'line': b'-- Detecting C compiler ABI info - done\n'}
[0.157154] (tuos_examples) StdoutLine: {'line': b'-- Detecting C compiler ABI info - done\n'}
[0.158059] (part1_pubsub) StdoutLine: {'line': b'-- Detecting C compiler ABI info - done\n'}
[0.158434] (tuos_interfaces) StdoutLine: {'line': b'-- Check for working C compiler: /usr/bin/cc - skipped\n'}
[0.158649] (tuos_interfaces) StdoutLine: {'line': b'-- Detecting C compile features\n'}
[0.158957] (tuos_interfaces) StdoutLine: {'line': b'-- Detecting C compile features - done\n'}
[0.160798] (tuos_simulations) StdoutLine: {'line': b'-- Detecting C compiler ABI info - done\n'}
[0.161063] (tuos_interfaces) StdoutLine: {'line': b'-- Detecting CXX compiler ABI info\n'}
[0.162716] (tuos_examples) StdoutLine: {'line': b'-- Check for working C compiler: /usr/bin/cc - skipped\n'}
[0.162844] (tuos_examples) StdoutLine: {'line': b'-- Detecting C compile features\n'}
[0.162998] (tuos_examples) StdoutLine: {'line': b'-- Detecting C compile features - done\n'}
[0.165747] (tuos_examples) StdoutLine: {'line': b'-- Detecting CXX compiler ABI info\n'}
[0.166703] (part1_pubsub) StdoutLine: {'line': b'-- Check for working C compiler: /usr/bin/cc - skipped\n'}
[0.166836] (tuos_simulations) StdoutLine: {'line': b'-- Check for working C compiler: /usr/bin/cc - skipped\n'}
[0.166944] (part1_pubsub) StdoutLine: {'line': b'-- Detecting C compile features\n'}
[0.167017] (tuos_simulations) StdoutLine: {'line': b'-- Detecting C compile features\n'}
[0.167285] (tuos_simulations) StdoutLine: {'line': b'-- Detecting C compile features - done\n'}
[0.167393] (part1_pubsub) StdoutLine: {'line': b'-- Detecting C compile features - done\n'}
[0.169681] (tuos_simulations) StdoutLine: {'line': b'-- Detecting CXX compiler ABI info\n'}
[0.170539] (part1_pubsub) StdoutLine: {'line': b'-- Detecting CXX compiler ABI info\n'}
[0.174626] (tuos_tb3_tools) StdoutLine: {'line': b'-- Detecting C compiler ABI info - done\n'}
[0.183023] (tuos_tb3_tools) StdoutLine: {'line': b'-- Check for working C compiler: /usr/bin/cc - skipped\n'}
[0.183223] (tuos_tb3_tools) StdoutLine: {'line': b'-- Detecting C compile features\n'}
[0.183646] (tuos_tb3_tools) StdoutLine: {'line': b'-- Detecting C compile features - done\n'}
[0.186829] (tuos_tb3_tools) StdoutLine: {'line': b'-- Detecting CXX compiler ABI info\n'}
[0.199503] (-) TimerEvent: {}
[0.224317] (tuos_examples) StdoutLine: {'line': b'-- Detecting CXX compiler ABI info - done\n'}
[0.229663] (tuos_examples) StdoutLine: {'line': b'-- Check for working CXX compiler: /usr/bin/c++ - skipped\n'}
[0.229951] (tuos_examples) StdoutLine: {'line': b'-- Detecting CXX compile features\n'}
[0.230531] (tuos_examples) StdoutLine: {'line': b'-- Detecting CXX compile features - done\n'}
[0.231259] (tuos_interfaces) StdoutLine: {'line': b'-- Detecting CXX compiler ABI info - done\n'}
[0.232408] (tuos_simulations) StdoutLine: {'line': b'-- Detecting CXX compiler ABI info - done\n'}
[0.232755] (tuos_examples) StdoutLine: {'line': b'-- Found ament_cmake: 1.3.14 (/opt/ros/humble/share/ament_cmake/cmake)\n'}
[0.232855] (part1_pubsub) StdoutLine: {'line': b'-- Detecting CXX compiler ABI info - done\n'}
[0.238019] (tuos_simulations) StdoutLine: {'line': b'-- Check for working CXX compiler: /usr/bin/c++ - skipped\n'}
[0.238172] (part1_pubsub) StdoutLine: {'line': b'-- Check for working CXX compiler: /usr/bin/c++ - skipped\n'}
[0.238267] (part1_pubsub) StdoutLine: {'line': b'-- Detecting CXX compile features\n'}
[0.238322] (tuos_simulations) StdoutLine: {'line': b'-- Detecting CXX compile features\n'}
[0.238540] (tuos_simulations) StdoutLine: {'line': b'-- Detecting CXX compile features - done\n'}
[0.238645] (part1_pubsub) StdoutLine: {'line': b'-- Detecting CXX compile features - done\n'}
[0.239840] (tuos_interfaces) StdoutLine: {'line': b'-- Check for working CXX compiler: /usr/bin/c++ - skipped\n'}
[0.239990] (tuos_simulations) StdoutLine: {'line': b'-- Found ament_cmake: 1.3.14 (/opt/ros/humble/share/ament_cmake/cmake)\n'}
[0.240048] (part1_pubsub) StdoutLine: {'line': b'-- Found ament_cmake: 1.3.14 (/opt/ros/humble/share/ament_cmake/cmake)\n'}
[0.240152] (tuos_interfaces) StdoutLine: {'line': b'-- Detecting CXX compile features\n'}
[0.240714] (tuos_interfaces) StdoutLine: {'line': b'-- Detecting CXX compile features - done\n'}
[0.242962] (tuos_interfaces) StdoutLine: {'line': b'-- Found ament_cmake: 1.3.14 (/opt/ros/humble/share/ament_cmake/cmake)\n'}
[0.250816] (tuos_tb3_tools) StdoutLine: {'line': b'-- Detecting CXX compiler ABI info - done\n'}
[0.259455] (tuos_tb3_tools) StdoutLine: {'line': b'-- Check for working CXX compiler: /usr/bin/c++ - skipped\n'}
[0.259915] (tuos_tb3_tools) StdoutLine: {'line': b'-- Detecting CXX compile features\n'}
[0.260430] (tuos_tb3_tools) StdoutLine: {'line': b'-- Detecting CXX compile features - done\n'}
[0.262720] (tuos_tb3_tools) StdoutLine: {'line': b'-- Found ament_cmake: 1.3.14 (/opt/ros/humble/share/ament_cmake/cmake)\n'}
[0.299601] (-) TimerEvent: {}
[0.399867] (-) TimerEvent: {}
[0.500131] (-) TimerEvent: {}
[0.520819] (tuos_interfaces) StdoutLine: {'line': b'-- Found Python3: /usr/bin/python3 (found version "3.10.12") found components: Interpreter \n'}
[0.542078] (tuos_examples) StdoutLine: {'line': b'-- Found Python3: /usr/bin/python3 (found version "3.10.12") found components: Interpreter \n'}
[0.554106] (tuos_tb3_tools) StdoutLine: {'line': b'-- Found Python3: /usr/bin/python3 (found version "3.10.12") found components: Interpreter \n'}
[0.583076] (tuos_simulations) StdoutLine: {'line': b'-- Found Python3: /usr/bin/python3 (found version "3.10.12") found components: Interpreter \n'}
[0.593956] (tuos_interfaces) StdoutLine: {'line': b'-- Found ament_lint_auto: 0.12.15 (/opt/ros/humble/share/ament_lint_auto/cmake)\n'}
[0.600114] (part1_pubsub) StdoutLine: {'line': b'-- Found Python3: /usr/bin/python3 (found version "3.10.12") found components: Interpreter \n'}
[0.600270] (-) TimerEvent: {}
[0.615010] (tuos_examples) StdoutLine: {'line': b'-- Found rclcpp: 16.0.19 (/opt/ros/humble/share/rclcpp/cmake)\n'}
[0.618550] (tuos_tb3_tools) StdoutLine: {'line': b'-- Found rclcpp: 16.0.19 (/opt/ros/humble/share/rclcpp/cmake)\n'}
[0.645462] (tuos_tb3_tools) StdoutLine: {'line': b'-- Found rosidl_generator_c: 3.1.8 (/opt/ros/humble/share/rosidl_generator_c/cmake)\n'}
[0.648763] (tuos_tb3_tools) StdoutLine: {'line': b'-- Found rosidl_adapter: 3.1.8 (/opt/ros/humble/share/rosidl_adapter/cmake)\n'}
[0.649273] (tuos_interfaces) StdoutLine: {'line': b'-- Found geometry_msgs: 4.9.1 (/opt/ros/humble/share/geometry_msgs/cmake)\n'}
[0.653756] (tuos_tb3_tools) StdoutLine: {'line': b'-- Found rosidl_generator_cpp: 3.1.8 (/opt/ros/humble/share/rosidl_generator_cpp/cmake)\n'}
[0.657993] (tuos_examples) StdoutLine: {'line': b'-- Found rosidl_generator_c: 3.1.8 (/opt/ros/humble/share/rosidl_generator_c/cmake)\n'}
[0.660649] (tuos_simulations) StdoutLine: {'line': b'-- Found gazebo_ros_pkgs: 3.9.0 (/opt/ros/humble/share/gazebo_ros_pkgs/cmake)\n'}
[0.661207] (tuos_tb3_tools) StdoutLine: {'line': b'-- Using all available rosidl_typesupport_c: rosidl_typesupport_fastrtps_c;rosidl_typesupport_introspection_c\n'}
[0.661411] (tuos_simulations) StdoutLine: {'line': b'-- Found turtlebot3_gazebo: 2.3.8 (/opt/ros/humble/share/turtlebot3_gazebo/cmake)\n'}
[0.662771] (tuos_examples) StdoutLine: {'line': b'-- Found rosidl_adapter: 3.1.8 (/opt/ros/humble/share/rosidl_adapter/cmake)\n'}
[0.668535] (part1_pubsub) StdoutLine: {'line': b'-- Found rclcpp: 16.0.19 (/opt/ros/humble/share/rclcpp/cmake)\n'}
[0.671250] (tuos_tb3_tools) StdoutLine: {'line': b'-- Using all available rosidl_typesupport_cpp: rosidl_typesupport_fastrtps_cpp;rosidl_typesupport_introspection_cpp\n'}
[0.671418] (tuos_examples) StdoutLine: {'line': b'-- Found rosidl_generator_cpp: 3.1.8 (/opt/ros/humble/share/rosidl_generator_cpp/cmake)\n'}
[0.680002] (tuos_interfaces) StdoutLine: {'line': b'-- Found rosidl_generator_c: 3.1.8 (/opt/ros/humble/share/rosidl_generator_c/cmake)\n'}
[0.683864] (tuos_examples) StdoutLine: {'line': b'-- Using all available rosidl_typesupport_c: rosidl_typesupport_fastrtps_c;rosidl_typesupport_introspection_c\n'}
[0.684029] (tuos_interfaces) StdoutLine: {'line': b'-- Found rosidl_adapter: 3.1.8 (/opt/ros/humble/share/rosidl_adapter/cmake)\n'}
[0.685457] (tuos_simulations) StdoutLine: {'line': b'-- Found rosidl_generator_c: 3.1.8 (/opt/ros/humble/share/rosidl_generator_c/cmake)\n'}
[0.688339] (tuos_simulations) StdoutLine: {'line': b'-- Found rosidl_adapter: 3.1.8 (/opt/ros/humble/share/rosidl_adapter/cmake)\n'}
[0.691166] (tuos_interfaces) StdoutLine: {'line': b'-- Found rosidl_generator_cpp: 3.1.8 (/opt/ros/humble/share/rosidl_generator_cpp/cmake)\n'}
[0.693620] (tuos_simulations) StdoutLine: {'line': b'-- Found rosidl_generator_cpp: 3.1.8 (/opt/ros/humble/share/rosidl_generator_cpp/cmake)\n'}
[0.697806] (tuos_tb3_tools) StdoutLine: {'line': b'-- Found rmw_implementation_cmake: 6.1.2 (/opt/ros/humble/share/rmw_implementation_cmake/cmake)\n'}
[0.699307] (tuos_tb3_tools) StdoutLine: {'line': b'-- Found rmw_fastrtps_cpp: 6.2.10 (/opt/ros/humble/share/rmw_fastrtps_cpp/cmake)\n'}
[0.700314] (tuos_examples) StdoutLine: {'line': b'-- Using all available rosidl_typesupport_cpp: rosidl_typesupport_fastrtps_cpp;rosidl_typesupport_introspection_cpp\n'}
[0.700412] (-) TimerEvent: {}
[0.701336] (part1_pubsub) StdoutLine: {'line': b'-- Found rosidl_generator_c: 3.1.8 (/opt/ros/humble/share/rosidl_generator_c/cmake)\n'}
[0.701495] (tuos_simulations) StdoutLine: {'line': b'-- Using all available rosidl_typesupport_c: rosidl_typesupport_fastrtps_c;rosidl_typesupport_introspection_c\n'}
[0.701611] (tuos_interfaces) StdoutLine: {'line': b'-- Using all available rosidl_typesupport_c: rosidl_typesupport_fastrtps_c;rosidl_typesupport_introspection_c\n'}
[0.704124] (part1_pubsub) StdoutLine: {'line': b'-- Found rosidl_adapter: 3.1.8 (/opt/ros/humble/share/rosidl_adapter/cmake)\n'}
[0.709490] (part1_pubsub) StdoutLine: {'line': b'-- Found rosidl_generator_cpp: 3.1.8 (/opt/ros/humble/share/rosidl_generator_cpp/cmake)\n'}
[0.711831] (tuos_simulations) StdoutLine: {'line': b'-- Using all available rosidl_typesupport_cpp: rosidl_typesupport_fastrtps_cpp;rosidl_typesupport_introspection_cpp\n'}
[0.715654] (tuos_interfaces) StdoutLine: {'line': b'-- Using all available rosidl_typesupport_cpp: rosidl_typesupport_fastrtps_cpp;rosidl_typesupport_introspection_cpp\n'}
[0.716871] (part1_pubsub) StdoutLine: {'line': b'-- Using all available rosidl_typesupport_c: rosidl_typesupport_fastrtps_c;rosidl_typesupport_introspection_c\n'}
[0.726876] (part1_pubsub) StdoutLine: {'line': b'-- Using all available rosidl_typesupport_cpp: rosidl_typesupport_fastrtps_cpp;rosidl_typesupport_introspection_cpp\n'}
[0.746070] (tuos_examples) StdoutLine: {'line': b'-- Found rmw_implementation_cmake: 6.1.2 (/opt/ros/humble/share/rmw_implementation_cmake/cmake)\n'}
[0.748478] (tuos_examples) StdoutLine: {'line': b'-- Found rmw_fastrtps_cpp: 6.2.10 (/opt/ros/humble/share/rmw_fastrtps_cpp/cmake)\n'}
[0.751202] (tuos_interfaces) StdoutLine: {'line': b'-- Found rosidl_default_generators: 1.2.1 (/opt/ros/humble/share/rosidl_default_generators/cmake)\n'}
[0.754842] (part1_pubsub) StdoutLine: {'line': b'-- Found rmw_implementation_cmake: 6.1.2 (/opt/ros/humble/share/rmw_implementation_cmake/cmake)\n'}
[0.756311] (part1_pubsub) StdoutLine: {'line': b'-- Found rmw_fastrtps_cpp: 6.2.10 (/opt/ros/humble/share/rmw_fastrtps_cpp/cmake)\n'}
[0.764110] (tuos_tb3_tools) StdoutLine: {'line': b'-- Found OpenSSL: /usr/lib/x86_64-linux-gnu/libcrypto.so (found version "3.0.2")  \n'}
[0.774903] (tuos_simulations) StdoutLine: {'line': b'-- Found rmw_implementation_cmake: 6.1.2 (/opt/ros/humble/share/rmw_implementation_cmake/cmake)\n'}
[0.776585] (tuos_simulations) StdoutLine: {'line': b'-- Found rmw_fastrtps_cpp: 6.2.10 (/opt/ros/humble/share/rmw_fastrtps_cpp/cmake)\n'}
[0.788783] (tuos_tb3_tools) StdoutLine: {'line': b'-- Found FastRTPS: /opt/ros/humble/include  \n'}
[0.800523] (-) TimerEvent: {}
[0.819977] (part1_pubsub) StdoutLine: {'line': b'-- Found OpenSSL: /usr/lib/x86_64-linux-gnu/libcrypto.so (found version "3.0.2")  \n'}
[0.823737] (tuos_tb3_tools) StdoutLine: {'line': b"-- Using RMW implementation 'rmw_fastrtps_cpp' as default\n"}
[0.826972] (tuos_examples) StdoutLine: {'line': b'-- Found OpenSSL: /usr/lib/x86_64-linux-gnu/libcrypto.so (found version "3.0.2")  \n'}
[0.829187] (tuos_tb3_tools) StdoutLine: {'line': b'-- Looking for pthread.h\n'}
[0.838753] (tuos_simulations) StdoutLine: {'line': b'-- Found OpenSSL: /usr/lib/x86_64-linux-gnu/libcrypto.so (found version "3.0.2")  \n'}
[0.842751] (part1_pubsub) StdoutLine: {'line': b'-- Found FastRTPS: /opt/ros/humble/include  \n'}
[0.856906] (tuos_examples) StdoutLine: {'line': b'-- Found FastRTPS: /opt/ros/humble/include  \n'}
[0.858366] (tuos_simulations) StdoutLine: {'line': b'-- Found FastRTPS: /opt/ros/humble/include  \n'}
[0.871061] (part1_pubsub) StdoutLine: {'line': b"-- Using RMW implementation 'rmw_fastrtps_cpp' as default\n"}
[0.876371] (part1_pubsub) StdoutLine: {'line': b'-- Looking for pthread.h\n'}
[0.887347] (tuos_simulations) StdoutLine: {'line': b"-- Using RMW implementation 'rmw_fastrtps_cpp' as default\n"}
[0.890439] (tuos_tb3_tools) StdoutLine: {'line': b'-- Looking for pthread.h - found\n'}
[0.890683] (tuos_tb3_tools) StdoutLine: {'line': b'-- Performing Test CMAKE_HAVE_LIBC_PTHREAD\n'}
[0.892338] (tuos_simulations) StdoutLine: {'line': b'-- Looking for pthread.h\n'}
[0.892583] (tuos_examples) StdoutLine: {'line': b"-- Using RMW implementation 'rmw_fastrtps_cpp' as default\n"}
[0.898682] (tuos_examples) StdoutLine: {'line': b'-- Looking for pthread.h\n'}
[0.900590] (-) TimerEvent: {}
[0.934210] (part1_pubsub) StdoutLine: {'line': b'-- Looking for pthread.h - found\n'}
[0.934495] (part1_pubsub) StdoutLine: {'line': b'-- Performing Test CMAKE_HAVE_LIBC_PTHREAD\n'}
[0.942357] (tuos_simulations) StdoutLine: {'line': b'-- Looking for pthread.h - found\n'}
[0.942633] (tuos_tb3_tools) StdoutLine: {'line': b'-- Performing Test CMAKE_HAVE_LIBC_PTHREAD - Success\n'}
[0.942716] (tuos_simulations) StdoutLine: {'line': b'-- Performing Test CMAKE_HAVE_LIBC_PTHREAD\n'}
[0.943329] (tuos_tb3_tools) StdoutLine: {'line': b'-- Found Threads: TRUE  \n'}
[0.947651] (tuos_interfaces) StdoutLine: {'line': b'-- Found ament_cmake_ros: 0.10.0 (/opt/ros/humble/share/ament_cmake_ros/cmake)\n'}
[0.964600] (tuos_examples) StdoutLine: {'line': b'-- Looking for pthread.h - found\n'}
[0.964853] (tuos_examples) StdoutLine: {'line': b'-- Performing Test CMAKE_HAVE_LIBC_PTHREAD\n'}
[0.978571] (tuos_tb3_tools) StdoutLine: {'line': b'-- Found rclpy: 3.3.21 (/opt/ros/humble/share/rclpy/cmake)\n'}
[0.991539] (part1_pubsub) StdoutLine: {'line': b'-- Performing Test CMAKE_HAVE_LIBC_PTHREAD - Success\n'}
[0.992325] (part1_pubsub) StdoutLine: {'line': b'-- Found Threads: TRUE  \n'}
[1.000685] (-) TimerEvent: {}
[1.009519] (tuos_simulations) StdoutLine: {'line': b'-- Performing Test CMAKE_HAVE_LIBC_PTHREAD - Success\n'}
[1.010827] (tuos_simulations) StdoutLine: {'line': b'-- Found Threads: TRUE  \n'}
[1.024498] (tuos_tb3_tools) StdoutLine: {'line': b'-- Configuring done\n'}
[1.027060] (part1_pubsub) StdoutLine: {'line': b'-- Found rclpy: 3.3.21 (/opt/ros/humble/share/rclpy/cmake)\n'}
[1.030326] (tuos_tb3_tools) StdoutLine: {'line': b'-- Generating done\n'}
[1.032627] (tuos_tb3_tools) StdoutLine: {'line': b'-- Build files have been written to: /home/vivaan/Documents/star_project_submissions/Week_0/ros2_ws/build/tuos_tb3_tools\n'}
[1.035585] (tuos_examples) StdoutLine: {'line': b'-- Performing Test CMAKE_HAVE_LIBC_PTHREAD - Success\n'}
[1.036532] (tuos_examples) StdoutLine: {'line': b'-- Found Threads: TRUE  \n'}
[1.039856] (tuos_tb3_tools) CommandEnded: {'returncode': 0}
[1.040432] (tuos_tb3_tools) JobProgress: {'identifier': 'tuos_tb3_tools', 'progress': 'build'}
[1.041188] (tuos_tb3_tools) Command: {'cmd': ['/usr/bin/cmake', '--build', '/home/vivaan/Documents/star_project_submissions/Week_0/ros2_ws/build/tuos_tb3_tools', '--', '-j12', '-l12'], 'cwd': '/home/vivaan/Documents/star_project_submissions/Week_0/ros2_ws/build/tuos_tb3_tools', 'env': OrderedDict([('LESSOPEN', '| /usr/bin/lesspipe %s'), ('LANGUAGE', 'en_IN:en'), ('USER', 'vivaan'), ('XDG_SESSION_TYPE', 'x11'), ('SHLVL', '1'), ('LD_LIBRARY_PATH', '/usr/lib/x86_64-linux-gnu/gazebo-11/plugins:/opt/ros/humble/opt/rviz_ogre_vendor/lib:/opt/ros/humble/lib/x86_64-linux-gnu:/opt/ros/humble/lib'), ('HOME', '/home/vivaan'), ('OLDPWD', '/home/vivaan/Documents/star_project_submissions'), ('DESKTOP_SESSION', 'ubuntu'), ('ROS_PYTHON_VERSION', '3'), ('GNOME_SHELL_SESSION_MODE', 'ubuntu'), ('GTK_MODULES', 'gail:atk-bridge'), ('MANAGERPID', '1945'), ('SYSTEMD_EXEC_PID', '2342'), ('DBUS_SESSION_BUS_ADDRESS', 'unix:path=/run/user/1000/bus'), ('COLORTERM', 'truecolor'), ('TERMINATOR_DBUS_NAME', 'net.tenshu.Terminator23558193cd9818af7fe4d2c2f5bd9d00f'), ('GIO_LAUNCHED_DESKTOP_FILE_PID', '75211'), ('ROS_DISTRO', 'humble'), ('GTK_IM_MODULE', 'ibus'), ('LOGNAME', 'vivaan'), ('JOURNAL_STREAM', '8:22727'), ('_', '/usr/bin/colcon'), ('ROS_VERSION', '2'), ('XDG_SESSION_CLASS', 'user'), ('USERNAME', 'vivaan'), ('TERM', 'xterm-256color'), ('GNOME_DESKTOP_SESSION_ID', 'this-is-deprecated'), ('ROS_LOCALHOST_ONLY', '0'), ('WINDOWPATH', '2'), ('PATH', '/opt/ros/humble/bin:/home/vivaan/.local/bin:/usr/local/sbin:/usr/local/bin:/usr/sbin:/usr/bin:/sbin:/bin:/usr/games:/usr/local/games:/snap/bin:/snap/bin'), ('SESSION_MANAGER', 'local/vivaan-LOQ-15IAX9:@/tmp/.ICE-unix/2179,unix/vivaan-LOQ-15IAX9:/tmp/.ICE-unix/2179'), ('INVOCATION_ID', '868d2e86c1f54228bef16a0b255f95e8'), ('XDG_MENU_PREFIX', 'gnome-'), ('XDG_RUNTIME_DIR', '/run/user/1000'), ('DISPLAY', ':1'), ('TERMINATOR_DBUS_PATH', '/net/tenshu/Terminator2'), ('LANG', 'en_IN'), ('XDG_CURRENT_DESKTOP', 'ubuntu:GNOME'), ('IBUS_DISABLE_SNOOPER', '1'), ('XMODIFIERS', '@im=ibus'), ('XDG_SESSION_DESKTOP', 'ubuntu'), ('XAUTHORITY', '/run/user/1000/gdm/Xauthority'), ('LS_COLORS', 'rs=0:di=01;34:ln=01;36:mh=00:pi=40;33:so=01;35:do=01;35:bd=40;33;01:cd=40;33;01:or=40;31;01:mi=00:su=37;41:sg=30;43:ca=30;41:tw=30;42:ow=34;42:st=37;44:ex=01;32:*.tar=01;31:*.tgz=01;31:*.arc=01;31:*.arj=01;31:*.taz=01;31:*.lha=01;31:*.lz4=01;31:*.lzh=01;31:*.lzma=01;31:*.tlz=01;31:*.txz=01;31:*.tzo=01;31:*.t7z=01;31:*.zip=01;31:*.z=01;31:*.dz=01;31:*.gz=01;31:*.lrz=01;31:*.lz=01;31:*.lzo=01;31:*.xz=01;31:*.zst=01;31:*.tzst=01;31:*.bz2=01;31:*.bz=01;31:*.tbz=01;31:*.tbz2=01;31:*.tz=01;31:*.deb=01;31:*.rpm=01;31:*.jar=01;31:*.war=01;31:*.ear=01;31:*.sar=01;31:*.rar=01;31:*.alz=01;31:*.ace=01;31:*.zoo=01;31:*.cpio=01;31:*.7z=01;31:*.rz=01;31:*.cab=01;31:*.wim=01;31:*.swm=01;31:*.dwm=01;31:*.esd=01;31:*.jpg=01;35:*.jpeg=01;35:*.mjpg=01;35:*.mjpeg=01;35:*.gif=01;35:*.bmp=01;35:*.pbm=01;35:*.pgm=01;35:*.ppm=01;35:*.tga=01;35:*.xbm=01;35:*.xpm=01;35:*.tif=01;35:*.tiff=01;35:*.png=01;35:*.svg=01;35:*.svgz=01;35:*.mng=01;35:*.pcx=01;35:*.mov=01;35:*.mpg=01;35:*.mpeg=01;35:*.m2v=01;35:*.mkv=01;35:*.webm=01;35:*.webp=01;35:*.ogm=01;35:*.mp4=01;35:*.m4v=01;35:*.mp4v=01;35:*.vob=01;35:*.qt=01;35:*.nuv=01;35:*.wmv=01;35:*.asf=01;35:*.rm=01;35:*.rmvb=01;35:*.flc=01;35:*.avi=01;35:*.fli=01;35:*.flv=01;35:*.gl=01;35:*.dl=01;35:*.xcf=01;35:*.xwd=01;35:*.yuv=01;35:*.cgm=01;35:*.emf=01;35:*.ogv=01;35:*.ogx=01;35:*.aac=00;36:*.au=00;36:*.flac=00;36:*.m4a=00;36:*.mid=00;36:*.midi=00;36:*.mka=00;36:*.mp3=00;36:*.mpc=00;36:*.ogg=00;36:*.ra=00;36:*.wav=00;36:*.oga=00;36:*.opus=00;36:*.spx=00;36:*.xspf=00;36:'), ('SSH_AGENT_LAUNCHER', 'gnome-keyring'), ('SSH_AUTH_SOCK', '/run/user/1000/keyring/ssh'), ('ROS_DOMAIN_ID', '67'), ('AMENT_PREFIX_PATH', '/opt/ros/humble'), ('SHELL', '/bin/bash'), ('TERMINATOR_UUID', 'urn:uuid:d79e4617-827a-4722-bc17-e9d99e6a3cd6'), ('QT_ACCESSIBILITY', '1'), ('GDMSESSION', 'ubuntu'), ('LESSCLOSE', '/usr/bin/lesspipe %s %s'), ('GPG_AGENT_INFO', '/run/user/1000/gnupg/S.gpg-agent:0:1'), ('QT_IM_MODULE', 'ibus'), ('PWD', '/home/vivaan/Documents/star_project_submissions/Week_0/ros2_ws/build/tuos_tb3_tools'), ('TURTLEBOT3_MODEL', 'waffle'), ('XDG_CONFIG_DIRS', '/etc/xdg/xdg-ubuntu:/etc/xdg'), ('XDG_DATA_DIRS', '/usr/share/ubuntu:/usr/share/gnome:/usr/local/share/:/usr/share/:/var/lib/snapd/desktop'), ('PYTHONPATH', '/opt/ros/humble/lib/python3.10/site-packages:/opt/ros/humble/local/lib/python3.10/dist-packages'), ('COLCON', '1'), ('VTE_VERSION', '6800'), ('CMAKE_PREFIX_PATH', '/opt/ros/humble')]), 'shell': False}
[1.071653] (tuos_examples) StdoutLine: {'line': b'-- Found rclpy: 3.3.21 (/opt/ros/humble/share/rclpy/cmake)\n'}
[1.078661] (tuos_tb3_tools) StdoutLine: {'line': b'[ 50%] \x1b[32mBuilding CXX object CMakeFiles/cpp_executable.dir/src/minimal_node.cpp.o\x1b[0m\n'}
[1.100770] (-) TimerEvent: {}
[1.147376] (tuos_simulations) StdoutLine: {'line': b'-- Configuring done\n'}
[1.149990] (tuos_simulations) StdoutLine: {'line': b'-- Generating done\n'}
[1.151620] (tuos_simulations) StdoutLine: {'line': b'-- Build files have been written to: /home/vivaan/Documents/star_project_submissions/Week_0/ros2_ws/build/tuos_simulations\n'}
[1.158668] (tuos_simulations) CommandEnded: {'returncode': 0}
[1.159157] (tuos_simulations) JobProgress: {'identifier': 'tuos_simulations', 'progress': 'build'}
[1.159320] (tuos_simulations) Command: {'cmd': ['/usr/bin/cmake', '--build', '/home/vivaan/Documents/star_project_submissions/Week_0/ros2_ws/build/tuos_simulations', '--', '-j12', '-l12'], 'cwd': '/home/vivaan/Documents/star_project_submissions/Week_0/ros2_ws/build/tuos_simulations', 'env': OrderedDict([('LESSOPEN', '| /usr/bin/lesspipe %s'), ('LANGUAGE', 'en_IN:en'), ('USER', 'vivaan'), ('XDG_SESSION_TYPE', 'x11'), ('SHLVL', '1'), ('LD_LIBRARY_PATH', '/usr/lib/x86_64-linux-gnu/gazebo-11/plugins:/opt/ros/humble/opt/rviz_ogre_vendor/lib:/opt/ros/humble/lib/x86_64-linux-gnu:/opt/ros/humble/lib'), ('HOME', '/home/vivaan'), ('OLDPWD', '/home/vivaan/Documents/star_project_submissions'), ('DESKTOP_SESSION', 'ubuntu'), ('ROS_PYTHON_VERSION', '3'), ('GNOME_SHELL_SESSION_MODE', 'ubuntu'), ('GTK_MODULES', 'gail:atk-bridge'), ('MANAGERPID', '1945'), ('SYSTEMD_EXEC_PID', '2342'), ('DBUS_SESSION_BUS_ADDRESS', 'unix:path=/run/user/1000/bus'), ('COLORTERM', 'truecolor'), ('TERMINATOR_DBUS_NAME', 'net.tenshu.Terminator23558193cd9818af7fe4d2c2f5bd9d00f'), ('GIO_LAUNCHED_DESKTOP_FILE_PID', '75211'), ('ROS_DISTRO', 'humble'), ('GTK_IM_MODULE', 'ibus'), ('LOGNAME', 'vivaan'), ('JOURNAL_STREAM', '8:22727'), ('_', '/usr/bin/colcon'), ('ROS_VERSION', '2'), ('XDG_SESSION_CLASS', 'user'), ('USERNAME', 'vivaan'), ('TERM', 'xterm-256color'), ('GNOME_DESKTOP_SESSION_ID', 'this-is-deprecated'), ('ROS_LOCALHOST_ONLY', '0'), ('WINDOWPATH', '2'), ('PATH', '/opt/ros/humble/bin:/home/vivaan/.local/bin:/usr/local/sbin:/usr/local/bin:/usr/sbin:/usr/bin:/sbin:/bin:/usr/games:/usr/local/games:/snap/bin:/snap/bin'), ('SESSION_MANAGER', 'local/vivaan-LOQ-15IAX9:@/tmp/.ICE-unix/2179,unix/vivaan-LOQ-15IAX9:/tmp/.ICE-unix/2179'), ('INVOCATION_ID', '868d2e86c1f54228bef16a0b255f95e8'), ('XDG_MENU_PREFIX', 'gnome-'), ('XDG_RUNTIME_DIR', '/run/user/1000'), ('DISPLAY', ':1'), ('TERMINATOR_DBUS_PATH', '/net/tenshu/Terminator2'), ('LANG', 'en_IN'), ('XDG_CURRENT_DESKTOP', 'ubuntu:GNOME'), ('IBUS_DISABLE_SNOOPER', '1'), ('XMODIFIERS', '@im=ibus'), ('XDG_SESSION_DESKTOP', 'ubuntu'), ('XAUTHORITY', '/run/user/1000/gdm/Xauthority'), ('LS_COLORS', 'rs=0:di=01;34:ln=01;36:mh=00:pi=40;33:so=01;35:do=01;35:bd=40;33;01:cd=40;33;01:or=40;31;01:mi=00:su=37;41:sg=30;43:ca=30;41:tw=30;42:ow=34;42:st=37;44:ex=01;32:*.tar=01;31:*.tgz=01;31:*.arc=01;31:*.arj=01;31:*.taz=01;31:*.lha=01;31:*.lz4=01;31:*.lzh=01;31:*.lzma=01;31:*.tlz=01;31:*.txz=01;31:*.tzo=01;31:*.t7z=01;31:*.zip=01;31:*.z=01;31:*.dz=01;31:*.gz=01;31:*.lrz=01;31:*.lz=01;31:*.lzo=01;31:*.xz=01;31:*.zst=01;31:*.tzst=01;31:*.bz2=01;31:*.bz=01;31:*.tbz=01;31:*.tbz2=01;31:*.tz=01;31:*.deb=01;31:*.rpm=01;31:*.jar=01;31:*.war=01;31:*.ear=01;31:*.sar=01;31:*.rar=01;31:*.alz=01;31:*.ace=01;31:*.zoo=01;31:*.cpio=01;31:*.7z=01;31:*.rz=01;31:*.cab=01;31:*.wim=01;31:*.swm=01;31:*.dwm=01;31:*.esd=01;31:*.jpg=01;35:*.jpeg=01;35:*.mjpg=01;35:*.mjpeg=01;35:*.gif=01;35:*.bmp=01;35:*.pbm=01;35:*.pgm=01;35:*.ppm=01;35:*.tga=01;35:*.xbm=01;35:*.xpm=01;35:*.tif=01;35:*.tiff=01;35:*.png=01;35:*.svg=01;35:*.svgz=01;35:*.mng=01;35:*.pcx=01;35:*.mov=01;35:*.mpg=01;35:*.mpeg=01;35:*.m2v=01;35:*.mkv=01;35:*.webm=01;35:*.webp=01;35:*.ogm=01;35:*.mp4=01;35:*.m4v=01;35:*.mp4v=01;35:*.vob=01;35:*.qt=01;35:*.nuv=01;35:*.wmv=01;35:*.asf=01;35:*.rm=01;35:*.rmvb=01;35:*.flc=01;35:*.avi=01;35:*.fli=01;35:*.flv=01;35:*.gl=01;35:*.dl=01;35:*.xcf=01;35:*.xwd=01;35:*.yuv=01;35:*.cgm=01;35:*.emf=01;35:*.ogv=01;35:*.ogx=01;35:*.aac=00;36:*.au=00;36:*.flac=00;36:*.m4a=00;36:*.mid=00;36:*.midi=00;36:*.mka=00;36:*.mp3=00;36:*.mpc=00;36:*.ogg=00;36:*.ra=00;36:*.wav=00;36:*.oga=00;36:*.opus=00;36:*.spx=00;36:*.xspf=00;36:'), ('SSH_AGENT_LAUNCHER', 'gnome-keyring'), ('SSH_AUTH_SOCK', '/run/user/1000/keyring/ssh'), ('ROS_DOMAIN_ID', '67'), ('AMENT_PREFIX_PATH', '/opt/ros/humble'), ('SHELL', '/bin/bash'), ('TERMINATOR_UUID', 'urn:uuid:d79e4617-827a-4722-bc17-e9d99e6a3cd6'), ('QT_ACCESSIBILITY', '1'), ('GDMSESSION', 'ubuntu'), ('LESSCLOSE', '/usr/bin/lesspipe %s %s'), ('GPG_AGENT_INFO', '/run/user/1000/gnupg/S.gpg-agent:0:1'), ('QT_IM_MODULE', 'ibus'), ('PWD', '/home/vivaan/Documents/star_project_submissions/Week_0/ros2_ws/build/tuos_simulations'), ('TURTLEBOT3_MODEL', 'waffle'), ('XDG_CONFIG_DIRS', '/etc/xdg/xdg-ubuntu:/etc/xdg'), ('XDG_DATA_DIRS', '/usr/share/ubuntu:/usr/share/gnome:/usr/local/share/:/usr/share/:/var/lib/snapd/desktop'), ('PYTHONPATH', '/opt/ros/humble/lib/python3.10/site-packages:/opt/ros/humble/local/lib/python3.10/dist-packages'), ('COLCON', '1'), ('VTE_VERSION', '6800'), ('CMAKE_PREFIX_PATH', '/opt/ros/humble')]), 'shell': False}
[1.172929] (part1_pubsub) StdoutLine: {'line': b'-- Configuring done\n'}
[1.175869] (part1_pubsub) StdoutLine: {'line': b'-- Generating done\n'}
[1.177582] (part1_pubsub) StdoutLine: {'line': b'-- Build files have been written to: /home/vivaan/Documents/star_project_submissions/Week_0/ros2_ws/build/part1_pubsub\n'}
[1.184015] (part1_pubsub) CommandEnded: {'returncode': 0}
[1.184457] (part1_pubsub) JobProgress: {'identifier': 'part1_pubsub', 'progress': 'build'}
[1.184697] (part1_pubsub) Command: {'cmd': ['/usr/bin/cmake', '--build', '/home/vivaan/Documents/star_project_submissions/Week_0/ros2_ws/build/part1_pubsub', '--', '-j12', '-l12'], 'cwd': '/home/vivaan/Documents/star_project_submissions/Week_0/ros2_ws/build/part1_pubsub', 'env': OrderedDict([('LESSOPEN', '| /usr/bin/lesspipe %s'), ('LANGUAGE', 'en_IN:en'), ('USER', 'vivaan'), ('XDG_SESSION_TYPE', 'x11'), ('SHLVL', '1'), ('LD_LIBRARY_PATH', '/usr/lib/x86_64-linux-gnu/gazebo-11/plugins:/opt/ros/humble/opt/rviz_ogre_vendor/lib:/opt/ros/humble/lib/x86_64-linux-gnu:/opt/ros/humble/lib'), ('HOME', '/home/vivaan'), ('OLDPWD', '/home/vivaan/Documents/star_project_submissions'), ('DESKTOP_SESSION', 'ubuntu'), ('ROS_PYTHON_VERSION', '3'), ('GNOME_SHELL_SESSION_MODE', 'ubuntu'), ('GTK_MODULES', 'gail:atk-bridge'), ('MANAGERPID', '1945'), ('SYSTEMD_EXEC_PID', '2342'), ('DBUS_SESSION_BUS_ADDRESS', 'unix:path=/run/user/1000/bus'), ('COLORTERM', 'truecolor'), ('TERMINATOR_DBUS_NAME', 'net.tenshu.Terminator23558193cd9818af7fe4d2c2f5bd9d00f'), ('GIO_LAUNCHED_DESKTOP_FILE_PID', '75211'), ('ROS_DISTRO', 'humble'), ('GTK_IM_MODULE', 'ibus'), ('LOGNAME', 'vivaan'), ('JOURNAL_STREAM', '8:22727'), ('_', '/usr/bin/colcon'), ('ROS_VERSION', '2'), ('XDG_SESSION_CLASS', 'user'), ('USERNAME', 'vivaan'), ('TERM', 'xterm-256color'), ('GNOME_DESKTOP_SESSION_ID', 'this-is-deprecated'), ('ROS_LOCALHOST_ONLY', '0'), ('WINDOWPATH', '2'), ('PATH', '/opt/ros/humble/bin:/home/vivaan/.local/bin:/usr/local/sbin:/usr/local/bin:/usr/sbin:/usr/bin:/sbin:/bin:/usr/games:/usr/local/games:/snap/bin:/snap/bin'), ('SESSION_MANAGER', 'local/vivaan-LOQ-15IAX9:@/tmp/.ICE-unix/2179,unix/vivaan-LOQ-15IAX9:/tmp/.ICE-unix/2179'), ('INVOCATION_ID', '868d2e86c1f54228bef16a0b255f95e8'), ('XDG_MENU_PREFIX', 'gnome-'), ('XDG_RUNTIME_DIR', '/run/user/1000'), ('DISPLAY', ':1'), ('TERMINATOR_DBUS_PATH', '/net/tenshu/Terminator2'), ('LANG', 'en_IN'), ('XDG_CURRENT_DESKTOP', 'ubuntu:GNOME'), ('IBUS_DISABLE_SNOOPER', '1'), ('XMODIFIERS', '@im=ibus'), ('XDG_SESSION_DESKTOP', 'ubuntu'), ('XAUTHORITY', '/run/user/1000/gdm/Xauthority'), ('LS_COLORS', 'rs=0:di=01;34:ln=01;36:mh=00:pi=40;33:so=01;35:do=01;35:bd=40;33;01:cd=40;33;01:or=40;31;01:mi=00:su=37;41:sg=30;43:ca=30;41:tw=30;42:ow=34;42:st=37;44:ex=01;32:*.tar=01;31:*.tgz=01;31:*.arc=01;31:*.arj=01;31:*.taz=01;31:*.lha=01;31:*.lz4=01;31:*.lzh=01;31:*.lzma=01;31:*.tlz=01;31:*.txz=01;31:*.tzo=01;31:*.t7z=01;31:*.zip=01;31:*.z=01;31:*.dz=01;31:*.gz=01;31:*.lrz=01;31:*.lz=01;31:*.lzo=01;31:*.xz=01;31:*.zst=01;31:*.tzst=01;31:*.bz2=01;31:*.bz=01;31:*.tbz=01;31:*.tbz2=01;31:*.tz=01;31:*.deb=01;31:*.rpm=01;31:*.jar=01;31:*.war=01;31:*.ear=01;31:*.sar=01;31:*.rar=01;31:*.alz=01;31:*.ace=01;31:*.zoo=01;31:*.cpio=01;31:*.7z=01;31:*.rz=01;31:*.cab=01;31:*.wim=01;31:*.swm=01;31:*.dwm=01;31:*.esd=01;31:*.jpg=01;35:*.jpeg=01;35:*.mjpg=01;35:*.mjpeg=01;35:*.gif=01;35:*.bmp=01;35:*.pbm=01;35:*.pgm=01;35:*.ppm=01;35:*.tga=01;35:*.xbm=01;35:*.xpm=01;35:*.tif=01;35:*.tiff=01;35:*.png=01;35:*.svg=01;35:*.svgz=01;35:*.mng=01;35:*.pcx=01;35:*.mov=01;35:*.mpg=01;35:*.mpeg=01;35:*.m2v=01;35:*.mkv=01;35:*.webm=01;35:*.webp=01;35:*.ogm=01;35:*.mp4=01;35:*.m4v=01;35:*.mp4v=01;35:*.vob=01;35:*.qt=01;35:*.nuv=01;35:*.wmv=01;35:*.asf=01;35:*.rm=01;35:*.rmvb=01;35:*.flc=01;35:*.avi=01;35:*.fli=01;35:*.flv=01;35:*.gl=01;35:*.dl=01;35:*.xcf=01;35:*.xwd=01;35:*.yuv=01;35:*.cgm=01;35:*.emf=01;35:*.ogv=01;35:*.ogx=01;35:*.aac=00;36:*.au=00;36:*.flac=00;36:*.m4a=00;36:*.mid=00;36:*.midi=00;36:*.mka=00;36:*.mp3=00;36:*.mpc=00;36:*.ogg=00;36:*.ra=00;36:*.wav=00;36:*.oga=00;36:*.opus=00;36:*.spx=00;36:*.xspf=00;36:'), ('SSH_AGENT_LAUNCHER', 'gnome-keyring'), ('SSH_AUTH_SOCK', '/run/user/1000/keyring/ssh'), ('ROS_DOMAIN_ID', '67'), ('AMENT_PREFIX_PATH', '/opt/ros/humble'), ('SHELL', '/bin/bash'), ('TERMINATOR_UUID', 'urn:uuid:d79e4617-827a-4722-bc17-e9d99e6a3cd6'), ('QT_ACCESSIBILITY', '1'), ('GDMSESSION', 'ubuntu'), ('LESSCLOSE', '/usr/bin/lesspipe %s %s'), ('GPG_AGENT_INFO', '/run/user/1000/gnupg/S.gpg-agent:0:1'), ('QT_IM_MODULE', 'ibus'), ('PWD', '/home/vivaan/Documents/star_project_submissions/Week_0/ros2_ws/build/part1_pubsub'), ('TURTLEBOT3_MODEL', 'waffle'), ('XDG_CONFIG_DIRS', '/etc/xdg/xdg-ubuntu:/etc/xdg'), ('XDG_DATA_DIRS', '/usr/share/ubuntu:/usr/share/gnome:/usr/local/share/:/usr/share/:/var/lib/snapd/desktop'), ('PYTHONPATH', '/opt/ros/humble/lib/python3.10/site-packages:/opt/ros/humble/local/lib/python3.10/dist-packages'), ('COLCON', '1'), ('VTE_VERSION', '6800'), ('CMAKE_PREFIX_PATH', '/opt/ros/humble')]), 'shell': False}
[1.186641] (tuos_examples) StdoutLine: {'line': b'-- Configuring done\n'}
[1.192357] (tuos_examples) StdoutLine: {'line': b'-- Generating done\n'}
[1.195942] (tuos_examples) StdoutLine: {'line': b'-- Build files have been written to: /home/vivaan/Documents/star_project_submissions/Week_0/ros2_ws/build/tuos_examples\n'}
[1.196149] (tuos_interfaces) StdoutLine: {'line': b'-- Using all available rosidl_typesupport_c: rosidl_typesupport_fastrtps_c;rosidl_typesupport_introspection_c\n'}
[1.200928] (-) TimerEvent: {}
[1.201719] (tuos_simulations) CommandEnded: {'returncode': 0}
[1.202296] (tuos_simulations) JobProgress: {'identifier': 'tuos_simulations', 'progress': 'install'}
[1.211250] (tuos_simulations) Command: {'cmd': ['/usr/bin/cmake', '--install', '/home/vivaan/Documents/star_project_submissions/Week_0/ros2_ws/build/tuos_simulations'], 'cwd': '/home/vivaan/Documents/star_project_submissions/Week_0/ros2_ws/build/tuos_simulations', 'env': OrderedDict([('LESSOPEN', '| /usr/bin/lesspipe %s'), ('LANGUAGE', 'en_IN:en'), ('USER', 'vivaan'), ('XDG_SESSION_TYPE', 'x11'), ('SHLVL', '1'), ('LD_LIBRARY_PATH', '/usr/lib/x86_64-linux-gnu/gazebo-11/plugins:/opt/ros/humble/opt/rviz_ogre_vendor/lib:/opt/ros/humble/lib/x86_64-linux-gnu:/opt/ros/humble/lib'), ('HOME', '/home/vivaan'), ('OLDPWD', '/home/vivaan/Documents/star_project_submissions'), ('DESKTOP_SESSION', 'ubuntu'), ('ROS_PYTHON_VERSION', '3'), ('GNOME_SHELL_SESSION_MODE', 'ubuntu'), ('GTK_MODULES', 'gail:atk-bridge'), ('MANAGERPID', '1945'), ('SYSTEMD_EXEC_PID', '2342'), ('DBUS_SESSION_BUS_ADDRESS', 'unix:path=/run/user/1000/bus'), ('COLORTERM', 'truecolor'), ('TERMINATOR_DBUS_NAME', 'net.tenshu.Terminator23558193cd9818af7fe4d2c2f5bd9d00f'), ('GIO_LAUNCHED_DESKTOP_FILE_PID', '75211'), ('ROS_DISTRO', 'humble'), ('GTK_IM_MODULE', 'ibus'), ('LOGNAME', 'vivaan'), ('JOURNAL_STREAM', '8:22727'), ('_', '/usr/bin/colcon'), ('ROS_VERSION', '2'), ('XDG_SESSION_CLASS', 'user'), ('USERNAME', 'vivaan'), ('TERM', 'xterm-256color'), ('GNOME_DESKTOP_SESSION_ID', 'this-is-deprecated'), ('ROS_LOCALHOST_ONLY', '0'), ('WINDOWPATH', '2'), ('PATH', '/opt/ros/humble/bin:/home/vivaan/.local/bin:/usr/local/sbin:/usr/local/bin:/usr/sbin:/usr/bin:/sbin:/bin:/usr/games:/usr/local/games:/snap/bin:/snap/bin'), ('SESSION_MANAGER', 'local/vivaan-LOQ-15IAX9:@/tmp/.ICE-unix/2179,unix/vivaan-LOQ-15IAX9:/tmp/.ICE-unix/2179'), ('INVOCATION_ID', '868d2e86c1f54228bef16a0b255f95e8'), ('XDG_MENU_PREFIX', 'gnome-'), ('XDG_RUNTIME_DIR', '/run/user/1000'), ('DISPLAY', ':1'), ('TERMINATOR_DBUS_PATH', '/net/tenshu/Terminator2'), ('LANG', 'en_IN'), ('XDG_CURRENT_DESKTOP', 'ubuntu:GNOME'), ('IBUS_DISABLE_SNOOPER', '1'), ('XMODIFIERS', '@im=ibus'), ('XDG_SESSION_DESKTOP', 'ubuntu'), ('XAUTHORITY', '/run/user/1000/gdm/Xauthority'), ('LS_COLORS', 'rs=0:di=01;34:ln=01;36:mh=00:pi=40;33:so=01;35:do=01;35:bd=40;33;01:cd=40;33;01:or=40;31;01:mi=00:su=37;41:sg=30;43:ca=30;41:tw=30;42:ow=34;42:st=37;44:ex=01;32:*.tar=01;31:*.tgz=01;31:*.arc=01;31:*.arj=01;31:*.taz=01;31:*.lha=01;31:*.lz4=01;31:*.lzh=01;31:*.lzma=01;31:*.tlz=01;31:*.txz=01;31:*.tzo=01;31:*.t7z=01;31:*.zip=01;31:*.z=01;31:*.dz=01;31:*.gz=01;31:*.lrz=01;31:*.lz=01;31:*.lzo=01;31:*.xz=01;31:*.zst=01;31:*.tzst=01;31:*.bz2=01;31:*.bz=01;31:*.tbz=01;31:*.tbz2=01;31:*.tz=01;31:*.deb=01;31:*.rpm=01;31:*.jar=01;31:*.war=01;31:*.ear=01;31:*.sar=01;31:*.rar=01;31:*.alz=01;31:*.ace=01;31:*.zoo=01;31:*.cpio=01;31:*.7z=01;31:*.rz=01;31:*.cab=01;31:*.wim=01;31:*.swm=01;31:*.dwm=01;31:*.esd=01;31:*.jpg=01;35:*.jpeg=01;35:*.mjpg=01;35:*.mjpeg=01;35:*.gif=01;35:*.bmp=01;35:*.pbm=01;35:*.pgm=01;35:*.ppm=01;35:*.tga=01;35:*.xbm=01;35:*.xpm=01;35:*.tif=01;35:*.tiff=01;35:*.png=01;35:*.svg=01;35:*.svgz=01;35:*.mng=01;35:*.pcx=01;35:*.mov=01;35:*.mpg=01;35:*.mpeg=01;35:*.m2v=01;35:*.mkv=01;35:*.webm=01;35:*.webp=01;35:*.ogm=01;35:*.mp4=01;35:*.m4v=01;35:*.mp4v=01;35:*.vob=01;35:*.qt=01;35:*.nuv=01;35:*.wmv=01;35:*.asf=01;35:*.rm=01;35:*.rmvb=01;35:*.flc=01;35:*.avi=01;35:*.fli=01;35:*.flv=01;35:*.gl=01;35:*.dl=01;35:*.xcf=01;35:*.xwd=01;35:*.yuv=01;35:*.cgm=01;35:*.emf=01;35:*.ogv=01;35:*.ogx=01;35:*.aac=00;36:*.au=00;36:*.flac=00;36:*.m4a=00;36:*.mid=00;36:*.midi=00;36:*.mka=00;36:*.mp3=00;36:*.mpc=00;36:*.ogg=00;36:*.ra=00;36:*.wav=00;36:*.oga=00;36:*.opus=00;36:*.spx=00;36:*.xspf=00;36:'), ('SSH_AGENT_LAUNCHER', 'gnome-keyring'), ('SSH_AUTH_SOCK', '/run/user/1000/keyring/ssh'), ('ROS_DOMAIN_ID', '67'), ('AMENT_PREFIX_PATH', '/opt/ros/humble'), ('SHELL', '/bin/bash'), ('TERMINATOR_UUID', 'urn:uuid:d79e4617-827a-4722-bc17-e9d99e6a3cd6'), ('QT_ACCESSIBILITY', '1'), ('GDMSESSION', 'ubuntu'), ('LESSCLOSE', '/usr/bin/lesspipe %s %s'), ('GPG_AGENT_INFO', '/run/user/1000/gnupg/S.gpg-agent:0:1'), ('QT_IM_MODULE', 'ibus'), ('PWD', '/home/vivaan/Documents/star_project_submissions/Week_0/ros2_ws/build/tuos_simulations'), ('TURTLEBOT3_MODEL', 'waffle'), ('XDG_CONFIG_DIRS', '/etc/xdg/xdg-ubuntu:/etc/xdg'), ('XDG_DATA_DIRS', '/usr/share/ubuntu:/usr/share/gnome:/usr/local/share/:/usr/share/:/var/lib/snapd/desktop'), ('PYTHONPATH', '/opt/ros/humble/lib/python3.10/site-packages:/opt/ros/humble/local/lib/python3.10/dist-packages'), ('COLCON', '1'), ('VTE_VERSION', '6800'), ('CMAKE_PREFIX_PATH', '/opt/ros/humble')]), 'shell': False}
[1.212701] (tuos_examples) CommandEnded: {'returncode': 0}
[1.213043] (tuos_examples) JobProgress: {'identifier': 'tuos_examples', 'progress': 'build'}
[1.213363] (tuos_examples) Command: {'cmd': ['/usr/bin/cmake', '--build', '/home/vivaan/Documents/star_project_submissions/Week_0/ros2_ws/build/tuos_examples', '--', '-j12', '-l12'], 'cwd': '/home/vivaan/Documents/star_project_submissions/Week_0/ros2_ws/build/tuos_examples', 'env': OrderedDict([('LESSOPEN', '| /usr/bin/lesspipe %s'), ('LANGUAGE', 'en_IN:en'), ('USER', 'vivaan'), ('XDG_SESSION_TYPE', 'x11'), ('SHLVL', '1'), ('LD_LIBRARY_PATH', '/usr/lib/x86_64-linux-gnu/gazebo-11/plugins:/opt/ros/humble/opt/rviz_ogre_vendor/lib:/opt/ros/humble/lib/x86_64-linux-gnu:/opt/ros/humble/lib'), ('HOME', '/home/vivaan'), ('OLDPWD', '/home/vivaan/Documents/star_project_submissions'), ('DESKTOP_SESSION', 'ubuntu'), ('ROS_PYTHON_VERSION', '3'), ('GNOME_SHELL_SESSION_MODE', 'ubuntu'), ('GTK_MODULES', 'gail:atk-bridge'), ('MANAGERPID', '1945'), ('SYSTEMD_EXEC_PID', '2342'), ('DBUS_SESSION_BUS_ADDRESS', 'unix:path=/run/user/1000/bus'), ('COLORTERM', 'truecolor'), ('TERMINATOR_DBUS_NAME', 'net.tenshu.Terminator23558193cd9818af7fe4d2c2f5bd9d00f'), ('GIO_LAUNCHED_DESKTOP_FILE_PID', '75211'), ('ROS_DISTRO', 'humble'), ('GTK_IM_MODULE', 'ibus'), ('LOGNAME', 'vivaan'), ('JOURNAL_STREAM', '8:22727'), ('_', '/usr/bin/colcon'), ('ROS_VERSION', '2'), ('XDG_SESSION_CLASS', 'user'), ('USERNAME', 'vivaan'), ('TERM', 'xterm-256color'), ('GNOME_DESKTOP_SESSION_ID', 'this-is-deprecated'), ('ROS_LOCALHOST_ONLY', '0'), ('WINDOWPATH', '2'), ('PATH', '/opt/ros/humble/bin:/home/vivaan/.local/bin:/usr/local/sbin:/usr/local/bin:/usr/sbin:/usr/bin:/sbin:/bin:/usr/games:/usr/local/games:/snap/bin:/snap/bin'), ('SESSION_MANAGER', 'local/vivaan-LOQ-15IAX9:@/tmp/.ICE-unix/2179,unix/vivaan-LOQ-15IAX9:/tmp/.ICE-unix/2179'), ('INVOCATION_ID', '868d2e86c1f54228bef16a0b255f95e8'), ('XDG_MENU_PREFIX', 'gnome-'), ('XDG_RUNTIME_DIR', '/run/user/1000'), ('DISPLAY', ':1'), ('TERMINATOR_DBUS_PATH', '/net/tenshu/Terminator2'), ('LANG', 'en_IN'), ('XDG_CURRENT_DESKTOP', 'ubuntu:GNOME'), ('IBUS_DISABLE_SNOOPER', '1'), ('XMODIFIERS', '@im=ibus'), ('XDG_SESSION_DESKTOP', 'ubuntu'), ('XAUTHORITY', '/run/user/1000/gdm/Xauthority'), ('LS_COLORS', 'rs=0:di=01;34:ln=01;36:mh=00:pi=40;33:so=01;35:do=01;35:bd=40;33;01:cd=40;33;01:or=40;31;01:mi=00:su=37;41:sg=30;43:ca=30;41:tw=30;42:ow=34;42:st=37;44:ex=01;32:*.tar=01;31:*.tgz=01;31:*.arc=01;31:*.arj=01;31:*.taz=01;31:*.lha=01;31:*.lz4=01;31:*.lzh=01;31:*.lzma=01;31:*.tlz=01;31:*.txz=01;31:*.tzo=01;31:*.t7z=01;31:*.zip=01;31:*.z=01;31:*.dz=01;31:*.gz=01;31:*.lrz=01;31:*.lz=01;31:*.lzo=01;31:*.xz=01;31:*.zst=01;31:*.tzst=01;31:*.bz2=01;31:*.bz=01;31:*.tbz=01;31:*.tbz2=01;31:*.tz=01;31:*.deb=01;31:*.rpm=01;31:*.jar=01;31:*.war=01;31:*.ear=01;31:*.sar=01;31:*.rar=01;31:*.alz=01;31:*.ace=01;31:*.zoo=01;31:*.cpio=01;31:*.7z=01;31:*.rz=01;31:*.cab=01;31:*.wim=01;31:*.swm=01;31:*.dwm=01;31:*.esd=01;31:*.jpg=01;35:*.jpeg=01;35:*.mjpg=01;35:*.mjpeg=01;35:*.gif=01;35:*.bmp=01;35:*.pbm=01;35:*.pgm=01;35:*.ppm=01;35:*.tga=01;35:*.xbm=01;35:*.xpm=01;35:*.tif=01;35:*.tiff=01;35:*.png=01;35:*.svg=01;35:*.svgz=01;35:*.mng=01;35:*.pcx=01;35:*.mov=01;35:*.mpg=01;35:*.mpeg=01;35:*.m2v=01;35:*.mkv=01;35:*.webm=01;35:*.webp=01;35:*.ogm=01;35:*.mp4=01;35:*.m4v=01;35:*.mp4v=01;35:*.vob=01;35:*.qt=01;35:*.nuv=01;35:*.wmv=01;35:*.asf=01;35:*.rm=01;35:*.rmvb=01;35:*.flc=01;35:*.avi=01;35:*.fli=01;35:*.flv=01;35:*.gl=01;35:*.dl=01;35:*.xcf=01;35:*.xwd=01;35:*.yuv=01;35:*.cgm=01;35:*.emf=01;35:*.ogv=01;35:*.ogx=01;35:*.aac=00;36:*.au=00;36:*.flac=00;36:*.m4a=00;36:*.mid=00;36:*.midi=00;36:*.mka=00;36:*.mp3=00;36:*.mpc=00;36:*.ogg=00;36:*.ra=00;36:*.wav=00;36:*.oga=00;36:*.opus=00;36:*.spx=00;36:*.xspf=00;36:'), ('SSH_AGENT_LAUNCHER', 'gnome-keyring'), ('SSH_AUTH_SOCK', '/run/user/1000/keyring/ssh'), ('ROS_DOMAIN_ID', '67'), ('AMENT_PREFIX_PATH', '/opt/ros/humble'), ('SHELL', '/bin/bash'), ('TERMINATOR_UUID', 'urn:uuid:d79e4617-827a-4722-bc17-e9d99e6a3cd6'), ('QT_ACCESSIBILITY', '1'), ('GDMSESSION', 'ubuntu'), ('LESSCLOSE', '/usr/bin/lesspipe %s %s'), ('GPG_AGENT_INFO', '/run/user/1000/gnupg/S.gpg-agent:0:1'), ('QT_IM_MODULE', 'ibus'), ('PWD', '/home/vivaan/Documents/star_project_submissions/Week_0/ros2_ws/build/tuos_examples'), ('TURTLEBOT3_MODEL', 'waffle'), ('XDG_CONFIG_DIRS', '/etc/xdg/xdg-ubuntu:/etc/xdg'), ('XDG_DATA_DIRS', '/usr/share/ubuntu:/usr/share/gnome:/usr/local/share/:/usr/share/:/var/lib/snapd/desktop'), ('PYTHONPATH', '/opt/ros/humble/lib/python3.10/site-packages:/opt/ros/humble/local/lib/python3.10/dist-packages'), ('COLCON', '1'), ('VTE_VERSION', '6800'), ('CMAKE_PREFIX_PATH', '/opt/ros/humble')]), 'shell': False}
[1.217472] (tuos_simulations) StdoutLine: {'line': b'-- Install configuration: ""\n'}
[1.217704] (tuos_simulations) StdoutLine: {'line': b'-- Installing: /home/vivaan/Documents/star_project_submissions/Week_0/ros2_ws/install/tuos_simulations/share/tuos_simulations/launch\n'}
[1.217820] (tuos_simulations) StdoutLine: {'line': b'-- Installing: /home/vivaan/Documents/star_project_submissions/Week_0/ros2_ws/install/tuos_simulations/share/tuos_simulations/launch/beaconing.launch.py\n'}
[1.218059] (tuos_simulations) StdoutLine: {'line': b'-- Installing: /home/vivaan/Documents/star_project_submissions/Week_0/ros2_ws/install/tuos_simulations/share/tuos_simulations/launch/mystery_world.launch.py\n'}
[1.218145] (tuos_simulations) StdoutLine: {'line': b'-- Installing: /home/vivaan/Documents/star_project_submissions/Week_0/ros2_ws/install/tuos_simulations/share/tuos_simulations/launch/waffle.launch.py\n'}
[1.218219] (tuos_simulations) StdoutLine: {'line': b'-- Installing: /home/vivaan/Documents/star_project_submissions/Week_0/ros2_ws/install/tuos_simulations/share/tuos_simulations/launch/cartographer.launch.py\n'}
[1.218292] (tuos_simulations) StdoutLine: {'line': b'-- Installing: /home/vivaan/Documents/star_project_submissions/Week_0/ros2_ws/install/tuos_simulations/share/tuos_simulations/launch/acs6121.launch.py\n'}
[1.218364] (tuos_simulations) StdoutLine: {'line': b'-- Installing: /home/vivaan/Documents/star_project_submissions/Week_0/ros2_ws/install/tuos_simulations/share/tuos_simulations/launch/beacon_colours.launch.py\n'}
[1.218435] (tuos_simulations) StdoutLine: {'line': b'-- Installing: /home/vivaan/Documents/star_project_submissions/Week_0/ros2_ws/install/tuos_simulations/share/tuos_simulations/launch/nav_world.launch.py\n'}
[1.218536] (tuos_simulations) StdoutLine: {'line': b'-- Installing: /home/vivaan/Documents/star_project_submissions/Week_0/ros2_ws/install/tuos_simulations/share/tuos_simulations/launch/rviz.launch.py\n'}
[1.218685] (tuos_simulations) StdoutLine: {'line': b'-- Installing: /home/vivaan/Documents/star_project_submissions/Week_0/ros2_ws/install/tuos_simulations/share/tuos_simulations/launch/line_following_setup.launch.py\n'}
[1.218780] (tuos_simulations) StdoutLine: {'line': b'-- Installing: /home/vivaan/Documents/star_project_submissions/Week_0/ros2_ws/install/tuos_simulations/share/tuos_simulations/launch/line_following.launch.py\n'}
[1.218853] (tuos_simulations) StdoutLine: {'line': b'-- Installing: /home/vivaan/Documents/star_project_submissions/Week_0/ros2_ws/install/tuos_simulations/share/tuos_simulations/launch/coloured_pillars.launch.py\n'}
[1.218924] (tuos_simulations) StdoutLine: {'line': b'-- Installing: /home/vivaan/Documents/star_project_submissions/Week_0/ros2_ws/install/tuos_simulations/share/tuos_simulations/launch/spawn_tb3.launch.py\n'}
[1.218998] (tuos_simulations) StdoutLine: {'line': b'-- Installing: /home/vivaan/Documents/star_project_submissions/Week_0/ros2_ws/install/tuos_simulations/share/tuos_simulations/models\n'}
[1.219126] (tuos_simulations) StdoutLine: {'line': b'-- Installing: /home/vivaan/Documents/star_project_submissions/Week_0/ros2_ws/install/tuos_simulations/share/tuos_simulations/models/coloured_pillars\n'}
[1.219199] (tuos_simulations) StdoutLine: {'line': b'-- Installing: /home/vivaan/Documents/star_project_submissions/Week_0/ros2_ws/install/tuos_simulations/share/tuos_simulations/models/coloured_pillars/model.sdf\n'}
[1.219271] (tuos_simulations) StdoutLine: {'line': b'-- Installing: /home/vivaan/Documents/star_project_submissions/Week_0/ros2_ws/install/tuos_simulations/share/tuos_simulations/models/coloured_pillars/model.config\n'}
[1.219342] (tuos_simulations) StdoutLine: {'line': b'-- Installing: /home/vivaan/Documents/star_project_submissions/Week_0/ros2_ws/install/tuos_simulations/share/tuos_simulations/models/beacon_colours\n'}
[1.219415] (tuos_simulations) StdoutLine: {'line': b'-- Installing: /home/vivaan/Documents/star_project_submissions/Week_0/ros2_ws/install/tuos_simulations/share/tuos_simulations/models/beacon_colours/model.sdf\n'}
[1.219487] (tuos_simulations) StdoutLine: {'line': b'-- Installing: /home/vivaan/Documents/star_project_submissions/Week_0/ros2_ws/install/tuos_simulations/share/tuos_simulations/models/beacon_colours/materials\n'}
[1.219559] (tuos_simulations) StdoutLine: {'line': b'-- Installing: /home/vivaan/Documents/star_project_submissions/Week_0/ros2_ws/install/tuos_simulations/share/tuos_simulations/models/beacon_colours/materials/scripts\n'}
[1.219710] (tuos_simulations) StdoutLine: {'line': b'-- Installing: /home/vivaan/Documents/star_project_submissions/Week_0/ros2_ws/install/tuos_simulations/share/tuos_simulations/models/beacon_colours/materials/scripts/beacon_colours.material\n'}
[1.219789] (tuos_simulations) StdoutLine: {'line': b'-- Installing: /home/vivaan/Documents/star_project_submissions/Week_0/ros2_ws/install/tuos_simulations/share/tuos_simulations/models/beacon_colours/materials/textures\n'}
[1.219859] (tuos_simulations) StdoutLine: {'line': b'-- Installing: /home/vivaan/Documents/star_project_submissions/Week_0/ros2_ws/install/tuos_simulations/share/tuos_simulations/models/beacon_colours/materials/textures/beacon_colours.png\n'}
[1.219930] (tuos_simulations) StdoutLine: {'line': b'-- Installing: /home/vivaan/Documents/star_project_submissions/Week_0/ros2_ws/install/tuos_simulations/share/tuos_simulations/models/beacon_colours/materials/textures/beacon_colours.svg\n'}
[1.220002] (tuos_simulations) StdoutLine: {'line': b'-- Installing: /home/vivaan/Documents/star_project_submissions/Week_0/ros2_ws/install/tuos_simulations/share/tuos_simulations/models/beacon_colours/model.config\n'}
[1.220131] (tuos_simulations) StdoutLine: {'line': b'-- Installing: /home/vivaan/Documents/star_project_submissions/Week_0/ros2_ws/install/tuos_simulations/share/tuos_simulations/models/acs6121\n'}
[1.220219] (tuos_simulations) StdoutLine: {'line': b'-- Installing: /home/vivaan/Documents/star_project_submissions/Week_0/ros2_ws/install/tuos_simulations/share/tuos_simulations/models/acs6121/model.sdf\n'}
[1.220290] (tuos_simulations) StdoutLine: {'line': b'-- Installing: /home/vivaan/Documents/star_project_submissions/Week_0/ros2_ws/install/tuos_simulations/share/tuos_simulations/models/acs6121/materials\n'}
[1.220361] (tuos_simulations) StdoutLine: {'line': b'-- Installing: /home/vivaan/Documents/star_project_submissions/Week_0/ros2_ws/install/tuos_simulations/share/tuos_simulations/models/acs6121/materials/scripts\n'}
[1.220434] (tuos_simulations) StdoutLine: {'line': b'-- Installing: /home/vivaan/Documents/star_project_submissions/Week_0/ros2_ws/install/tuos_simulations/share/tuos_simulations/models/acs6121/materials/scripts/floor.material\n'}
[1.220505] (tuos_simulations) StdoutLine: {'line': b'-- Installing: /home/vivaan/Documents/star_project_submissions/Week_0/ros2_ws/install/tuos_simulations/share/tuos_simulations/models/acs6121/materials/textures\n'}
[1.220602] (tuos_simulations) StdoutLine: {'line': b'-- Installing: /home/vivaan/Documents/star_project_submissions/Week_0/ros2_ws/install/tuos_simulations/share/tuos_simulations/models/acs6121/materials/textures/acs6121_floor.png\n'}
[1.220722] (tuos_simulations) StdoutLine: {'line': b'-- Installing: /home/vivaan/Documents/star_project_submissions/Week_0/ros2_ws/install/tuos_simulations/share/tuos_simulations/models/acs6121/materials/textures/acs6121_floor.svg\n'}
[1.220789] (tuos_simulations) StdoutLine: {'line': b'-- Installing: /home/vivaan/Documents/star_project_submissions/Week_0/ros2_ws/install/tuos_simulations/share/tuos_simulations/models/acs6121/model.config\n'}
[1.220857] (tuos_simulations) StdoutLine: {'line': b'-- Installing: /home/vivaan/Documents/star_project_submissions/Week_0/ros2_ws/install/tuos_simulations/share/tuos_simulations/models/line_following_track\n'}
[1.220926] (tuos_simulations) StdoutLine: {'line': b'-- Installing: /home/vivaan/Documents/star_project_submissions/Week_0/ros2_ws/install/tuos_simulations/share/tuos_simulations/models/line_following_track/model.sdf\n'}
[1.220999] (tuos_simulations) StdoutLine: {'line': b'-- Installing: /home/vivaan/Documents/star_project_submissions/Week_0/ros2_ws/install/tuos_simulations/share/tuos_simulations/models/line_following_track/materials\n'}
[1.221069] (tuos_simulations) StdoutLine: {'line': b'-- Installing: /home/vivaan/Documents/star_project_submissions/Week_0/ros2_ws/install/tuos_simulations/share/tuos_simulations/models/line_following_track/materials/scripts\n'}
[1.221195] (tuos_simulations) StdoutLine: {'line': b'-- Installing: /home/vivaan/Documents/star_project_submissions/Week_0/ros2_ws/install/tuos_simulations/share/tuos_simulations/models/line_following_track/materials/scripts/line_following_track.material\n'}
[1.221270] (tuos_simulations) StdoutLine: {'line': b'-- Installing: /home/vivaan/Documents/star_project_submissions/Week_0/ros2_ws/install/tuos_simulations/share/tuos_simulations/models/line_following_track/materials/textures\n'}
[1.221342] (tuos_simulations) StdoutLine: {'line': b'-- Installing: /home/vivaan/Documents/star_project_submissions/Week_0/ros2_ws/install/tuos_simulations/share/tuos_simulations/models/line_following_track/materials/textures/line_following_track.svg\n'}
[1.221413] (tuos_simulations) StdoutLine: {'line': b'-- Installing: /home/vivaan/Documents/star_project_submissions/Week_0/ros2_ws/install/tuos_simulations/share/tuos_simulations/models/line_following_track/materials/textures/line_following_track.png\n'}
[1.221483] (tuos_simulations) StdoutLine: {'line': b'-- Installing: /home/vivaan/Documents/star_project_submissions/Week_0/ros2_ws/install/tuos_simulations/share/tuos_simulations/models/line_following_track/model.config\n'}
[1.221553] (tuos_simulations) StdoutLine: {'line': b'-- Installing: /home/vivaan/Documents/star_project_submissions/Week_0/ros2_ws/install/tuos_simulations/share/tuos_simulations/models/line_following_setup\n'}
[1.221679] (tuos_simulations) StdoutLine: {'line': b'-- Installing: /home/vivaan/Documents/star_project_submissions/Week_0/ros2_ws/install/tuos_simulations/share/tuos_simulations/models/line_following_setup/model.sdf\n'}
[1.221770] (tuos_simulations) StdoutLine: {'line': b'-- Installing: /home/vivaan/Documents/star_project_submissions/Week_0/ros2_ws/install/tuos_simulations/share/tuos_simulations/models/line_following_setup/materials\n'}
[1.221839] (tuos_simulations) StdoutLine: {'line': b'-- Installing: /home/vivaan/Documents/star_project_submissions/Week_0/ros2_ws/install/tuos_simulations/share/tuos_simulations/models/line_following_setup/materials/scripts\n'}
[1.221909] (tuos_simulations) StdoutLine: {'line': b'-- Installing: /home/vivaan/Documents/star_project_submissions/Week_0/ros2_ws/install/tuos_simulations/share/tuos_simulations/models/line_following_setup/materials/scripts/line_following_setup.material\n'}
[1.222025] (tuos_simulations) StdoutLine: {'line': b'-- Installing: /home/vivaan/Documents/star_project_submissions/Week_0/ros2_ws/install/tuos_simulations/share/tuos_simulations/models/line_following_setup/materials/textures\n'}
[1.222097] (tuos_simulations) StdoutLine: {'line': b'-- Installing: /home/vivaan/Documents/star_project_submissions/Week_0/ros2_ws/install/tuos_simulations/share/tuos_simulations/models/line_following_setup/materials/textures/line_following_setup.png\n'}
[1.222166] (tuos_simulations) StdoutLine: {'line': b'-- Installing: /home/vivaan/Documents/star_project_submissions/Week_0/ros2_ws/install/tuos_simulations/share/tuos_simulations/models/line_following_setup/materials/textures/line_following_setup.svg\n'}
[1.222237] (tuos_simulations) StdoutLine: {'line': b'-- Installing: /home/vivaan/Documents/star_project_submissions/Week_0/ros2_ws/install/tuos_simulations/share/tuos_simulations/models/line_following_setup/model.config\n'}
[1.222307] (tuos_simulations) StdoutLine: {'line': b'-- Installing: /home/vivaan/Documents/star_project_submissions/Week_0/ros2_ws/install/tuos_simulations/share/tuos_simulations/models/navigation\n'}
[1.222378] (tuos_simulations) StdoutLine: {'line': b'-- Installing: /home/vivaan/Documents/star_project_submissions/Week_0/ros2_ws/install/tuos_simulations/share/tuos_simulations/models/navigation/model.sdf\n'}
[1.222449] (tuos_simulations) StdoutLine: {'line': b'-- Installing: /home/vivaan/Documents/star_project_submissions/Week_0/ros2_ws/install/tuos_simulations/share/tuos_simulations/models/navigation/materials\n'}
[1.222519] (tuos_simulations) StdoutLine: {'line': b'-- Installing: /home/vivaan/Documents/star_project_submissions/Week_0/ros2_ws/install/tuos_simulations/share/tuos_simulations/models/navigation/materials/scripts\n'}
[1.222647] (tuos_simulations) StdoutLine: {'line': b'-- Installing: /home/vivaan/Documents/star_project_submissions/Week_0/ros2_ws/install/tuos_simulations/share/tuos_simulations/models/navigation/materials/scripts/floor.material\n'}
[1.222723] (tuos_simulations) StdoutLine: {'line': b'-- Installing: /home/vivaan/Documents/star_project_submissions/Week_0/ros2_ws/install/tuos_simulations/share/tuos_simulations/models/navigation/materials/textures\n'}
[1.222791] (tuos_simulations) StdoutLine: {'line': b'-- Installing: /home/vivaan/Documents/star_project_submissions/Week_0/ros2_ws/install/tuos_simulations/share/tuos_simulations/models/navigation/materials/textures/navigation_floor.svg\n'}
[1.222858] (tuos_simulations) StdoutLine: {'line': b'-- Installing: /home/vivaan/Documents/star_project_submissions/Week_0/ros2_ws/install/tuos_simulations/share/tuos_simulations/models/navigation/materials/textures/navigation_floor.png\n'}
[1.222926] (tuos_simulations) StdoutLine: {'line': b'-- Installing: /home/vivaan/Documents/star_project_submissions/Week_0/ros2_ws/install/tuos_simulations/share/tuos_simulations/models/navigation/model.config\n'}
[1.222993] (tuos_simulations) StdoutLine: {'line': b'-- Installing: /home/vivaan/Documents/star_project_submissions/Week_0/ros2_ws/install/tuos_simulations/share/tuos_simulations/models/cr5_arena_walls\n'}
[1.223074] (tuos_simulations) StdoutLine: {'line': b'-- Installing: /home/vivaan/Documents/star_project_submissions/Week_0/ros2_ws/install/tuos_simulations/share/tuos_simulations/models/cr5_arena_walls/model.sdf\n'}
[1.223140] (tuos_simulations) StdoutLine: {'line': b'-- Installing: /home/vivaan/Documents/star_project_submissions/Week_0/ros2_ws/install/tuos_simulations/share/tuos_simulations/models/cr5_arena_walls/model.config\n'}
[1.223205] (tuos_simulations) StdoutLine: {'line': b'-- Installing: /home/vivaan/Documents/star_project_submissions/Week_0/ros2_ws/install/tuos_simulations/share/tuos_simulations/models/wooden_walls\n'}
[1.223326] (tuos_simulations) StdoutLine: {'line': b'-- Installing: /home/vivaan/Documents/star_project_submissions/Week_0/ros2_ws/install/tuos_simulations/share/tuos_simulations/models/wooden_walls/model.sdf\n'}
[1.223400] (tuos_simulations) StdoutLine: {'line': b'-- Installing: /home/vivaan/Documents/star_project_submissions/Week_0/ros2_ws/install/tuos_simulations/share/tuos_simulations/models/wooden_walls/model.config\n'}
[1.223473] (tuos_simulations) StdoutLine: {'line': b'-- Installing: /home/vivaan/Documents/star_project_submissions/Week_0/ros2_ws/install/tuos_simulations/share/tuos_simulations/models/arena_walls\n'}
[1.223546] (tuos_simulations) StdoutLine: {'line': b'-- Installing: /home/vivaan/Documents/star_project_submissions/Week_0/ros2_ws/install/tuos_simulations/share/tuos_simulations/models/arena_walls/model.sdf\n'}
[1.223879] (tuos_simulations) StdoutLine: {'line': b'-- Installing: /home/vivaan/Documents/star_project_submissions/Week_0/ros2_ws/install/tuos_simulations/share/tuos_simulations/models/arena_walls/model.config\n'}
[1.223996] (tuos_simulations) StdoutLine: {'line': b'-- Installing: /home/vivaan/Documents/star_project_submissions/Week_0/ros2_ws/install/tuos_simulations/share/tuos_simulations/models/beaconing\n'}
[1.224072] (tuos_simulations) StdoutLine: {'line': b'-- Installing: /home/vivaan/Documents/star_project_submissions/Week_0/ros2_ws/install/tuos_simulations/share/tuos_simulations/models/beaconing/model.sdf\n'}
[1.224310] (tuos_simulations) StdoutLine: {'line': b'-- Installing: /home/vivaan/Documents/star_project_submissions/Week_0/ros2_ws/install/tuos_simulations/share/tuos_simulations/models/beaconing/materials\n'}
[1.224390] (tuos_simulations) StdoutLine: {'line': b'-- Installing: /home/vivaan/Documents/star_project_submissions/Week_0/ros2_ws/install/tuos_simulations/share/tuos_simulations/models/beaconing/materials/scripts\n'}
[1.224466] (tuos_simulations) StdoutLine: {'line': b'-- Installing: /home/vivaan/Documents/star_project_submissions/Week_0/ros2_ws/install/tuos_simulations/share/tuos_simulations/models/beaconing/materials/scripts/floor.material\n'}
[1.224538] (tuos_simulations) StdoutLine: {'line': b'-- Installing: /home/vivaan/Documents/star_project_submissions/Week_0/ros2_ws/install/tuos_simulations/share/tuos_simulations/models/beaconing/materials/textures\n'}
[1.224649] (tuos_simulations) StdoutLine: {'line': b'-- Installing: /home/vivaan/Documents/star_project_submissions/Week_0/ros2_ws/install/tuos_simulations/share/tuos_simulations/models/beaconing/materials/textures/beaconing_floor.png\n'}
[1.224969] (tuos_simulations) StdoutLine: {'line': b'-- Installing: /home/vivaan/Documents/star_project_submissions/Week_0/ros2_ws/install/tuos_simulations/share/tuos_simulations/models/beaconing/materials/textures/beaconing_floor.svg\n'}
[1.225044] (tuos_simulations) StdoutLine: {'line': b'-- Installing: /home/vivaan/Documents/star_project_submissions/Week_0/ros2_ws/install/tuos_simulations/share/tuos_simulations/models/beaconing/model.config\n'}
[1.225116] (tuos_simulations) StdoutLine: {'line': b'-- Installing: /home/vivaan/Documents/star_project_submissions/Week_0/ros2_ws/install/tuos_simulations/share/tuos_simulations/worlds\n'}
[1.225190] (tuos_simulations) StdoutLine: {'line': b'-- Installing: /home/vivaan/Documents/star_project_submissions/Week_0/ros2_ws/install/tuos_simulations/share/tuos_simulations/worlds/line_following_setup.world\n'}
[1.225424] (tuos_simulations) StdoutLine: {'line': b'-- Installing: /home/vivaan/Documents/star_project_submissions/Week_0/ros2_ws/install/tuos_simulations/share/tuos_simulations/worlds/line_following.world\n'}
[1.225497] (tuos_simulations) StdoutLine: {'line': b'-- Installing: /home/vivaan/Documents/star_project_submissions/Week_0/ros2_ws/install/tuos_simulations/share/tuos_simulations/worlds/beaconing.world\n'}
[1.225576] (tuos_simulations) StdoutLine: {'line': b'-- Installing: /home/vivaan/Documents/star_project_submissions/Week_0/ros2_ws/install/tuos_simulations/share/tuos_simulations/worlds/acs6121.world\n'}
[1.225705] (tuos_simulations) StdoutLine: {'line': b'-- Installing: /home/vivaan/Documents/star_project_submissions/Week_0/ros2_ws/install/tuos_simulations/share/tuos_simulations/worlds/nav.world\n'}
[1.225777] (tuos_simulations) StdoutLine: {'line': b'-- Installing: /home/vivaan/Documents/star_project_submissions/Week_0/ros2_ws/install/tuos_simulations/share/tuos_simulations/worlds/empty.world\n'}
[1.225848] (tuos_simulations) StdoutLine: {'line': b'-- Installing: /home/vivaan/Documents/star_project_submissions/Week_0/ros2_ws/install/tuos_simulations/share/tuos_simulations/worlds/coloured_pillars.world\n'}
[1.225920] (tuos_simulations) StdoutLine: {'line': b'-- Installing: /home/vivaan/Documents/star_project_submissions/Week_0/ros2_ws/install/tuos_simulations/share/tuos_simulations/worlds/beacon_colours.world\n'}
[1.226023] (tuos_simulations) StdoutLine: {'line': b'-- Installing: /home/vivaan/Documents/star_project_submissions/Week_0/ros2_ws/install/tuos_simulations/share/tuos_simulations/rviz\n'}
[1.226101] (tuos_simulations) StdoutLine: {'line': b'-- Installing: /home/vivaan/Documents/star_project_submissions/Week_0/ros2_ws/install/tuos_simulations/share/tuos_simulations/rviz/waffle_cartographer.rviz\n'}
[1.226175] (tuos_simulations) StdoutLine: {'line': b'-- Installing: /home/vivaan/Documents/star_project_submissions/Week_0/ros2_ws/install/tuos_simulations/share/tuos_simulations/rviz/waffle.rviz\n'}
[1.226248] (tuos_simulations) StdoutLine: {'line': b'-- Installing: /home/vivaan/Documents/star_project_submissions/Week_0/ros2_ws/install/tuos_simulations/share/ament_index/resource_index/package_run_dependencies/tuos_simulations\n'}
[1.226320] (tuos_simulations) StdoutLine: {'line': b'-- Installing: /home/vivaan/Documents/star_project_submissions/Week_0/ros2_ws/install/tuos_simulations/share/ament_index/resource_index/parent_prefix_path/tuos_simulations\n'}
[1.226396] (tuos_simulations) StdoutLine: {'line': b'-- Installing: /home/vivaan/Documents/star_project_submissions/Week_0/ros2_ws/install/tuos_simulations/share/tuos_simulations/environment/ament_prefix_path.sh\n'}
[1.226471] (tuos_simulations) StdoutLine: {'line': b'-- Installing: /home/vivaan/Documents/star_project_submissions/Week_0/ros2_ws/install/tuos_simulations/share/tuos_simulations/environment/ament_prefix_path.dsv\n'}
[1.226544] (tuos_simulations) StdoutLine: {'line': b'-- Installing: /home/vivaan/Documents/star_project_submissions/Week_0/ros2_ws/install/tuos_simulations/share/tuos_simulations/environment/path.sh\n'}
[1.226783] (tuos_simulations) StdoutLine: {'line': b'-- Installing: /home/vivaan/Documents/star_project_submissions/Week_0/ros2_ws/install/tuos_simulations/share/tuos_simulations/environment/path.dsv\n'}
[1.226877] (tuos_simulations) StdoutLine: {'line': b'-- Installing: /home/vivaan/Documents/star_project_submissions/Week_0/ros2_ws/install/tuos_simulations/share/tuos_simulations/local_setup.bash\n'}
[1.227164] (tuos_simulations) StdoutLine: {'line': b'-- Installing: /home/vivaan/Documents/star_project_submissions/Week_0/ros2_ws/install/tuos_simulations/share/tuos_simulations/local_setup.sh\n'}
[1.227244] (tuos_simulations) StdoutLine: {'line': b'-- Installing: /home/vivaan/Documents/star_project_submissions/Week_0/ros2_ws/install/tuos_simulations/share/tuos_simulations/local_setup.zsh\n'}
[1.227327] (tuos_simulations) StdoutLine: {'line': b'-- Installing: /home/vivaan/Documents/star_project_submissions/Week_0/ros2_ws/install/tuos_simulations/share/tuos_simulations/local_setup.dsv\n'}
[1.227778] (tuos_simulations) StdoutLine: {'line': b'-- Installing: /home/vivaan/Documents/star_project_submissions/Week_0/ros2_ws/install/tuos_simulations/share/tuos_simulations/package.dsv\n'}
[1.227883] (tuos_simulations) StdoutLine: {'line': b'-- Installing: /home/vivaan/Documents/star_project_submissions/Week_0/ros2_ws/install/tuos_simulations/share/ament_index/resource_index/packages/tuos_simulations\n'}
[1.227968] (tuos_simulations) StdoutLine: {'line': b'-- Installing: /home/vivaan/Documents/star_project_submissions/Week_0/ros2_ws/install/tuos_simulations/share/tuos_simulations/cmake/ament_cmake_export_dependencies-extras.cmake\n'}
[1.228045] (tuos_simulations) StdoutLine: {'line': b'-- Installing: /home/vivaan/Documents/star_project_submissions/Week_0/ros2_ws/install/tuos_simulations/share/tuos_simulations/cmake/tuos_simulationsConfig.cmake\n'}
[1.228122] (tuos_simulations) StdoutLine: {'line': b'-- Installing: /home/vivaan/Documents/star_project_submissions/Week_0/ros2_ws/install/tuos_simulations/share/tuos_simulations/cmake/tuos_simulationsConfig-version.cmake\n'}
[1.228196] (tuos_simulations) StdoutLine: {'line': b'-- Installing: /home/vivaan/Documents/star_project_submissions/Week_0/ros2_ws/install/tuos_simulations/share/tuos_simulations/package.xml\n'}
[1.228274] (tuos_simulations) CommandEnded: {'returncode': 0}
[1.228721] (part1_pubsub) StdoutLine: {'line': b'Built target ament_cmake_python_copy_part1_pubsub_modules\n'}
[1.246732] (tuos_simulations) JobEnded: {'identifier': 'tuos_simulations', 'rc': 0}
[1.247946] (com2009_simulations) JobStarted: {'identifier': 'com2009_simulations'}
[1.252155] (com2009_simulations) JobProgress: {'identifier': 'com2009_simulations', 'progress': 'cmake'}
[1.252849] (com2009_simulations) Command: {'cmd': ['/usr/bin/cmake', '/home/vivaan/Documents/star_project_submissions/Week_0/ros2_ws/src/tuos_ros/com2009_simulations', '-DCMAKE_INSTALL_PREFIX=/home/vivaan/Documents/star_project_submissions/Week_0/ros2_ws/install/com2009_simulations'], 'cwd': '/home/vivaan/Documents/star_project_submissions/Week_0/ros2_ws/build/com2009_simulations', 'env': OrderedDict([('LESSOPEN', '| /usr/bin/lesspipe %s'), ('LANGUAGE', 'en_IN:en'), ('USER', 'vivaan'), ('XDG_SESSION_TYPE', 'x11'), ('SHLVL', '1'), ('LD_LIBRARY_PATH', '/usr/lib/x86_64-linux-gnu/gazebo-11/plugins:/opt/ros/humble/opt/rviz_ogre_vendor/lib:/opt/ros/humble/lib/x86_64-linux-gnu:/opt/ros/humble/lib'), ('HOME', '/home/vivaan'), ('OLDPWD', '/home/vivaan/Documents/star_project_submissions'), ('DESKTOP_SESSION', 'ubuntu'), ('ROS_PYTHON_VERSION', '3'), ('GNOME_SHELL_SESSION_MODE', 'ubuntu'), ('GTK_MODULES', 'gail:atk-bridge'), ('MANAGERPID', '1945'), ('SYSTEMD_EXEC_PID', '2342'), ('DBUS_SESSION_BUS_ADDRESS', 'unix:path=/run/user/1000/bus'), ('COLORTERM', 'truecolor'), ('TERMINATOR_DBUS_NAME', 'net.tenshu.Terminator23558193cd9818af7fe4d2c2f5bd9d00f'), ('GIO_LAUNCHED_DESKTOP_FILE_PID', '75211'), ('ROS_DISTRO', 'humble'), ('GTK_IM_MODULE', 'ibus'), ('LOGNAME', 'vivaan'), ('JOURNAL_STREAM', '8:22727'), ('_', '/usr/bin/colcon'), ('ROS_VERSION', '2'), ('XDG_SESSION_CLASS', 'user'), ('USERNAME', 'vivaan'), ('TERM', 'xterm-256color'), ('GNOME_DESKTOP_SESSION_ID', 'this-is-deprecated'), ('ROS_LOCALHOST_ONLY', '0'), ('WINDOWPATH', '2'), ('PATH', '/opt/ros/humble/bin:/home/vivaan/.local/bin:/usr/local/sbin:/usr/local/bin:/usr/sbin:/usr/bin:/sbin:/bin:/usr/games:/usr/local/games:/snap/bin:/snap/bin'), ('SESSION_MANAGER', 'local/vivaan-LOQ-15IAX9:@/tmp/.ICE-unix/2179,unix/vivaan-LOQ-15IAX9:/tmp/.ICE-unix/2179'), ('INVOCATION_ID', '868d2e86c1f54228bef16a0b255f95e8'), ('XDG_MENU_PREFIX', 'gnome-'), ('XDG_RUNTIME_DIR', '/run/user/1000'), ('DISPLAY', ':1'), ('TERMINATOR_DBUS_PATH', '/net/tenshu/Terminator2'), ('LANG', 'en_IN'), ('XDG_CURRENT_DESKTOP', 'ubuntu:GNOME'), ('IBUS_DISABLE_SNOOPER', '1'), ('XMODIFIERS', '@im=ibus'), ('XDG_SESSION_DESKTOP', 'ubuntu'), ('XAUTHORITY', '/run/user/1000/gdm/Xauthority'), ('LS_COLORS', 'rs=0:di=01;34:ln=01;36:mh=00:pi=40;33:so=01;35:do=01;35:bd=40;33;01:cd=40;33;01:or=40;31;01:mi=00:su=37;41:sg=30;43:ca=30;41:tw=30;42:ow=34;42:st=37;44:ex=01;32:*.tar=01;31:*.tgz=01;31:*.arc=01;31:*.arj=01;31:*.taz=01;31:*.lha=01;31:*.lz4=01;31:*.lzh=01;31:*.lzma=01;31:*.tlz=01;31:*.txz=01;31:*.tzo=01;31:*.t7z=01;31:*.zip=01;31:*.z=01;31:*.dz=01;31:*.gz=01;31:*.lrz=01;31:*.lz=01;31:*.lzo=01;31:*.xz=01;31:*.zst=01;31:*.tzst=01;31:*.bz2=01;31:*.bz=01;31:*.tbz=01;31:*.tbz2=01;31:*.tz=01;31:*.deb=01;31:*.rpm=01;31:*.jar=01;31:*.war=01;31:*.ear=01;31:*.sar=01;31:*.rar=01;31:*.alz=01;31:*.ace=01;31:*.zoo=01;31:*.cpio=01;31:*.7z=01;31:*.rz=01;31:*.cab=01;31:*.wim=01;31:*.swm=01;31:*.dwm=01;31:*.esd=01;31:*.jpg=01;35:*.jpeg=01;35:*.mjpg=01;35:*.mjpeg=01;35:*.gif=01;35:*.bmp=01;35:*.pbm=01;35:*.pgm=01;35:*.ppm=01;35:*.tga=01;35:*.xbm=01;35:*.xpm=01;35:*.tif=01;35:*.tiff=01;35:*.png=01;35:*.svg=01;35:*.svgz=01;35:*.mng=01;35:*.pcx=01;35:*.mov=01;35:*.mpg=01;35:*.mpeg=01;35:*.m2v=01;35:*.mkv=01;35:*.webm=01;35:*.webp=01;35:*.ogm=01;35:*.mp4=01;35:*.m4v=01;35:*.mp4v=01;35:*.vob=01;35:*.qt=01;35:*.nuv=01;35:*.wmv=01;35:*.asf=01;35:*.rm=01;35:*.rmvb=01;35:*.flc=01;35:*.avi=01;35:*.fli=01;35:*.flv=01;35:*.gl=01;35:*.dl=01;35:*.xcf=01;35:*.xwd=01;35:*.yuv=01;35:*.cgm=01;35:*.emf=01;35:*.ogv=01;35:*.ogx=01;35:*.aac=00;36:*.au=00;36:*.flac=00;36:*.m4a=00;36:*.mid=00;36:*.midi=00;36:*.mka=00;36:*.mp3=00;36:*.mpc=00;36:*.ogg=00;36:*.ra=00;36:*.wav=00;36:*.oga=00;36:*.opus=00;36:*.spx=00;36:*.xspf=00;36:'), ('SSH_AGENT_LAUNCHER', 'gnome-keyring'), ('SSH_AUTH_SOCK', '/run/user/1000/keyring/ssh'), ('ROS_DOMAIN_ID', '67'), ('AMENT_PREFIX_PATH', '/home/vivaan/Documents/star_project_submissions/Week_0/ros2_ws/install/tuos_simulations:/opt/ros/humble'), ('SHELL', '/bin/bash'), ('TERMINATOR_UUID', 'urn:uuid:d79e4617-827a-4722-bc17-e9d99e6a3cd6'), ('QT_ACCESSIBILITY', '1'), ('GDMSESSION', 'ubuntu'), ('LESSCLOSE', '/usr/bin/lesspipe %s %s'), ('GPG_AGENT_INFO', '/run/user/1000/gnupg/S.gpg-agent:0:1'), ('QT_IM_MODULE', 'ibus'), ('PWD', '/home/vivaan/Documents/star_project_submissions/Week_0/ros2_ws/build/com2009_simulations'), ('TURTLEBOT3_MODEL', 'waffle'), ('XDG_CONFIG_DIRS', '/etc/xdg/xdg-ubuntu:/etc/xdg'), ('XDG_DATA_DIRS', '/usr/share/ubuntu:/usr/share/gnome:/usr/local/share/:/usr/share/:/var/lib/snapd/desktop'), ('PYTHONPATH', '/opt/ros/humble/lib/python3.10/site-packages:/opt/ros/humble/local/lib/python3.10/dist-packages'), ('COLCON', '1'), ('VTE_VERSION', '6800'), ('CMAKE_PREFIX_PATH', '/home/vivaan/Documents/star_project_submissions/Week_0/ros2_ws/install/tuos_simulations:/opt/ros/humble')]), 'shell': False}
[1.254598] (tuos_examples) StdoutLine: {'line': b'[ 50%] \x1b[32mBuilding CXX object CMakeFiles/cpp_executable.dir/src/minimal_node.cpp.o\x1b[0m\n'}
[1.258946] (tuos_examples) StdoutLine: {'line': b'[ 50%] Built target ament_cmake_python_copy_tuos_examples\n'}
[1.294893] (tuos_interfaces) StdoutLine: {'line': b'-- Using all available rosidl_typesupport_cpp: rosidl_typesupport_fastrtps_cpp;rosidl_typesupport_introspection_cpp\n'}
[1.298680] (com2009_simulations) StdoutLine: {'line': b'-- The C compiler identification is GNU 11.4.0\n'}
[1.301012] (-) TimerEvent: {}
[1.321721] (tuos_interfaces) StdoutLine: {'line': b'-- Found PythonInterp: /usr/bin/python3 (found suitable version "3.10.12", minimum required is "3.6") \n'}
[1.323172] (tuos_interfaces) StdoutLine: {'line': b'-- Found python_cmake_module: 0.10.0 (/opt/ros/humble/share/python_cmake_module/cmake)\n'}
[1.344578] (tuos_interfaces) StdoutLine: {'line': b'-- Found PythonLibs: /usr/lib/x86_64-linux-gnu/libpython3.10.so (found suitable version "3.10.12", minimum required is "3.5") \n'}
[1.344741] (tuos_interfaces) StdoutLine: {'line': b'-- Using PYTHON_EXECUTABLE: /usr/bin/python3\n'}
[1.344778] (tuos_interfaces) StdoutLine: {'line': b'-- Using PYTHON_INCLUDE_DIRS: /usr/include/python3.10\n'}
[1.344811] (tuos_interfaces) StdoutLine: {'line': b'-- Using PYTHON_LIBRARIES: /usr/lib/x86_64-linux-gnu/libpython3.10.so\n'}
[1.352777] (com2009_simulations) StdoutLine: {'line': b'-- The CXX compiler identification is GNU 11.4.0\n'}
[1.360093] (com2009_simulations) StdoutLine: {'line': b'-- Detecting C compiler ABI info\n'}
[1.361154] (tuos_interfaces) StdoutLine: {'line': b'-- Found PythonExtra: .so  \n'}
[1.374178] (part1_pubsub) StdoutLine: {'line': b'running egg_info\n'}
[1.383499] (part1_pubsub) StdoutLine: {'line': b'creating part1_pubsub_modules.egg-info\n'}
[1.383679] (part1_pubsub) StdoutLine: {'line': b'writing part1_pubsub_modules.egg-info/PKG-INFO\n'}
[1.383890] (part1_pubsub) StdoutLine: {'line': b'writing dependency_links to part1_pubsub_modules.egg-info/dependency_links.txt\n'}
[1.384084] (part1_pubsub) StdoutLine: {'line': b'writing top-level names to part1_pubsub_modules.egg-info/top_level.txt\n'}
[1.384191] (part1_pubsub) StdoutLine: {'line': b"writing manifest file 'part1_pubsub_modules.egg-info/SOURCES.txt'\n"}
[1.401105] (-) TimerEvent: {}
[1.413333] (part1_pubsub) StdoutLine: {'line': b"reading manifest file 'part1_pubsub_modules.egg-info/SOURCES.txt'\n"}
[1.414042] (part1_pubsub) StdoutLine: {'line': b"writing manifest file 'part1_pubsub_modules.egg-info/SOURCES.txt'\n"}
[1.423713] (com2009_simulations) StdoutLine: {'line': b'-- Detecting C compiler ABI info - done\n'}
[1.432040] (com2009_simulations) StdoutLine: {'line': b'-- Check for working C compiler: /usr/bin/cc - skipped\n'}
[1.432295] (com2009_simulations) StdoutLine: {'line': b'-- Detecting C compile features\n'}
[1.432781] (com2009_simulations) StdoutLine: {'line': b'-- Detecting C compile features - done\n'}
[1.436043] (com2009_simulations) StdoutLine: {'line': b'-- Detecting CXX compiler ABI info\n'}
[1.438906] (part1_pubsub) StdoutLine: {'line': b'Built target ament_cmake_python_build_part1_pubsub_modules_egg\n'}
[1.439817] (tuos_interfaces) StdoutLine: {'line': b"-- Added test 'copyright' to check source files copyright and LICENSE\n"}
[1.441043] (tuos_interfaces) StdoutLine: {'line': b"-- Added test 'lint_cmake' to check CMake code style\n"}
[1.441752] (tuos_interfaces) StdoutLine: {'line': b"-- Added test 'xmllint' to check XML markup files\n"}
[1.444625] (tuos_interfaces) StdoutLine: {'line': b'-- Configuring done\n'}
[1.447299] (part1_pubsub) CommandEnded: {'returncode': 0}
[1.447932] (part1_pubsub) JobProgress: {'identifier': 'part1_pubsub', 'progress': 'install'}
[1.448196] (part1_pubsub) Command: {'cmd': ['/usr/bin/cmake', '--install', '/home/vivaan/Documents/star_project_submissions/Week_0/ros2_ws/build/part1_pubsub'], 'cwd': '/home/vivaan/Documents/star_project_submissions/Week_0/ros2_ws/build/part1_pubsub', 'env': OrderedDict([('LESSOPEN', '| /usr/bin/lesspipe %s'), ('LANGUAGE', 'en_IN:en'), ('USER', 'vivaan'), ('XDG_SESSION_TYPE', 'x11'), ('SHLVL', '1'), ('LD_LIBRARY_PATH', '/usr/lib/x86_64-linux-gnu/gazebo-11/plugins:/opt/ros/humble/opt/rviz_ogre_vendor/lib:/opt/ros/humble/lib/x86_64-linux-gnu:/opt/ros/humble/lib'), ('HOME', '/home/vivaan'), ('OLDPWD', '/home/vivaan/Documents/star_project_submissions'), ('DESKTOP_SESSION', 'ubuntu'), ('ROS_PYTHON_VERSION', '3'), ('GNOME_SHELL_SESSION_MODE', 'ubuntu'), ('GTK_MODULES', 'gail:atk-bridge'), ('MANAGERPID', '1945'), ('SYSTEMD_EXEC_PID', '2342'), ('DBUS_SESSION_BUS_ADDRESS', 'unix:path=/run/user/1000/bus'), ('COLORTERM', 'truecolor'), ('TERMINATOR_DBUS_NAME', 'net.tenshu.Terminator23558193cd9818af7fe4d2c2f5bd9d00f'), ('GIO_LAUNCHED_DESKTOP_FILE_PID', '75211'), ('ROS_DISTRO', 'humble'), ('GTK_IM_MODULE', 'ibus'), ('LOGNAME', 'vivaan'), ('JOURNAL_STREAM', '8:22727'), ('_', '/usr/bin/colcon'), ('ROS_VERSION', '2'), ('XDG_SESSION_CLASS', 'user'), ('USERNAME', 'vivaan'), ('TERM', 'xterm-256color'), ('GNOME_DESKTOP_SESSION_ID', 'this-is-deprecated'), ('ROS_LOCALHOST_ONLY', '0'), ('WINDOWPATH', '2'), ('PATH', '/opt/ros/humble/bin:/home/vivaan/.local/bin:/usr/local/sbin:/usr/local/bin:/usr/sbin:/usr/bin:/sbin:/bin:/usr/games:/usr/local/games:/snap/bin:/snap/bin'), ('SESSION_MANAGER', 'local/vivaan-LOQ-15IAX9:@/tmp/.ICE-unix/2179,unix/vivaan-LOQ-15IAX9:/tmp/.ICE-unix/2179'), ('INVOCATION_ID', '868d2e86c1f54228bef16a0b255f95e8'), ('XDG_MENU_PREFIX', 'gnome-'), ('XDG_RUNTIME_DIR', '/run/user/1000'), ('DISPLAY', ':1'), ('TERMINATOR_DBUS_PATH', '/net/tenshu/Terminator2'), ('LANG', 'en_IN'), ('XDG_CURRENT_DESKTOP', 'ubuntu:GNOME'), ('IBUS_DISABLE_SNOOPER', '1'), ('XMODIFIERS', '@im=ibus'), ('XDG_SESSION_DESKTOP', 'ubuntu'), ('XAUTHORITY', '/run/user/1000/gdm/Xauthority'), ('LS_COLORS', 'rs=0:di=01;34:ln=01;36:mh=00:pi=40;33:so=01;35:do=01;35:bd=40;33;01:cd=40;33;01:or=40;31;01:mi=00:su=37;41:sg=30;43:ca=30;41:tw=30;42:ow=34;42:st=37;44:ex=01;32:*.tar=01;31:*.tgz=01;31:*.arc=01;31:*.arj=01;31:*.taz=01;31:*.lha=01;31:*.lz4=01;31:*.lzh=01;31:*.lzma=01;31:*.tlz=01;31:*.txz=01;31:*.tzo=01;31:*.t7z=01;31:*.zip=01;31:*.z=01;31:*.dz=01;31:*.gz=01;31:*.lrz=01;31:*.lz=01;31:*.lzo=01;31:*.xz=01;31:*.zst=01;31:*.tzst=01;31:*.bz2=01;31:*.bz=01;31:*.tbz=01;31:*.tbz2=01;31:*.tz=01;31:*.deb=01;31:*.rpm=01;31:*.jar=01;31:*.war=01;31:*.ear=01;31:*.sar=01;31:*.rar=01;31:*.alz=01;31:*.ace=01;31:*.zoo=01;31:*.cpio=01;31:*.7z=01;31:*.rz=01;31:*.cab=01;31:*.wim=01;31:*.swm=01;31:*.dwm=01;31:*.esd=01;31:*.jpg=01;35:*.jpeg=01;35:*.mjpg=01;35:*.mjpeg=01;35:*.gif=01;35:*.bmp=01;35:*.pbm=01;35:*.pgm=01;35:*.ppm=01;35:*.tga=01;35:*.xbm=01;35:*.xpm=01;35:*.tif=01;35:*.tiff=01;35:*.png=01;35:*.svg=01;35:*.svgz=01;35:*.mng=01;35:*.pcx=01;35:*.mov=01;35:*.mpg=01;35:*.mpeg=01;35:*.m2v=01;35:*.mkv=01;35:*.webm=01;35:*.webp=01;35:*.ogm=01;35:*.mp4=01;35:*.m4v=01;35:*.mp4v=01;35:*.vob=01;35:*.qt=01;35:*.nuv=01;35:*.wmv=01;35:*.asf=01;35:*.rm=01;35:*.rmvb=01;35:*.flc=01;35:*.avi=01;35:*.fli=01;35:*.flv=01;35:*.gl=01;35:*.dl=01;35:*.xcf=01;35:*.xwd=01;35:*.yuv=01;35:*.cgm=01;35:*.emf=01;35:*.ogv=01;35:*.ogx=01;35:*.aac=00;36:*.au=00;36:*.flac=00;36:*.m4a=00;36:*.mid=00;36:*.midi=00;36:*.mka=00;36:*.mp3=00;36:*.mpc=00;36:*.ogg=00;36:*.ra=00;36:*.wav=00;36:*.oga=00;36:*.opus=00;36:*.spx=00;36:*.xspf=00;36:'), ('SSH_AGENT_LAUNCHER', 'gnome-keyring'), ('SSH_AUTH_SOCK', '/run/user/1000/keyring/ssh'), ('ROS_DOMAIN_ID', '67'), ('AMENT_PREFIX_PATH', '/opt/ros/humble'), ('SHELL', '/bin/bash'), ('TERMINATOR_UUID', 'urn:uuid:d79e4617-827a-4722-bc17-e9d99e6a3cd6'), ('QT_ACCESSIBILITY', '1'), ('GDMSESSION', 'ubuntu'), ('LESSCLOSE', '/usr/bin/lesspipe %s %s'), ('GPG_AGENT_INFO', '/run/user/1000/gnupg/S.gpg-agent:0:1'), ('QT_IM_MODULE', 'ibus'), ('PWD', '/home/vivaan/Documents/star_project_submissions/Week_0/ros2_ws/build/part1_pubsub'), ('TURTLEBOT3_MODEL', 'waffle'), ('XDG_CONFIG_DIRS', '/etc/xdg/xdg-ubuntu:/etc/xdg'), ('XDG_DATA_DIRS', '/usr/share/ubuntu:/usr/share/gnome:/usr/local/share/:/usr/share/:/var/lib/snapd/desktop'), ('PYTHONPATH', '/opt/ros/humble/lib/python3.10/site-packages:/opt/ros/humble/local/lib/python3.10/dist-packages'), ('COLCON', '1'), ('VTE_VERSION', '6800'), ('CMAKE_PREFIX_PATH', '/opt/ros/humble')]), 'shell': False}
[1.456489] (part1_pubsub) StdoutLine: {'line': b'-- Install configuration: ""\n'}
[1.456689] (part1_pubsub) StdoutLine: {'line': b'-- Installing: /home/vivaan/Documents/star_project_submissions/Week_0/ros2_ws/install/part1_pubsub/share/part1_pubsub/environment/pythonpath.sh\n'}
[1.456838] (part1_pubsub) StdoutLine: {'line': b'-- Installing: /home/vivaan/Documents/star_project_submissions/Week_0/ros2_ws/install/part1_pubsub/share/part1_pubsub/environment/pythonpath.dsv\n'}
[1.456997] (part1_pubsub) StdoutLine: {'line': b'-- Installing: /home/vivaan/Documents/star_project_submissions/Week_0/ros2_ws/install/part1_pubsub/local/lib/python3.10/dist-packages/part1_pubsub_modules-0.0.0-py3.10.egg-info\n'}
[1.457167] (part1_pubsub) StdoutLine: {'line': b'-- Installing: /home/vivaan/Documents/star_project_submissions/Week_0/ros2_ws/install/part1_pubsub/local/lib/python3.10/dist-packages/part1_pubsub_modules-0.0.0-py3.10.egg-info/PKG-INFO\n'}
[1.457280] (part1_pubsub) StdoutLine: {'line': b'-- Installing: /home/vivaan/Documents/star_project_submissions/Week_0/ros2_ws/install/part1_pubsub/local/lib/python3.10/dist-packages/part1_pubsub_modules-0.0.0-py3.10.egg-info/top_level.txt\n'}
[1.457387] (part1_pubsub) StdoutLine: {'line': b'-- Installing: /home/vivaan/Documents/star_project_submissions/Week_0/ros2_ws/install/part1_pubsub/local/lib/python3.10/dist-packages/part1_pubsub_modules-0.0.0-py3.10.egg-info/dependency_links.txt\n'}
[1.457497] (part1_pubsub) StdoutLine: {'line': b'-- Installing: /home/vivaan/Documents/star_project_submissions/Week_0/ros2_ws/install/part1_pubsub/local/lib/python3.10/dist-packages/part1_pubsub_modules-0.0.0-py3.10.egg-info/SOURCES.txt\n'}
[1.457658] (part1_pubsub) StdoutLine: {'line': b'-- Installing: /home/vivaan/Documents/star_project_submissions/Week_0/ros2_ws/install/part1_pubsub/local/lib/python3.10/dist-packages/part1_pubsub_modules\n'}
[1.457750] (part1_pubsub) StdoutLine: {'line': b'-- Installing: /home/vivaan/Documents/star_project_submissions/Week_0/ros2_ws/install/part1_pubsub/local/lib/python3.10/dist-packages/part1_pubsub_modules/tb3_tools.py\n'}
[1.457842] (part1_pubsub) StdoutLine: {'line': b'-- Installing: /home/vivaan/Documents/star_project_submissions/Week_0/ros2_ws/install/part1_pubsub/local/lib/python3.10/dist-packages/part1_pubsub_modules/__init__.py\n'}
[1.470394] (tuos_interfaces) StdoutLine: {'line': b'-- Generating done\n'}
[1.479703] (tuos_interfaces) StdoutLine: {'line': b'-- Build files have been written to: /home/vivaan/Documents/star_project_submissions/Week_0/ros2_ws/build/tuos_interfaces\n'}
[1.482305] (part1_pubsub) StdoutLine: {'line': b"Listing '/home/vivaan/Documents/star_project_submissions/Week_0/ros2_ws/install/part1_pubsub/local/lib/python3.10/dist-packages/part1_pubsub_modules'...\n"}
[1.482479] (part1_pubsub) StdoutLine: {'line': b"Compiling '/home/vivaan/Documents/star_project_submissions/Week_0/ros2_ws/install/part1_pubsub/local/lib/python3.10/dist-packages/part1_pubsub_modules/__init__.py'...\n"}
[1.482568] (part1_pubsub) StdoutLine: {'line': b"Compiling '/home/vivaan/Documents/star_project_submissions/Week_0/ros2_ws/install/part1_pubsub/local/lib/python3.10/dist-packages/part1_pubsub_modules/tb3_tools.py'...\n"}
[1.486222] (part1_pubsub) StdoutLine: {'line': b'-- Installing: /home/vivaan/Documents/star_project_submissions/Week_0/ros2_ws/install/part1_pubsub/lib/part1_pubsub/basic_velocity_control.py\n'}
[1.486369] (part1_pubsub) StdoutLine: {'line': b'-- Installing: /home/vivaan/Documents/star_project_submissions/Week_0/ros2_ws/install/part1_pubsub/lib/part1_pubsub/stop_me.py\n'}
[1.486428] (part1_pubsub) StdoutLine: {'line': b'-- Installing: /home/vivaan/Documents/star_project_submissions/Week_0/ros2_ws/install/part1_pubsub/lib/part1_pubsub/publisher.py\n'}
[1.486677] (part1_pubsub) StdoutLine: {'line': b'-- Installing: /home/vivaan/Documents/star_project_submissions/Week_0/ros2_ws/install/part1_pubsub/share/ament_index/resource_index/package_run_dependencies/part1_pubsub\n'}
[1.486890] (part1_pubsub) StdoutLine: {'line': b'-- Installing: /home/vivaan/Documents/star_project_submissions/Week_0/ros2_ws/install/part1_pubsub/share/ament_index/resource_index/parent_prefix_path/part1_pubsub\n'}
[1.487045] (part1_pubsub) StdoutLine: {'line': b'-- Installing: /home/vivaan/Documents/star_project_submissions/Week_0/ros2_ws/install/part1_pubsub/share/part1_pubsub/environment/ament_prefix_path.sh\n'}
[1.487182] (part1_pubsub) StdoutLine: {'line': b'-- Installing: /home/vivaan/Documents/star_project_submissions/Week_0/ros2_ws/install/part1_pubsub/share/part1_pubsub/environment/ament_prefix_path.dsv\n'}
[1.487344] (part1_pubsub) StdoutLine: {'line': b'-- Installing: /home/vivaan/Documents/star_project_submissions/Week_0/ros2_ws/install/part1_pubsub/share/part1_pubsub/environment/path.sh\n'}
[1.487571] (part1_pubsub) StdoutLine: {'line': b'-- Installing: /home/vivaan/Documents/star_project_submissions/Week_0/ros2_ws/install/part1_pubsub/share/part1_pubsub/environment/path.dsv\n'}
[1.487795] (part1_pubsub) StdoutLine: {'line': b'-- Installing: /home/vivaan/Documents/star_project_submissions/Week_0/ros2_ws/install/part1_pubsub/share/part1_pubsub/local_setup.bash\n'}
[1.487948] (part1_pubsub) StdoutLine: {'line': b'-- Installing: /home/vivaan/Documents/star_project_submissions/Week_0/ros2_ws/install/part1_pubsub/share/part1_pubsub/local_setup.sh\n'}
[1.488173] (part1_pubsub) StdoutLine: {'line': b'-- Installing: /home/vivaan/Documents/star_project_submissions/Week_0/ros2_ws/install/part1_pubsub/share/part1_pubsub/local_setup.zsh\n'}
[1.488230] (part1_pubsub) StdoutLine: {'line': b'-- Installing: /home/vivaan/Documents/star_project_submissions/Week_0/ros2_ws/install/part1_pubsub/share/part1_pubsub/local_setup.dsv\n'}
[1.488394] (part1_pubsub) StdoutLine: {'line': b'-- Installing: /home/vivaan/Documents/star_project_submissions/Week_0/ros2_ws/install/part1_pubsub/share/part1_pubsub/package.dsv\n'}
[1.488442] (tuos_interfaces) CommandEnded: {'returncode': 0}
[1.488735] (part1_pubsub) StdoutLine: {'line': b'-- Installing: /home/vivaan/Documents/star_project_submissions/Week_0/ros2_ws/install/part1_pubsub/share/ament_index/resource_index/packages/part1_pubsub\n'}
[1.488792] (part1_pubsub) StdoutLine: {'line': b'-- Installing: /home/vivaan/Documents/star_project_submissions/Week_0/ros2_ws/install/part1_pubsub/share/part1_pubsub/cmake/part1_pubsubConfig.cmake\n'}
[1.488830] (part1_pubsub) StdoutLine: {'line': b'-- Installing: /home/vivaan/Documents/star_project_submissions/Week_0/ros2_ws/install/part1_pubsub/share/part1_pubsub/cmake/part1_pubsubConfig-version.cmake\n'}
[1.488896] (part1_pubsub) StdoutLine: {'line': b'-- Installing: /home/vivaan/Documents/star_project_submissions/Week_0/ros2_ws/install/part1_pubsub/share/part1_pubsub/package.xml\n'}
[1.489098] (tuos_interfaces) JobProgress: {'identifier': 'tuos_interfaces', 'progress': 'build'}
[1.489319] (tuos_interfaces) Command: {'cmd': ['/usr/bin/cmake', '--build', '/home/vivaan/Documents/star_project_submissions/Week_0/ros2_ws/build/tuos_interfaces', '--', '-j12', '-l12'], 'cwd': '/home/vivaan/Documents/star_project_submissions/Week_0/ros2_ws/build/tuos_interfaces', 'env': OrderedDict([('LESSOPEN', '| /usr/bin/lesspipe %s'), ('LANGUAGE', 'en_IN:en'), ('USER', 'vivaan'), ('XDG_SESSION_TYPE', 'x11'), ('SHLVL', '1'), ('LD_LIBRARY_PATH', '/usr/lib/x86_64-linux-gnu/gazebo-11/plugins:/opt/ros/humble/opt/rviz_ogre_vendor/lib:/opt/ros/humble/lib/x86_64-linux-gnu:/opt/ros/humble/lib'), ('HOME', '/home/vivaan'), ('OLDPWD', '/home/vivaan/Documents/star_project_submissions'), ('DESKTOP_SESSION', 'ubuntu'), ('ROS_PYTHON_VERSION', '3'), ('GNOME_SHELL_SESSION_MODE', 'ubuntu'), ('GTK_MODULES', 'gail:atk-bridge'), ('MANAGERPID', '1945'), ('SYSTEMD_EXEC_PID', '2342'), ('DBUS_SESSION_BUS_ADDRESS', 'unix:path=/run/user/1000/bus'), ('COLORTERM', 'truecolor'), ('TERMINATOR_DBUS_NAME', 'net.tenshu.Terminator23558193cd9818af7fe4d2c2f5bd9d00f'), ('GIO_LAUNCHED_DESKTOP_FILE_PID', '75211'), ('ROS_DISTRO', 'humble'), ('GTK_IM_MODULE', 'ibus'), ('LOGNAME', 'vivaan'), ('JOURNAL_STREAM', '8:22727'), ('_', '/usr/bin/colcon'), ('ROS_VERSION', '2'), ('XDG_SESSION_CLASS', 'user'), ('USERNAME', 'vivaan'), ('TERM', 'xterm-256color'), ('GNOME_DESKTOP_SESSION_ID', 'this-is-deprecated'), ('ROS_LOCALHOST_ONLY', '0'), ('WINDOWPATH', '2'), ('PATH', '/opt/ros/humble/bin:/home/vivaan/.local/bin:/usr/local/sbin:/usr/local/bin:/usr/sbin:/usr/bin:/sbin:/bin:/usr/games:/usr/local/games:/snap/bin:/snap/bin'), ('SESSION_MANAGER', 'local/vivaan-LOQ-15IAX9:@/tmp/.ICE-unix/2179,unix/vivaan-LOQ-15IAX9:/tmp/.ICE-unix/2179'), ('INVOCATION_ID', '868d2e86c1f54228bef16a0b255f95e8'), ('XDG_MENU_PREFIX', 'gnome-'), ('XDG_RUNTIME_DIR', '/run/user/1000'), ('DISPLAY', ':1'), ('TERMINATOR_DBUS_PATH', '/net/tenshu/Terminator2'), ('LANG', 'en_IN'), ('XDG_CURRENT_DESKTOP', 'ubuntu:GNOME'), ('IBUS_DISABLE_SNOOPER', '1'), ('XMODIFIERS', '@im=ibus'), ('XDG_SESSION_DESKTOP', 'ubuntu'), ('XAUTHORITY', '/run/user/1000/gdm/Xauthority'), ('LS_COLORS', 'rs=0:di=01;34:ln=01;36:mh=00:pi=40;33:so=01;35:do=01;35:bd=40;33;01:cd=40;33;01:or=40;31;01:mi=00:su=37;41:sg=30;43:ca=30;41:tw=30;42:ow=34;42:st=37;44:ex=01;32:*.tar=01;31:*.tgz=01;31:*.arc=01;31:*.arj=01;31:*.taz=01;31:*.lha=01;31:*.lz4=01;31:*.lzh=01;31:*.lzma=01;31:*.tlz=01;31:*.txz=01;31:*.tzo=01;31:*.t7z=01;31:*.zip=01;31:*.z=01;31:*.dz=01;31:*.gz=01;31:*.lrz=01;31:*.lz=01;31:*.lzo=01;31:*.xz=01;31:*.zst=01;31:*.tzst=01;31:*.bz2=01;31:*.bz=01;31:*.tbz=01;31:*.tbz2=01;31:*.tz=01;31:*.deb=01;31:*.rpm=01;31:*.jar=01;31:*.war=01;31:*.ear=01;31:*.sar=01;31:*.rar=01;31:*.alz=01;31:*.ace=01;31:*.zoo=01;31:*.cpio=01;31:*.7z=01;31:*.rz=01;31:*.cab=01;31:*.wim=01;31:*.swm=01;31:*.dwm=01;31:*.esd=01;31:*.jpg=01;35:*.jpeg=01;35:*.mjpg=01;35:*.mjpeg=01;35:*.gif=01;35:*.bmp=01;35:*.pbm=01;35:*.pgm=01;35:*.ppm=01;35:*.tga=01;35:*.xbm=01;35:*.xpm=01;35:*.tif=01;35:*.tiff=01;35:*.png=01;35:*.svg=01;35:*.svgz=01;35:*.mng=01;35:*.pcx=01;35:*.mov=01;35:*.mpg=01;35:*.mpeg=01;35:*.m2v=01;35:*.mkv=01;35:*.webm=01;35:*.webp=01;35:*.ogm=01;35:*.mp4=01;35:*.m4v=01;35:*.mp4v=01;35:*.vob=01;35:*.qt=01;35:*.nuv=01;35:*.wmv=01;35:*.asf=01;35:*.rm=01;35:*.rmvb=01;35:*.flc=01;35:*.avi=01;35:*.fli=01;35:*.flv=01;35:*.gl=01;35:*.dl=01;35:*.xcf=01;35:*.xwd=01;35:*.yuv=01;35:*.cgm=01;35:*.emf=01;35:*.ogv=01;35:*.ogx=01;35:*.aac=00;36:*.au=00;36:*.flac=00;36:*.m4a=00;36:*.mid=00;36:*.midi=00;36:*.mka=00;36:*.mp3=00;36:*.mpc=00;36:*.ogg=00;36:*.ra=00;36:*.wav=00;36:*.oga=00;36:*.opus=00;36:*.spx=00;36:*.xspf=00;36:'), ('SSH_AGENT_LAUNCHER', 'gnome-keyring'), ('SSH_AUTH_SOCK', '/run/user/1000/keyring/ssh'), ('ROS_DOMAIN_ID', '67'), ('AMENT_PREFIX_PATH', '/opt/ros/humble'), ('SHELL', '/bin/bash'), ('TERMINATOR_UUID', 'urn:uuid:d79e4617-827a-4722-bc17-e9d99e6a3cd6'), ('QT_ACCESSIBILITY', '1'), ('GDMSESSION', 'ubuntu'), ('LESSCLOSE', '/usr/bin/lesspipe %s %s'), ('GPG_AGENT_INFO', '/run/user/1000/gnupg/S.gpg-agent:0:1'), ('QT_IM_MODULE', 'ibus'), ('PWD', '/home/vivaan/Documents/star_project_submissions/Week_0/ros2_ws/build/tuos_interfaces'), ('TURTLEBOT3_MODEL', 'waffle'), ('XDG_CONFIG_DIRS', '/etc/xdg/xdg-ubuntu:/etc/xdg'), ('XDG_DATA_DIRS', '/usr/share/ubuntu:/usr/share/gnome:/usr/local/share/:/usr/share/:/var/lib/snapd/desktop'), ('PYTHONPATH', '/opt/ros/humble/lib/python3.10/site-packages:/opt/ros/humble/local/lib/python3.10/dist-packages'), ('COLCON', '1'), ('VTE_VERSION', '6800'), ('CMAKE_PREFIX_PATH', '/opt/ros/humble')]), 'shell': False}
[1.490937] (part1_pubsub) CommandEnded: {'returncode': 0}
[1.495877] (com2009_simulations) StdoutLine: {'line': b'-- Detecting CXX compiler ABI info - done\n'}
[1.500344] (part1_pubsub) JobEnded: {'identifier': 'part1_pubsub', 'rc': 0}
[1.501177] (-) TimerEvent: {}
[1.504952] (com2009_simulations) StdoutLine: {'line': b'-- Check for working CXX compiler: /usr/bin/c++ - skipped\n'}
[1.505223] (com2009_simulations) StdoutLine: {'line': b'-- Detecting CXX compile features\n'}
[1.505770] (com2009_simulations) StdoutLine: {'line': b'-- Detecting CXX compile features - done\n'}
[1.508203] (com2009_simulations) StdoutLine: {'line': b'-- Found ament_cmake: 1.3.14 (/opt/ros/humble/share/ament_cmake/cmake)\n'}
[1.518318] (tuos_interfaces) StdoutLine: {'line': b'[  2%] \x1b[34m\x1b[1mGenerating C code for ROS interfaces\x1b[0m\n'}
[1.524043] (tuos_examples) StdoutLine: {'line': b'running egg_info\n'}
[1.527006] (tuos_interfaces) StdoutLine: {'line': b'[  4%] \x1b[34m\x1b[1mGenerating C++ code for ROS interfaces\x1b[0m\n'}
[1.527805] (tuos_interfaces) StdoutLine: {'line': b'[  6%] \x1b[34m\x1b[1mGenerating Rust code for ROS interfaces\x1b[0m\n'}
[1.531281] (tuos_interfaces) StdoutLine: {'line': b'[  6%] Built target ament_cmake_python_copy_tuos_interfaces\n'}
[1.545601] (tuos_examples) StdoutLine: {'line': b'creating tuos_examples.egg-info\n'}
[1.545782] (tuos_examples) StdoutLine: {'line': b'writing tuos_examples.egg-info/PKG-INFO\n'}
[1.545853] (tuos_examples) StdoutLine: {'line': b'writing dependency_links to tuos_examples.egg-info/dependency_links.txt\n'}
[1.546094] (tuos_examples) StdoutLine: {'line': b'writing top-level names to tuos_examples.egg-info/top_level.txt\n'}
[1.546295] (tuos_examples) StdoutLine: {'line': b"writing manifest file 'tuos_examples.egg-info/SOURCES.txt'\n"}
[1.601498] (-) TimerEvent: {}
[1.610799] (tuos_examples) StdoutLine: {'line': b"reading manifest file 'tuos_examples.egg-info/SOURCES.txt'\n"}
[1.612547] (tuos_examples) StdoutLine: {'line': b"writing manifest file 'tuos_examples.egg-info/SOURCES.txt'\n"}
[1.654857] (tuos_examples) StdoutLine: {'line': b'[ 50%] Built target ament_cmake_python_build_tuos_examples_egg\n'}
[1.701592] (-) TimerEvent: {}
[1.762284] (tuos_interfaces) StdoutLine: {'line': b'running egg_info\n'}
[1.773190] (tuos_interfaces) StdoutLine: {'line': b'creating tuos_interfaces.egg-info\n'}
[1.773421] (tuos_interfaces) StdoutLine: {'line': b'writing tuos_interfaces.egg-info/PKG-INFO\n'}
[1.773760] (tuos_interfaces) StdoutLine: {'line': b'writing dependency_links to tuos_interfaces.egg-info/dependency_links.txt\n'}
[1.774019] (tuos_interfaces) StdoutLine: {'line': b'writing top-level names to tuos_interfaces.egg-info/top_level.txt\n'}
[1.774220] (tuos_interfaces) StdoutLine: {'line': b"writing manifest file 'tuos_interfaces.egg-info/SOURCES.txt'\n"}
[1.801696] (-) TimerEvent: {}
[1.803810] (tuos_interfaces) StdoutLine: {'line': b"reading manifest file 'tuos_interfaces.egg-info/SOURCES.txt'\n"}
[1.804721] (tuos_interfaces) StdoutLine: {'line': b"writing manifest file 'tuos_interfaces.egg-info/SOURCES.txt'\n"}
[1.827497] (tuos_interfaces) StdoutLine: {'line': b'[  6%] Built target tuos_interfaces__rs\n'}
[1.834849] (tuos_interfaces) StdoutLine: {'line': b'[  6%] Built target ament_cmake_python_build_tuos_interfaces_egg\n'}
[1.893825] (com2009_simulations) StdoutLine: {'line': b'-- Found Python3: /usr/bin/python3 (found version "3.10.12") found components: Interpreter \n'}
[1.901786] (-) TimerEvent: {}
[1.961748] (tuos_interfaces) StdoutLine: {'line': b'[  6%] Built target tuos_interfaces__cpp\n'}
[1.972610] (tuos_interfaces) StdoutLine: {'line': b'[  8%] \x1b[34m\x1b[1mGenerating C++ introspection for ROS interfaces\x1b[0m\n'}
[1.972878] (tuos_interfaces) StdoutLine: {'line': b'[ 12%] \x1b[34m\x1b[1mGenerating C++ type support dispatch for ROS interfaces\x1b[0m\n'}
[1.972974] (tuos_interfaces) StdoutLine: {'line': b'[ 12%] \x1b[34m\x1b[1mGenerating C++ type support for eProsima Fast-RTPS\x1b[0m\n'}
[1.995894] (com2009_simulations) StdoutLine: {'line': b'-- Found gazebo_ros_pkgs: 3.9.0 (/opt/ros/humble/share/gazebo_ros_pkgs/cmake)\n'}
[1.997258] (com2009_simulations) StdoutLine: {'line': b'-- Found turtlebot3_gazebo: 2.3.8 (/opt/ros/humble/share/turtlebot3_gazebo/cmake)\n'}
[2.001873] (-) TimerEvent: {}
[2.040506] (com2009_simulations) StdoutLine: {'line': b'-- Found rosidl_generator_c: 3.1.8 (/opt/ros/humble/share/rosidl_generator_c/cmake)\n'}
[2.045961] (com2009_simulations) StdoutLine: {'line': b'-- Found rosidl_adapter: 3.1.8 (/opt/ros/humble/share/rosidl_adapter/cmake)\n'}
[2.055397] (com2009_simulations) StdoutLine: {'line': b'-- Found rosidl_generator_cpp: 3.1.8 (/opt/ros/humble/share/rosidl_generator_cpp/cmake)\n'}
[2.069206] (com2009_simulations) StdoutLine: {'line': b'-- Using all available rosidl_typesupport_c: rosidl_typesupport_fastrtps_c;rosidl_typesupport_introspection_c\n'}
[2.086788] (com2009_simulations) StdoutLine: {'line': b'-- Using all available rosidl_typesupport_cpp: rosidl_typesupport_fastrtps_cpp;rosidl_typesupport_introspection_cpp\n'}
[2.101960] (-) TimerEvent: {}
[2.190007] (tuos_interfaces) StdoutLine: {'line': b'[ 16%] \x1b[32mBuilding C object CMakeFiles/tuos_interfaces__rosidl_generator_c.dir/rosidl_generator_c/tuos_interfaces/srv/detail/number_game__functions.c.o\x1b[0m\n'}
[2.190178] (tuos_interfaces) StdoutLine: {'line': b'[ 16%] \x1b[32mBuilding C object CMakeFiles/tuos_interfaces__rosidl_generator_c.dir/rosidl_generator_c/tuos_interfaces/action/detail/camera_sweep__functions.c.o\x1b[0m\n'}
[2.190294] (tuos_interfaces) StdoutLine: {'line': b'[ 18%] \x1b[32mBuilding C object CMakeFiles/tuos_interfaces__rosidl_generator_c.dir/rosidl_generator_c/tuos_interfaces/msg/detail/num__functions.c.o\x1b[0m\n'}
[2.198528] (com2009_simulations) StdoutLine: {'line': b'-- Found rmw_implementation_cmake: 6.1.2 (/opt/ros/humble/share/rmw_implementation_cmake/cmake)\n'}
[2.201694] (com2009_simulations) StdoutLine: {'line': b'-- Found rmw_fastrtps_cpp: 6.2.10 (/opt/ros/humble/share/rmw_fastrtps_cpp/cmake)\n'}
[2.202029] (-) TimerEvent: {}
[2.280428] (com2009_simulations) StdoutLine: {'line': b'-- Found OpenSSL: /usr/lib/x86_64-linux-gnu/libcrypto.so (found version "3.0.2")  \n'}
[2.300368] (com2009_simulations) StdoutLine: {'line': b'-- Found FastRTPS: /opt/ros/humble/include  \n'}
[2.302124] (-) TimerEvent: {}
[2.342734] (com2009_simulations) StdoutLine: {'line': b"-- Using RMW implementation 'rmw_fastrtps_cpp' as default\n"}
[2.345426] (tuos_interfaces) StdoutLine: {'line': b'[ 25%] \x1b[32mBuilding CXX object CMakeFiles/tuos_interfaces__rosidl_typesupport_introspection_cpp.dir/rosidl_typesupport_introspection_cpp/tuos_interfaces/action/detail/camera_sweep__type_support.cpp.o\x1b[0m\n'}
[2.345663] (tuos_interfaces) StdoutLine: {'line': b'[ 25%] \x1b[32mBuilding CXX object CMakeFiles/tuos_interfaces__rosidl_typesupport_introspection_cpp.dir/rosidl_typesupport_introspection_cpp/tuos_interfaces/msg/detail/num__type_support.cpp.o\x1b[0m\n'}
[2.345762] (tuos_interfaces) StdoutLine: {'line': b'[ 25%] \x1b[32mBuilding CXX object CMakeFiles/tuos_interfaces__rosidl_typesupport_introspection_cpp.dir/rosidl_typesupport_introspection_cpp/tuos_interfaces/srv/detail/number_game__type_support.cpp.o\x1b[0m\n'}
[2.349010] (com2009_simulations) StdoutLine: {'line': b'-- Looking for pthread.h\n'}
[2.379290] (tuos_interfaces) StdoutLine: {'line': b'[ 27%] \x1b[32m\x1b[1mLinking C shared library libtuos_interfaces__rosidl_generator_c.so\x1b[0m\n'}
[2.403143] (-) TimerEvent: {}
[2.407978] (com2009_simulations) StdoutLine: {'line': b'-- Looking for pthread.h - found\n'}
[2.408196] (com2009_simulations) StdoutLine: {'line': b'-- Performing Test CMAKE_HAVE_LIBC_PTHREAD\n'}
[2.413688] (tuos_interfaces) StdoutLine: {'line': b'[ 27%] Built target tuos_interfaces__rosidl_generator_c\n'}
[2.425324] (tuos_interfaces) StdoutLine: {'line': b'[ 29%] \x1b[34m\x1b[1mGenerating C type support dispatch for ROS interfaces\x1b[0m\n'}
[2.425511] (tuos_interfaces) StdoutLine: {'line': b'[ 31%] \x1b[32mBuilding CXX object CMakeFiles/tuos_interfaces__rosidl_typesupport_cpp.dir/rosidl_typesupport_cpp/tuos_interfaces/msg/num__type_support.cpp.o\x1b[0m\n'}
[2.426781] (tuos_interfaces) StdoutLine: {'line': b'[ 35%] \x1b[34m\x1b[1mGenerating C introspection for ROS interfaces\x1b[0m\n'}
[2.427047] (tuos_interfaces) StdoutLine: {'line': b'[ 35%] \x1b[32mBuilding CXX object CMakeFiles/tuos_interfaces__rosidl_typesupport_cpp.dir/rosidl_typesupport_cpp/tuos_interfaces/action/camera_sweep__type_support.cpp.o\x1b[0m\n'}
[2.427612] (tuos_interfaces) StdoutLine: {'line': b'[ 37%] \x1b[34m\x1b[1mGenerating C type support for eProsima Fast-RTPS\x1b[0m\n'}
[2.431730] (tuos_interfaces) StdoutLine: {'line': b'[ 39%] \x1b[32mBuilding CXX object CMakeFiles/tuos_interfaces__rosidl_typesupport_cpp.dir/rosidl_typesupport_cpp/tuos_interfaces/srv/number_game__type_support.cpp.o\x1b[0m\n'}
[2.479971] (tuos_interfaces) StdoutLine: {'line': b'[ 41%] \x1b[32mBuilding CXX object CMakeFiles/tuos_interfaces__rosidl_typesupport_fastrtps_cpp.dir/rosidl_typesupport_fastrtps_cpp/tuos_interfaces/msg/detail/dds_fastrtps/num__type_support.cpp.o\x1b[0m\n'}
[2.495694] (tuos_interfaces) StdoutLine: {'line': b'[ 43%] \x1b[32mBuilding CXX object CMakeFiles/tuos_interfaces__rosidl_typesupport_fastrtps_cpp.dir/rosidl_typesupport_fastrtps_cpp/tuos_interfaces/srv/detail/dds_fastrtps/number_game__type_support.cpp.o\x1b[0m\n'}
[2.495882] (tuos_interfaces) StdoutLine: {'line': b'[ 45%] \x1b[32mBuilding CXX object CMakeFiles/tuos_interfaces__rosidl_typesupport_fastrtps_cpp.dir/rosidl_typesupport_fastrtps_cpp/tuos_interfaces/action/detail/dds_fastrtps/camera_sweep__type_support.cpp.o\x1b[0m\n'}
[2.503238] (-) TimerEvent: {}
[2.570686] (com2009_simulations) StdoutLine: {'line': b'-- Performing Test CMAKE_HAVE_LIBC_PTHREAD - Success\n'}
[2.570902] (com2009_simulations) StdoutLine: {'line': b'-- Found Threads: TRUE  \n'}
[2.603347] (-) TimerEvent: {}
[2.703830] (-) TimerEvent: {}
[2.730686] (com2009_simulations) StdoutLine: {'line': b'-- Found tuos_simulations: 0.0.1 (/home/vivaan/Documents/star_project_submissions/Week_0/ros2_ws/install/tuos_simulations/share/tuos_simulations/cmake)\n'}
[2.803933] (-) TimerEvent: {}
[2.845770] (com2009_simulations) StdoutLine: {'line': b'-- Configuring done\n'}
[2.852815] (com2009_simulations) StdoutLine: {'line': b'-- Generating done\n'}
[2.862100] (com2009_simulations) StdoutLine: {'line': b'-- Build files have been written to: /home/vivaan/Documents/star_project_submissions/Week_0/ros2_ws/build/com2009_simulations\n'}
[2.879943] (com2009_simulations) CommandEnded: {'returncode': 0}
[2.880584] (com2009_simulations) JobProgress: {'identifier': 'com2009_simulations', 'progress': 'build'}
[2.880857] (com2009_simulations) Command: {'cmd': ['/usr/bin/cmake', '--build', '/home/vivaan/Documents/star_project_submissions/Week_0/ros2_ws/build/com2009_simulations', '--', '-j12', '-l12'], 'cwd': '/home/vivaan/Documents/star_project_submissions/Week_0/ros2_ws/build/com2009_simulations', 'env': OrderedDict([('LESSOPEN', '| /usr/bin/lesspipe %s'), ('LANGUAGE', 'en_IN:en'), ('USER', 'vivaan'), ('XDG_SESSION_TYPE', 'x11'), ('SHLVL', '1'), ('LD_LIBRARY_PATH', '/usr/lib/x86_64-linux-gnu/gazebo-11/plugins:/opt/ros/humble/opt/rviz_ogre_vendor/lib:/opt/ros/humble/lib/x86_64-linux-gnu:/opt/ros/humble/lib'), ('HOME', '/home/vivaan'), ('OLDPWD', '/home/vivaan/Documents/star_project_submissions'), ('DESKTOP_SESSION', 'ubuntu'), ('ROS_PYTHON_VERSION', '3'), ('GNOME_SHELL_SESSION_MODE', 'ubuntu'), ('GTK_MODULES', 'gail:atk-bridge'), ('MANAGERPID', '1945'), ('SYSTEMD_EXEC_PID', '2342'), ('DBUS_SESSION_BUS_ADDRESS', 'unix:path=/run/user/1000/bus'), ('COLORTERM', 'truecolor'), ('TERMINATOR_DBUS_NAME', 'net.tenshu.Terminator23558193cd9818af7fe4d2c2f5bd9d00f'), ('GIO_LAUNCHED_DESKTOP_FILE_PID', '75211'), ('ROS_DISTRO', 'humble'), ('GTK_IM_MODULE', 'ibus'), ('LOGNAME', 'vivaan'), ('JOURNAL_STREAM', '8:22727'), ('_', '/usr/bin/colcon'), ('ROS_VERSION', '2'), ('XDG_SESSION_CLASS', 'user'), ('USERNAME', 'vivaan'), ('TERM', 'xterm-256color'), ('GNOME_DESKTOP_SESSION_ID', 'this-is-deprecated'), ('ROS_LOCALHOST_ONLY', '0'), ('WINDOWPATH', '2'), ('PATH', '/opt/ros/humble/bin:/home/vivaan/.local/bin:/usr/local/sbin:/usr/local/bin:/usr/sbin:/usr/bin:/sbin:/bin:/usr/games:/usr/local/games:/snap/bin:/snap/bin'), ('SESSION_MANAGER', 'local/vivaan-LOQ-15IAX9:@/tmp/.ICE-unix/2179,unix/vivaan-LOQ-15IAX9:/tmp/.ICE-unix/2179'), ('INVOCATION_ID', '868d2e86c1f54228bef16a0b255f95e8'), ('XDG_MENU_PREFIX', 'gnome-'), ('XDG_RUNTIME_DIR', '/run/user/1000'), ('DISPLAY', ':1'), ('TERMINATOR_DBUS_PATH', '/net/tenshu/Terminator2'), ('LANG', 'en_IN'), ('XDG_CURRENT_DESKTOP', 'ubuntu:GNOME'), ('IBUS_DISABLE_SNOOPER', '1'), ('XMODIFIERS', '@im=ibus'), ('XDG_SESSION_DESKTOP', 'ubuntu'), ('XAUTHORITY', '/run/user/1000/gdm/Xauthority'), ('LS_COLORS', 'rs=0:di=01;34:ln=01;36:mh=00:pi=40;33:so=01;35:do=01;35:bd=40;33;01:cd=40;33;01:or=40;31;01:mi=00:su=37;41:sg=30;43:ca=30;41:tw=30;42:ow=34;42:st=37;44:ex=01;32:*.tar=01;31:*.tgz=01;31:*.arc=01;31:*.arj=01;31:*.taz=01;31:*.lha=01;31:*.lz4=01;31:*.lzh=01;31:*.lzma=01;31:*.tlz=01;31:*.txz=01;31:*.tzo=01;31:*.t7z=01;31:*.zip=01;31:*.z=01;31:*.dz=01;31:*.gz=01;31:*.lrz=01;31:*.lz=01;31:*.lzo=01;31:*.xz=01;31:*.zst=01;31:*.tzst=01;31:*.bz2=01;31:*.bz=01;31:*.tbz=01;31:*.tbz2=01;31:*.tz=01;31:*.deb=01;31:*.rpm=01;31:*.jar=01;31:*.war=01;31:*.ear=01;31:*.sar=01;31:*.rar=01;31:*.alz=01;31:*.ace=01;31:*.zoo=01;31:*.cpio=01;31:*.7z=01;31:*.rz=01;31:*.cab=01;31:*.wim=01;31:*.swm=01;31:*.dwm=01;31:*.esd=01;31:*.jpg=01;35:*.jpeg=01;35:*.mjpg=01;35:*.mjpeg=01;35:*.gif=01;35:*.bmp=01;35:*.pbm=01;35:*.pgm=01;35:*.ppm=01;35:*.tga=01;35:*.xbm=01;35:*.xpm=01;35:*.tif=01;35:*.tiff=01;35:*.png=01;35:*.svg=01;35:*.svgz=01;35:*.mng=01;35:*.pcx=01;35:*.mov=01;35:*.mpg=01;35:*.mpeg=01;35:*.m2v=01;35:*.mkv=01;35:*.webm=01;35:*.webp=01;35:*.ogm=01;35:*.mp4=01;35:*.m4v=01;35:*.mp4v=01;35:*.vob=01;35:*.qt=01;35:*.nuv=01;35:*.wmv=01;35:*.asf=01;35:*.rm=01;35:*.rmvb=01;35:*.flc=01;35:*.avi=01;35:*.fli=01;35:*.flv=01;35:*.gl=01;35:*.dl=01;35:*.xcf=01;35:*.xwd=01;35:*.yuv=01;35:*.cgm=01;35:*.emf=01;35:*.ogv=01;35:*.ogx=01;35:*.aac=00;36:*.au=00;36:*.flac=00;36:*.m4a=00;36:*.mid=00;36:*.midi=00;36:*.mka=00;36:*.mp3=00;36:*.mpc=00;36:*.ogg=00;36:*.ra=00;36:*.wav=00;36:*.oga=00;36:*.opus=00;36:*.spx=00;36:*.xspf=00;36:'), ('SSH_AGENT_LAUNCHER', 'gnome-keyring'), ('SSH_AUTH_SOCK', '/run/user/1000/keyring/ssh'), ('ROS_DOMAIN_ID', '67'), ('AMENT_PREFIX_PATH', '/home/vivaan/Documents/star_project_submissions/Week_0/ros2_ws/install/tuos_simulations:/opt/ros/humble'), ('SHELL', '/bin/bash'), ('TERMINATOR_UUID', 'urn:uuid:d79e4617-827a-4722-bc17-e9d99e6a3cd6'), ('QT_ACCESSIBILITY', '1'), ('GDMSESSION', 'ubuntu'), ('LESSCLOSE', '/usr/bin/lesspipe %s %s'), ('GPG_AGENT_INFO', '/run/user/1000/gnupg/S.gpg-agent:0:1'), ('QT_IM_MODULE', 'ibus'), ('PWD', '/home/vivaan/Documents/star_project_submissions/Week_0/ros2_ws/build/com2009_simulations'), ('TURTLEBOT3_MODEL', 'waffle'), ('XDG_CONFIG_DIRS', '/etc/xdg/xdg-ubuntu:/etc/xdg'), ('XDG_DATA_DIRS', '/usr/share/ubuntu:/usr/share/gnome:/usr/local/share/:/usr/share/:/var/lib/snapd/desktop'), ('PYTHONPATH', '/opt/ros/humble/lib/python3.10/site-packages:/opt/ros/humble/local/lib/python3.10/dist-packages'), ('COLCON', '1'), ('VTE_VERSION', '6800'), ('CMAKE_PREFIX_PATH', '/home/vivaan/Documents/star_project_submissions/Week_0/ros2_ws/install/tuos_simulations:/opt/ros/humble')]), 'shell': False}
[2.905616] (-) TimerEvent: {}
[2.942895] (com2009_simulations) CommandEnded: {'returncode': 0}
[2.943356] (com2009_simulations) JobProgress: {'identifier': 'com2009_simulations', 'progress': 'install'}
[2.943388] (com2009_simulations) Command: {'cmd': ['/usr/bin/cmake', '--install', '/home/vivaan/Documents/star_project_submissions/Week_0/ros2_ws/build/com2009_simulations'], 'cwd': '/home/vivaan/Documents/star_project_submissions/Week_0/ros2_ws/build/com2009_simulations', 'env': OrderedDict([('LESSOPEN', '| /usr/bin/lesspipe %s'), ('LANGUAGE', 'en_IN:en'), ('USER', 'vivaan'), ('XDG_SESSION_TYPE', 'x11'), ('SHLVL', '1'), ('LD_LIBRARY_PATH', '/usr/lib/x86_64-linux-gnu/gazebo-11/plugins:/opt/ros/humble/opt/rviz_ogre_vendor/lib:/opt/ros/humble/lib/x86_64-linux-gnu:/opt/ros/humble/lib'), ('HOME', '/home/vivaan'), ('OLDPWD', '/home/vivaan/Documents/star_project_submissions'), ('DESKTOP_SESSION', 'ubuntu'), ('ROS_PYTHON_VERSION', '3'), ('GNOME_SHELL_SESSION_MODE', 'ubuntu'), ('GTK_MODULES', 'gail:atk-bridge'), ('MANAGERPID', '1945'), ('SYSTEMD_EXEC_PID', '2342'), ('DBUS_SESSION_BUS_ADDRESS', 'unix:path=/run/user/1000/bus'), ('COLORTERM', 'truecolor'), ('TERMINATOR_DBUS_NAME', 'net.tenshu.Terminator23558193cd9818af7fe4d2c2f5bd9d00f'), ('GIO_LAUNCHED_DESKTOP_FILE_PID', '75211'), ('ROS_DISTRO', 'humble'), ('GTK_IM_MODULE', 'ibus'), ('LOGNAME', 'vivaan'), ('JOURNAL_STREAM', '8:22727'), ('_', '/usr/bin/colcon'), ('ROS_VERSION', '2'), ('XDG_SESSION_CLASS', 'user'), ('USERNAME', 'vivaan'), ('TERM', 'xterm-256color'), ('GNOME_DESKTOP_SESSION_ID', 'this-is-deprecated'), ('ROS_LOCALHOST_ONLY', '0'), ('WINDOWPATH', '2'), ('PATH', '/opt/ros/humble/bin:/home/vivaan/.local/bin:/usr/local/sbin:/usr/local/bin:/usr/sbin:/usr/bin:/sbin:/bin:/usr/games:/usr/local/games:/snap/bin:/snap/bin'), ('SESSION_MANAGER', 'local/vivaan-LOQ-15IAX9:@/tmp/.ICE-unix/2179,unix/vivaan-LOQ-15IAX9:/tmp/.ICE-unix/2179'), ('INVOCATION_ID', '868d2e86c1f54228bef16a0b255f95e8'), ('XDG_MENU_PREFIX', 'gnome-'), ('XDG_RUNTIME_DIR', '/run/user/1000'), ('DISPLAY', ':1'), ('TERMINATOR_DBUS_PATH', '/net/tenshu/Terminator2'), ('LANG', 'en_IN'), ('XDG_CURRENT_DESKTOP', 'ubuntu:GNOME'), ('IBUS_DISABLE_SNOOPER', '1'), ('XMODIFIERS', '@im=ibus'), ('XDG_SESSION_DESKTOP', 'ubuntu'), ('XAUTHORITY', '/run/user/1000/gdm/Xauthority'), ('LS_COLORS', 'rs=0:di=01;34:ln=01;36:mh=00:pi=40;33:so=01;35:do=01;35:bd=40;33;01:cd=40;33;01:or=40;31;01:mi=00:su=37;41:sg=30;43:ca=30;41:tw=30;42:ow=34;42:st=37;44:ex=01;32:*.tar=01;31:*.tgz=01;31:*.arc=01;31:*.arj=01;31:*.taz=01;31:*.lha=01;31:*.lz4=01;31:*.lzh=01;31:*.lzma=01;31:*.tlz=01;31:*.txz=01;31:*.tzo=01;31:*.t7z=01;31:*.zip=01;31:*.z=01;31:*.dz=01;31:*.gz=01;31:*.lrz=01;31:*.lz=01;31:*.lzo=01;31:*.xz=01;31:*.zst=01;31:*.tzst=01;31:*.bz2=01;31:*.bz=01;31:*.tbz=01;31:*.tbz2=01;31:*.tz=01;31:*.deb=01;31:*.rpm=01;31:*.jar=01;31:*.war=01;31:*.ear=01;31:*.sar=01;31:*.rar=01;31:*.alz=01;31:*.ace=01;31:*.zoo=01;31:*.cpio=01;31:*.7z=01;31:*.rz=01;31:*.cab=01;31:*.wim=01;31:*.swm=01;31:*.dwm=01;31:*.esd=01;31:*.jpg=01;35:*.jpeg=01;35:*.mjpg=01;35:*.mjpeg=01;35:*.gif=01;35:*.bmp=01;35:*.pbm=01;35:*.pgm=01;35:*.ppm=01;35:*.tga=01;35:*.xbm=01;35:*.xpm=01;35:*.tif=01;35:*.tiff=01;35:*.png=01;35:*.svg=01;35:*.svgz=01;35:*.mng=01;35:*.pcx=01;35:*.mov=01;35:*.mpg=01;35:*.mpeg=01;35:*.m2v=01;35:*.mkv=01;35:*.webm=01;35:*.webp=01;35:*.ogm=01;35:*.mp4=01;35:*.m4v=01;35:*.mp4v=01;35:*.vob=01;35:*.qt=01;35:*.nuv=01;35:*.wmv=01;35:*.asf=01;35:*.rm=01;35:*.rmvb=01;35:*.flc=01;35:*.avi=01;35:*.fli=01;35:*.flv=01;35:*.gl=01;35:*.dl=01;35:*.xcf=01;35:*.xwd=01;35:*.yuv=01;35:*.cgm=01;35:*.emf=01;35:*.ogv=01;35:*.ogx=01;35:*.aac=00;36:*.au=00;36:*.flac=00;36:*.m4a=00;36:*.mid=00;36:*.midi=00;36:*.mka=00;36:*.mp3=00;36:*.mpc=00;36:*.ogg=00;36:*.ra=00;36:*.wav=00;36:*.oga=00;36:*.opus=00;36:*.spx=00;36:*.xspf=00;36:'), ('SSH_AGENT_LAUNCHER', 'gnome-keyring'), ('SSH_AUTH_SOCK', '/run/user/1000/keyring/ssh'), ('ROS_DOMAIN_ID', '67'), ('AMENT_PREFIX_PATH', '/home/vivaan/Documents/star_project_submissions/Week_0/ros2_ws/install/tuos_simulations:/opt/ros/humble'), ('SHELL', '/bin/bash'), ('TERMINATOR_UUID', 'urn:uuid:d79e4617-827a-4722-bc17-e9d99e6a3cd6'), ('QT_ACCESSIBILITY', '1'), ('GDMSESSION', 'ubuntu'), ('LESSCLOSE', '/usr/bin/lesspipe %s %s'), ('GPG_AGENT_INFO', '/run/user/1000/gnupg/S.gpg-agent:0:1'), ('QT_IM_MODULE', 'ibus'), ('PWD', '/home/vivaan/Documents/star_project_submissions/Week_0/ros2_ws/build/com2009_simulations'), ('TURTLEBOT3_MODEL', 'waffle'), ('XDG_CONFIG_DIRS', '/etc/xdg/xdg-ubuntu:/etc/xdg'), ('XDG_DATA_DIRS', '/usr/share/ubuntu:/usr/share/gnome:/usr/local/share/:/usr/share/:/var/lib/snapd/desktop'), ('PYTHONPATH', '/opt/ros/humble/lib/python3.10/site-packages:/opt/ros/humble/local/lib/python3.10/dist-packages'), ('COLCON', '1'), ('VTE_VERSION', '6800'), ('CMAKE_PREFIX_PATH', '/home/vivaan/Documents/star_project_submissions/Week_0/ros2_ws/install/tuos_simulations:/opt/ros/humble')]), 'shell': False}
[2.948298] (com2009_simulations) StdoutLine: {'line': b'-- Install configuration: ""\n'}
[2.948543] (com2009_simulations) StdoutLine: {'line': b'-- Installing: /home/vivaan/Documents/star_project_submissions/Week_0/ros2_ws/install/com2009_simulations/share/com2009_simulations/launch\n'}
[2.948646] (com2009_simulations) StdoutLine: {'line': b'-- Installing: /home/vivaan/Documents/star_project_submissions/Week_0/ros2_ws/install/com2009_simulations/share/com2009_simulations/launch/task2.launch.py\n'}
[2.948761] (com2009_simulations) StdoutLine: {'line': b'-- Installing: /home/vivaan/Documents/star_project_submissions/Week_0/ros2_ws/install/com2009_simulations/share/com2009_simulations/launch/arena.launch.py\n'}
[2.948847] (com2009_simulations) StdoutLine: {'line': b'-- Installing: /home/vivaan/Documents/star_project_submissions/Week_0/ros2_ws/install/com2009_simulations/share/com2009_simulations/launch/task1.launch.py\n'}
[2.948929] (com2009_simulations) StdoutLine: {'line': b'-- Installing: /home/vivaan/Documents/star_project_submissions/Week_0/ros2_ws/install/com2009_simulations/share/com2009_simulations/launch/task3.launch.py\n'}
[2.949038] (com2009_simulations) StdoutLine: {'line': b'-- Installing: /home/vivaan/Documents/star_project_submissions/Week_0/ros2_ws/install/com2009_simulations/share/com2009_simulations/models\n'}
[2.949121] (com2009_simulations) StdoutLine: {'line': b'-- Installing: /home/vivaan/Documents/star_project_submissions/Week_0/ros2_ws/install/com2009_simulations/share/com2009_simulations/models/task1\n'}
[2.949206] (com2009_simulations) StdoutLine: {'line': b'-- Installing: /home/vivaan/Documents/star_project_submissions/Week_0/ros2_ws/install/com2009_simulations/share/com2009_simulations/models/task1/model.sdf\n'}
[2.949277] (com2009_simulations) StdoutLine: {'line': b'-- Installing: /home/vivaan/Documents/star_project_submissions/Week_0/ros2_ws/install/com2009_simulations/share/com2009_simulations/models/task1/materials\n'}
[2.949359] (com2009_simulations) StdoutLine: {'line': b'-- Installing: /home/vivaan/Documents/star_project_submissions/Week_0/ros2_ws/install/com2009_simulations/share/com2009_simulations/models/task1/materials/scripts\n'}
[2.949437] (com2009_simulations) StdoutLine: {'line': b'-- Installing: /home/vivaan/Documents/star_project_submissions/Week_0/ros2_ws/install/com2009_simulations/share/com2009_simulations/models/task1/materials/scripts/floor.material\n'}
[2.949516] (com2009_simulations) StdoutLine: {'line': b'-- Installing: /home/vivaan/Documents/star_project_submissions/Week_0/ros2_ws/install/com2009_simulations/share/com2009_simulations/models/task1/materials/textures\n'}
[2.949575] (com2009_simulations) StdoutLine: {'line': b'-- Installing: /home/vivaan/Documents/star_project_submissions/Week_0/ros2_ws/install/com2009_simulations/share/com2009_simulations/models/task1/materials/textures/task1_floor.png\n'}
[2.949670] (com2009_simulations) StdoutLine: {'line': b'-- Installing: /home/vivaan/Documents/star_project_submissions/Week_0/ros2_ws/install/com2009_simulations/share/com2009_simulations/models/task1/materials/textures/task1_floor.svg\n'}
[2.949772] (com2009_simulations) StdoutLine: {'line': b'-- Installing: /home/vivaan/Documents/star_project_submissions/Week_0/ros2_ws/install/com2009_simulations/share/com2009_simulations/models/task1/model.config\n'}
[2.952738] (com2009_simulations) StdoutLine: {'line': b'-- Installing: /home/vivaan/Documents/star_project_submissions/Week_0/ros2_ws/install/com2009_simulations/share/com2009_simulations/models/task3_room2\n'}
[2.952840] (com2009_simulations) StdoutLine: {'line': b'-- Installing: /home/vivaan/Documents/star_project_submissions/Week_0/ros2_ws/install/com2009_simulations/share/com2009_simulations/models/task3_room2/model.sdf\n'}
[2.953078] (com2009_simulations) StdoutLine: {'line': b'-- Installing: /home/vivaan/Documents/star_project_submissions/Week_0/ros2_ws/install/com2009_simulations/share/com2009_simulations/models/task3_room2/model.config\n'}
[2.953182] (com2009_simulations) StdoutLine: {'line': b'-- Installing: /home/vivaan/Documents/star_project_submissions/Week_0/ros2_ws/install/com2009_simulations/share/com2009_simulations/models/task3_room3\n'}
[2.953239] (com2009_simulations) StdoutLine: {'line': b'-- Installing: /home/vivaan/Documents/star_project_submissions/Week_0/ros2_ws/install/com2009_simulations/share/com2009_simulations/models/task3_room3/model.sdf\n'}
[2.953294] (com2009_simulations) StdoutLine: {'line': b'-- Installing: /home/vivaan/Documents/star_project_submissions/Week_0/ros2_ws/install/com2009_simulations/share/com2009_simulations/models/task3_room3/model.config\n'}
[2.953362] (com2009_simulations) StdoutLine: {'line': b'-- Installing: /home/vivaan/Documents/star_project_submissions/Week_0/ros2_ws/install/com2009_simulations/share/com2009_simulations/models/beacon_red\n'}
[2.953415] (com2009_simulations) StdoutLine: {'line': b'-- Installing: /home/vivaan/Documents/star_project_submissions/Week_0/ros2_ws/install/com2009_simulations/share/com2009_simulations/models/beacon_red/model.sdf\n'}
[2.953477] (com2009_simulations) StdoutLine: {'line': b'-- Installing: /home/vivaan/Documents/star_project_submissions/Week_0/ros2_ws/install/com2009_simulations/share/com2009_simulations/models/beacon_red/model.config\n'}
[2.953527] (com2009_simulations) StdoutLine: {'line': b'-- Installing: /home/vivaan/Documents/star_project_submissions/Week_0/ros2_ws/install/com2009_simulations/share/com2009_simulations/models/task3_floor\n'}
[2.953586] (com2009_simulations) StdoutLine: {'line': b'-- Installing: /home/vivaan/Documents/star_project_submissions/Week_0/ros2_ws/install/com2009_simulations/share/com2009_simulations/models/task3_floor/model.sdf\n'}
[2.953637] (com2009_simulations) StdoutLine: {'line': b'-- Installing: /home/vivaan/Documents/star_project_submissions/Week_0/ros2_ws/install/com2009_simulations/share/com2009_simulations/models/task3_floor/materials\n'}
[2.953686] (com2009_simulations) StdoutLine: {'line': b'-- Installing: /home/vivaan/Documents/star_project_submissions/Week_0/ros2_ws/install/com2009_simulations/share/com2009_simulations/models/task3_floor/materials/scripts\n'}
[2.953743] (com2009_simulations) StdoutLine: {'line': b'-- Installing: /home/vivaan/Documents/star_project_submissions/Week_0/ros2_ws/install/com2009_simulations/share/com2009_simulations/models/task3_floor/materials/scripts/floor.material\n'}
[2.953803] (com2009_simulations) StdoutLine: {'line': b'-- Installing: /home/vivaan/Documents/star_project_submissions/Week_0/ros2_ws/install/com2009_simulations/share/com2009_simulations/models/task3_floor/materials/textures\n'}
[2.953853] (com2009_simulations) StdoutLine: {'line': b'-- Installing: /home/vivaan/Documents/star_project_submissions/Week_0/ros2_ws/install/com2009_simulations/share/com2009_simulations/models/task3_floor/materials/textures/task3_floor.svg\n'}
[2.953903] (com2009_simulations) StdoutLine: {'line': b'-- Installing: /home/vivaan/Documents/star_project_submissions/Week_0/ros2_ws/install/com2009_simulations/share/com2009_simulations/models/task3_floor/materials/textures/task3_floor.png\n'}
[2.953950] (com2009_simulations) StdoutLine: {'line': b'-- Installing: /home/vivaan/Documents/star_project_submissions/Week_0/ros2_ws/install/com2009_simulations/share/com2009_simulations/models/task3_floor/materials/textures/task3_floor_org.svg\n'}
[2.954000] (com2009_simulations) StdoutLine: {'line': b'-- Installing: /home/vivaan/Documents/star_project_submissions/Week_0/ros2_ws/install/com2009_simulations/share/com2009_simulations/models/task3_floor/model.config\n'}
[2.954054] (com2009_simulations) StdoutLine: {'line': b'-- Installing: /home/vivaan/Documents/star_project_submissions/Week_0/ros2_ws/install/com2009_simulations/share/com2009_simulations/models/beacon_green\n'}
[2.954110] (com2009_simulations) StdoutLine: {'line': b'-- Installing: /home/vivaan/Documents/star_project_submissions/Week_0/ros2_ws/install/com2009_simulations/share/com2009_simulations/models/beacon_green/model.sdf\n'}
[2.954160] (com2009_simulations) StdoutLine: {'line': b'-- Installing: /home/vivaan/Documents/star_project_submissions/Week_0/ros2_ws/install/com2009_simulations/share/com2009_simulations/models/beacon_green/model.config\n'}
[2.954210] (com2009_simulations) StdoutLine: {'line': b'-- Installing: /home/vivaan/Documents/star_project_submissions/Week_0/ros2_ws/install/com2009_simulations/share/com2009_simulations/models/task2\n'}
[2.954268] (com2009_simulations) StdoutLine: {'line': b'-- Installing: /home/vivaan/Documents/star_project_submissions/Week_0/ros2_ws/install/com2009_simulations/share/com2009_simulations/models/task2/model.sdf\n'}
[2.954321] (com2009_simulations) StdoutLine: {'line': b'-- Installing: /home/vivaan/Documents/star_project_submissions/Week_0/ros2_ws/install/com2009_simulations/share/com2009_simulations/models/task2/materials\n'}
[2.954376] (com2009_simulations) StdoutLine: {'line': b'-- Installing: /home/vivaan/Documents/star_project_submissions/Week_0/ros2_ws/install/com2009_simulations/share/com2009_simulations/models/task2/materials/scripts\n'}
[2.954425] (com2009_simulations) StdoutLine: {'line': b'-- Installing: /home/vivaan/Documents/star_project_submissions/Week_0/ros2_ws/install/com2009_simulations/share/com2009_simulations/models/task2/materials/scripts/floor.material\n'}
[2.954476] (com2009_simulations) StdoutLine: {'line': b'-- Installing: /home/vivaan/Documents/star_project_submissions/Week_0/ros2_ws/install/com2009_simulations/share/com2009_simulations/models/task2/materials/textures\n'}
[2.954523] (com2009_simulations) StdoutLine: {'line': b'-- Installing: /home/vivaan/Documents/star_project_submissions/Week_0/ros2_ws/install/com2009_simulations/share/com2009_simulations/models/task2/materials/textures/task2_floor.svg\n'}
[2.954577] (com2009_simulations) StdoutLine: {'line': b'-- Installing: /home/vivaan/Documents/star_project_submissions/Week_0/ros2_ws/install/com2009_simulations/share/com2009_simulations/models/task2/materials/textures/task2_floor.png\n'}
[2.954630] (com2009_simulations) StdoutLine: {'line': b'-- Installing: /home/vivaan/Documents/star_project_submissions/Week_0/ros2_ws/install/com2009_simulations/share/com2009_simulations/models/task2/model.config\n'}
[2.954808] (com2009_simulations) StdoutLine: {'line': b'-- Installing: /home/vivaan/Documents/star_project_submissions/Week_0/ros2_ws/install/com2009_simulations/share/com2009_simulations/models/task3_room1\n'}
[2.954880] (com2009_simulations) StdoutLine: {'line': b'-- Installing: /home/vivaan/Documents/star_project_submissions/Week_0/ros2_ws/install/com2009_simulations/share/com2009_simulations/models/task3_room1/model.sdf\n'}
[2.954938] (com2009_simulations) StdoutLine: {'line': b'-- Installing: /home/vivaan/Documents/star_project_submissions/Week_0/ros2_ws/install/com2009_simulations/share/com2009_simulations/models/task3_room1/model.config\n'}
[2.954998] (com2009_simulations) StdoutLine: {'line': b'-- Installing: /home/vivaan/Documents/star_project_submissions/Week_0/ros2_ws/install/com2009_simulations/share/com2009_simulations/models/cr5_arena_walls\n'}
[2.955057] (com2009_simulations) StdoutLine: {'line': b'-- Installing: /home/vivaan/Documents/star_project_submissions/Week_0/ros2_ws/install/com2009_simulations/share/com2009_simulations/models/cr5_arena_walls/model.sdf\n'}
[2.955134] (com2009_simulations) StdoutLine: {'line': b'-- Installing: /home/vivaan/Documents/star_project_submissions/Week_0/ros2_ws/install/com2009_simulations/share/com2009_simulations/models/cr5_arena_walls/model.config\n'}
[2.955200] (com2009_simulations) StdoutLine: {'line': b'-- Installing: /home/vivaan/Documents/star_project_submissions/Week_0/ros2_ws/install/com2009_simulations/share/com2009_simulations/models/task3_room4\n'}
[2.955258] (com2009_simulations) StdoutLine: {'line': b'-- Installing: /home/vivaan/Documents/star_project_submissions/Week_0/ros2_ws/install/com2009_simulations/share/com2009_simulations/models/task3_room4/model.sdf\n'}
[2.955319] (com2009_simulations) StdoutLine: {'line': b'-- Installing: /home/vivaan/Documents/star_project_submissions/Week_0/ros2_ws/install/com2009_simulations/share/com2009_simulations/models/task3_room4/model.config\n'}
[2.955444] (com2009_simulations) StdoutLine: {'line': b'-- Installing: /home/vivaan/Documents/star_project_submissions/Week_0/ros2_ws/install/com2009_simulations/share/com2009_simulations/models/task3_items\n'}
[2.955499] (com2009_simulations) StdoutLine: {'line': b'-- Installing: /home/vivaan/Documents/star_project_submissions/Week_0/ros2_ws/install/com2009_simulations/share/com2009_simulations/models/task3_items/model.sdf\n'}
[2.955565] (com2009_simulations) StdoutLine: {'line': b'-- Installing: /home/vivaan/Documents/star_project_submissions/Week_0/ros2_ws/install/com2009_simulations/share/com2009_simulations/models/task3_items/model.config\n'}
[2.958940] (com2009_simulations) StdoutLine: {'line': b'-- Installing: /home/vivaan/Documents/star_project_submissions/Week_0/ros2_ws/install/com2009_simulations/share/com2009_simulations/models/beacon_yellow\n'}
[2.958990] (com2009_simulations) StdoutLine: {'line': b'-- Installing: /home/vivaan/Documents/star_project_submissions/Week_0/ros2_ws/install/com2009_simulations/share/com2009_simulations/models/beacon_yellow/model.sdf\n'}
[2.959024] (com2009_simulations) StdoutLine: {'line': b'-- Installing: /home/vivaan/Documents/star_project_submissions/Week_0/ros2_ws/install/com2009_simulations/share/com2009_simulations/models/beacon_yellow/model.config\n'}
[2.959055] (com2009_simulations) StdoutLine: {'line': b'-- Installing: /home/vivaan/Documents/star_project_submissions/Week_0/ros2_ws/install/com2009_simulations/share/com2009_simulations/models/cr5_floor\n'}
[2.959085] (com2009_simulations) StdoutLine: {'line': b'-- Installing: /home/vivaan/Documents/star_project_submissions/Week_0/ros2_ws/install/com2009_simulations/share/com2009_simulations/models/cr5_floor/model.sdf\n'}
[2.959125] (com2009_simulations) StdoutLine: {'line': b'-- Installing: /home/vivaan/Documents/star_project_submissions/Week_0/ros2_ws/install/com2009_simulations/share/com2009_simulations/models/cr5_floor/materials\n'}
[2.959153] (com2009_simulations) StdoutLine: {'line': b'-- Installing: /home/vivaan/Documents/star_project_submissions/Week_0/ros2_ws/install/com2009_simulations/share/com2009_simulations/models/cr5_floor/materials/scripts\n'}
[2.959185] (com2009_simulations) StdoutLine: {'line': b'-- Installing: /home/vivaan/Documents/star_project_submissions/Week_0/ros2_ws/install/com2009_simulations/share/com2009_simulations/models/cr5_floor/materials/scripts/floor.material\n'}
[2.959216] (com2009_simulations) StdoutLine: {'line': b'-- Installing: /home/vivaan/Documents/star_project_submissions/Week_0/ros2_ws/install/com2009_simulations/share/com2009_simulations/models/cr5_floor/materials/textures\n'}
[2.959246] (com2009_simulations) StdoutLine: {'line': b'-- Installing: /home/vivaan/Documents/star_project_submissions/Week_0/ros2_ws/install/com2009_simulations/share/com2009_simulations/models/cr5_floor/materials/textures/cr5_floor.png\n'}
[2.959273] (com2009_simulations) StdoutLine: {'line': b'-- Installing: /home/vivaan/Documents/star_project_submissions/Week_0/ros2_ws/install/com2009_simulations/share/com2009_simulations/models/cr5_floor/materials/textures/cr5_floor.svg\n'}
[2.959302] (com2009_simulations) StdoutLine: {'line': b'-- Installing: /home/vivaan/Documents/star_project_submissions/Week_0/ros2_ws/install/com2009_simulations/share/com2009_simulations/models/cr5_floor/model.config\n'}
[2.959329] (com2009_simulations) StdoutLine: {'line': b'-- Installing: /home/vivaan/Documents/star_project_submissions/Week_0/ros2_ws/install/com2009_simulations/share/com2009_simulations/models/beacon_blue\n'}
[2.959357] (com2009_simulations) StdoutLine: {'line': b'-- Installing: /home/vivaan/Documents/star_project_submissions/Week_0/ros2_ws/install/com2009_simulations/share/com2009_simulations/models/beacon_blue/model.sdf\n'}
[2.959384] (com2009_simulations) StdoutLine: {'line': b'-- Installing: /home/vivaan/Documents/star_project_submissions/Week_0/ros2_ws/install/com2009_simulations/share/com2009_simulations/models/beacon_blue/model.config\n'}
[2.959411] (com2009_simulations) StdoutLine: {'line': b'-- Installing: /home/vivaan/Documents/star_project_submissions/Week_0/ros2_ws/install/com2009_simulations/share/com2009_simulations/worlds\n'}
[2.959438] (com2009_simulations) StdoutLine: {'line': b'-- Installing: /home/vivaan/Documents/star_project_submissions/Week_0/ros2_ws/install/com2009_simulations/share/com2009_simulations/worlds/task2.world\n'}
[2.959465] (com2009_simulations) StdoutLine: {'line': b'-- Installing: /home/vivaan/Documents/star_project_submissions/Week_0/ros2_ws/install/com2009_simulations/share/com2009_simulations/worlds/arena.world\n'}
[2.959492] (com2009_simulations) StdoutLine: {'line': b'-- Installing: /home/vivaan/Documents/star_project_submissions/Week_0/ros2_ws/install/com2009_simulations/share/com2009_simulations/worlds/task1.world\n'}
[2.959520] (com2009_simulations) StdoutLine: {'line': b'-- Installing: /home/vivaan/Documents/star_project_submissions/Week_0/ros2_ws/install/com2009_simulations/share/com2009_simulations/worlds/task3.world\n'}
[2.959549] (com2009_simulations) StdoutLine: {'line': b'-- Installing: /home/vivaan/Documents/star_project_submissions/Week_0/ros2_ws/install/com2009_simulations/share/ament_index/resource_index/package_run_dependencies/com2009_simulations\n'}
[2.959586] (com2009_simulations) StdoutLine: {'line': b'-- Installing: /home/vivaan/Documents/star_project_submissions/Week_0/ros2_ws/install/com2009_simulations/share/ament_index/resource_index/parent_prefix_path/com2009_simulations\n'}
[2.959616] (com2009_simulations) StdoutLine: {'line': b'-- Installing: /home/vivaan/Documents/star_project_submissions/Week_0/ros2_ws/install/com2009_simulations/share/com2009_simulations/environment/ament_prefix_path.sh\n'}
[2.959645] (com2009_simulations) StdoutLine: {'line': b'-- Installing: /home/vivaan/Documents/star_project_submissions/Week_0/ros2_ws/install/com2009_simulations/share/com2009_simulations/environment/ament_prefix_path.dsv\n'}
[2.959675] (com2009_simulations) StdoutLine: {'line': b'-- Installing: /home/vivaan/Documents/star_project_submissions/Week_0/ros2_ws/install/com2009_simulations/share/com2009_simulations/environment/path.sh\n'}
[2.959705] (com2009_simulations) StdoutLine: {'line': b'-- Installing: /home/vivaan/Documents/star_project_submissions/Week_0/ros2_ws/install/com2009_simulations/share/com2009_simulations/environment/path.dsv\n'}
[2.959736] (com2009_simulations) StdoutLine: {'line': b'-- Installing: /home/vivaan/Documents/star_project_submissions/Week_0/ros2_ws/install/com2009_simulations/share/com2009_simulations/local_setup.bash\n'}
[2.959764] (com2009_simulations) StdoutLine: {'line': b'-- Installing: /home/vivaan/Documents/star_project_submissions/Week_0/ros2_ws/install/com2009_simulations/share/com2009_simulations/local_setup.sh\n'}
[2.959793] (com2009_simulations) StdoutLine: {'line': b'-- Installing: /home/vivaan/Documents/star_project_submissions/Week_0/ros2_ws/install/com2009_simulations/share/com2009_simulations/local_setup.zsh\n'}
[2.959819] (com2009_simulations) StdoutLine: {'line': b'-- Installing: /home/vivaan/Documents/star_project_submissions/Week_0/ros2_ws/install/com2009_simulations/share/com2009_simulations/local_setup.dsv\n'}
[2.959848] (com2009_simulations) StdoutLine: {'line': b'-- Installing: /home/vivaan/Documents/star_project_submissions/Week_0/ros2_ws/install/com2009_simulations/share/com2009_simulations/package.dsv\n'}
[2.959876] (com2009_simulations) StdoutLine: {'line': b'-- Installing: /home/vivaan/Documents/star_project_submissions/Week_0/ros2_ws/install/com2009_simulations/share/ament_index/resource_index/packages/com2009_simulations\n'}
[2.959907] (com2009_simulations) StdoutLine: {'line': b'-- Installing: /home/vivaan/Documents/star_project_submissions/Week_0/ros2_ws/install/com2009_simulations/share/com2009_simulations/cmake/ament_cmake_export_dependencies-extras.cmake\n'}
[2.959936] (com2009_simulations) StdoutLine: {'line': b'-- Installing: /home/vivaan/Documents/star_project_submissions/Week_0/ros2_ws/install/com2009_simulations/share/com2009_simulations/cmake/com2009_simulationsConfig.cmake\n'}
[2.959965] (com2009_simulations) StdoutLine: {'line': b'-- Installing: /home/vivaan/Documents/star_project_submissions/Week_0/ros2_ws/install/com2009_simulations/share/com2009_simulations/cmake/com2009_simulationsConfig-version.cmake\n'}
[2.959992] (com2009_simulations) StdoutLine: {'line': b'-- Installing: /home/vivaan/Documents/star_project_submissions/Week_0/ros2_ws/install/com2009_simulations/share/com2009_simulations/package.xml\n'}
[2.960360] (com2009_simulations) CommandEnded: {'returncode': 0}
[2.970497] (com2009_simulations) JobEnded: {'identifier': 'com2009_simulations', 'rc': 0}
[2.998747] (tuos_interfaces) StdoutLine: {'line': b'[ 47%] \x1b[32mBuilding CXX object CMakeFiles/tuos_interfaces__rosidl_typesupport_c.dir/rosidl_typesupport_c/tuos_interfaces/srv/number_game__type_support.cpp.o\x1b[0m\n'}
[3.004865] (tuos_interfaces) StdoutLine: {'line': b'[ 50%] \x1b[32mBuilding CXX object CMakeFiles/tuos_interfaces__rosidl_typesupport_c.dir/rosidl_typesupport_c/tuos_interfaces/msg/num__type_support.cpp.o\x1b[0m\n'}
[3.005604] (tuos_interfaces) StdoutLine: {'line': b'[ 52%] \x1b[32mBuilding CXX object CMakeFiles/tuos_interfaces__rosidl_typesupport_c.dir/rosidl_typesupport_c/tuos_interfaces/action/camera_sweep__type_support.cpp.o\x1b[0m\n'}
[3.005739] (-) TimerEvent: {}
[3.052530] (tuos_interfaces) StdoutLine: {'line': b'[ 56%] \x1b[32mBuilding CXX object CMakeFiles/tuos_interfaces__rosidl_typesupport_fastrtps_c.dir/rosidl_typesupport_fastrtps_c/tuos_interfaces/srv/detail/number_game__type_support_c.cpp.o\x1b[0m\n'}
[3.052776] (tuos_interfaces) StdoutLine: {'line': b'[ 56%] \x1b[32mBuilding CXX object CMakeFiles/tuos_interfaces__rosidl_typesupport_fastrtps_c.dir/rosidl_typesupport_fastrtps_c/tuos_interfaces/action/detail/camera_sweep__type_support_c.cpp.o\x1b[0m\n'}
[3.052911] (tuos_interfaces) StdoutLine: {'line': b'[ 58%] \x1b[32mBuilding CXX object CMakeFiles/tuos_interfaces__rosidl_typesupport_fastrtps_c.dir/rosidl_typesupport_fastrtps_c/tuos_interfaces/msg/detail/num__type_support_c.cpp.o\x1b[0m\n'}
[3.067628] (tuos_interfaces) StdoutLine: {'line': b'[ 60%] \x1b[32m\x1b[1mLinking CXX shared library libtuos_interfaces__rosidl_typesupport_c.so\x1b[0m\n'}
[3.095682] (tuos_interfaces) StdoutLine: {'line': b'[ 62%] \x1b[32mBuilding C object CMakeFiles/tuos_interfaces__rosidl_typesupport_introspection_c.dir/rosidl_typesupport_introspection_c/tuos_interfaces/msg/detail/num__type_support.c.o\x1b[0m\n'}
[3.095890] (tuos_interfaces) StdoutLine: {'line': b'[ 64%] \x1b[32mBuilding C object CMakeFiles/tuos_interfaces__rosidl_typesupport_introspection_c.dir/rosidl_typesupport_introspection_c/tuos_interfaces/action/detail/camera_sweep__type_support.c.o\x1b[0m\n'}
[3.104333] (tuos_interfaces) StdoutLine: {'line': b'[ 66%] \x1b[32mBuilding C object CMakeFiles/tuos_interfaces__rosidl_typesupport_introspection_c.dir/rosidl_typesupport_introspection_c/tuos_interfaces/srv/detail/number_game__type_support.c.o\x1b[0m\n'}
[3.105845] (-) TimerEvent: {}
[3.108653] (tuos_interfaces) StdoutLine: {'line': b'[ 68%] \x1b[32m\x1b[1mLinking CXX shared library libtuos_interfaces__rosidl_typesupport_introspection_cpp.so\x1b[0m\n'}
[3.108829] (tuos_interfaces) StdoutLine: {'line': b'[ 70%] \x1b[32m\x1b[1mLinking CXX shared library libtuos_interfaces__rosidl_typesupport_cpp.so\x1b[0m\n'}
[3.108890] (tuos_interfaces) StdoutLine: {'line': b'[ 70%] Built target tuos_interfaces__rosidl_typesupport_c\n'}
[3.149655] (tuos_interfaces) StdoutLine: {'line': b'[ 72%] \x1b[32m\x1b[1mLinking C shared library libtuos_interfaces__rosidl_typesupport_introspection_c.so\x1b[0m\n'}
[3.151762] (tuos_interfaces) StdoutLine: {'line': b'[ 72%] Built target tuos_interfaces__rosidl_typesupport_cpp\n'}
[3.185941] (tuos_interfaces) StdoutLine: {'line': b'[ 72%] Built target tuos_interfaces__rosidl_typesupport_introspection_c\n'}
[3.204876] (tuos_interfaces) StdoutLine: {'line': b'[ 75%] \x1b[32m\x1b[1mLinking CXX shared library libtuos_interfaces__rosidl_typesupport_fastrtps_cpp.so\x1b[0m\n'}
[3.205941] (-) TimerEvent: {}
[3.228353] (tuos_interfaces) StdoutLine: {'line': b'[ 75%] Built target tuos_interfaces__rosidl_typesupport_introspection_cpp\n'}
[3.306050] (-) TimerEvent: {}
[3.345923] (tuos_interfaces) StdoutLine: {'line': b'[ 75%] Built target tuos_interfaces__rosidl_typesupport_fastrtps_cpp\n'}
[3.390355] (tuos_interfaces) StdoutLine: {'line': b'[ 77%] \x1b[32m\x1b[1mLinking CXX shared library libtuos_interfaces__rosidl_typesupport_fastrtps_c.so\x1b[0m\n'}
[3.406158] (-) TimerEvent: {}
[3.447282] (tuos_interfaces) StdoutLine: {'line': b'[ 77%] Built target tuos_interfaces__rosidl_typesupport_fastrtps_c\n'}
[3.464012] (tuos_interfaces) StdoutLine: {'line': b'[ 77%] Built target tuos_interfaces\n'}
[3.483222] (tuos_interfaces) StdoutLine: {'line': b'[ 79%] \x1b[34m\x1b[1mGenerating Python code for ROS interfaces\x1b[0m\n'}
[3.506253] (-) TimerEvent: {}
[3.554942] (tuos_tb3_tools) StdoutLine: {'line': b'[100%] \x1b[32m\x1b[1mLinking CXX executable cpp_executable\x1b[0m\n'}
[3.606356] (-) TimerEvent: {}
[3.650100] (tuos_tb3_tools) StdoutLine: {'line': b'[100%] Built target cpp_executable\n'}
[3.659902] (tuos_tb3_tools) CommandEnded: {'returncode': 0}
[3.660605] (tuos_tb3_tools) JobProgress: {'identifier': 'tuos_tb3_tools', 'progress': 'install'}
[3.660832] (tuos_tb3_tools) Command: {'cmd': ['/usr/bin/cmake', '--install', '/home/vivaan/Documents/star_project_submissions/Week_0/ros2_ws/build/tuos_tb3_tools'], 'cwd': '/home/vivaan/Documents/star_project_submissions/Week_0/ros2_ws/build/tuos_tb3_tools', 'env': OrderedDict([('LESSOPEN', '| /usr/bin/lesspipe %s'), ('LANGUAGE', 'en_IN:en'), ('USER', 'vivaan'), ('XDG_SESSION_TYPE', 'x11'), ('SHLVL', '1'), ('LD_LIBRARY_PATH', '/usr/lib/x86_64-linux-gnu/gazebo-11/plugins:/opt/ros/humble/opt/rviz_ogre_vendor/lib:/opt/ros/humble/lib/x86_64-linux-gnu:/opt/ros/humble/lib'), ('HOME', '/home/vivaan'), ('OLDPWD', '/home/vivaan/Documents/star_project_submissions'), ('DESKTOP_SESSION', 'ubuntu'), ('ROS_PYTHON_VERSION', '3'), ('GNOME_SHELL_SESSION_MODE', 'ubuntu'), ('GTK_MODULES', 'gail:atk-bridge'), ('MANAGERPID', '1945'), ('SYSTEMD_EXEC_PID', '2342'), ('DBUS_SESSION_BUS_ADDRESS', 'unix:path=/run/user/1000/bus'), ('COLORTERM', 'truecolor'), ('TERMINATOR_DBUS_NAME', 'net.tenshu.Terminator23558193cd9818af7fe4d2c2f5bd9d00f'), ('GIO_LAUNCHED_DESKTOP_FILE_PID', '75211'), ('ROS_DISTRO', 'humble'), ('GTK_IM_MODULE', 'ibus'), ('LOGNAME', 'vivaan'), ('JOURNAL_STREAM', '8:22727'), ('_', '/usr/bin/colcon'), ('ROS_VERSION', '2'), ('XDG_SESSION_CLASS', 'user'), ('USERNAME', 'vivaan'), ('TERM', 'xterm-256color'), ('GNOME_DESKTOP_SESSION_ID', 'this-is-deprecated'), ('ROS_LOCALHOST_ONLY', '0'), ('WINDOWPATH', '2'), ('PATH', '/opt/ros/humble/bin:/home/vivaan/.local/bin:/usr/local/sbin:/usr/local/bin:/usr/sbin:/usr/bin:/sbin:/bin:/usr/games:/usr/local/games:/snap/bin:/snap/bin'), ('SESSION_MANAGER', 'local/vivaan-LOQ-15IAX9:@/tmp/.ICE-unix/2179,unix/vivaan-LOQ-15IAX9:/tmp/.ICE-unix/2179'), ('INVOCATION_ID', '868d2e86c1f54228bef16a0b255f95e8'), ('XDG_MENU_PREFIX', 'gnome-'), ('XDG_RUNTIME_DIR', '/run/user/1000'), ('DISPLAY', ':1'), ('TERMINATOR_DBUS_PATH', '/net/tenshu/Terminator2'), ('LANG', 'en_IN'), ('XDG_CURRENT_DESKTOP', 'ubuntu:GNOME'), ('IBUS_DISABLE_SNOOPER', '1'), ('XMODIFIERS', '@im=ibus'), ('XDG_SESSION_DESKTOP', 'ubuntu'), ('XAUTHORITY', '/run/user/1000/gdm/Xauthority'), ('LS_COLORS', 'rs=0:di=01;34:ln=01;36:mh=00:pi=40;33:so=01;35:do=01;35:bd=40;33;01:cd=40;33;01:or=40;31;01:mi=00:su=37;41:sg=30;43:ca=30;41:tw=30;42:ow=34;42:st=37;44:ex=01;32:*.tar=01;31:*.tgz=01;31:*.arc=01;31:*.arj=01;31:*.taz=01;31:*.lha=01;31:*.lz4=01;31:*.lzh=01;31:*.lzma=01;31:*.tlz=01;31:*.txz=01;31:*.tzo=01;31:*.t7z=01;31:*.zip=01;31:*.z=01;31:*.dz=01;31:*.gz=01;31:*.lrz=01;31:*.lz=01;31:*.lzo=01;31:*.xz=01;31:*.zst=01;31:*.tzst=01;31:*.bz2=01;31:*.bz=01;31:*.tbz=01;31:*.tbz2=01;31:*.tz=01;31:*.deb=01;31:*.rpm=01;31:*.jar=01;31:*.war=01;31:*.ear=01;31:*.sar=01;31:*.rar=01;31:*.alz=01;31:*.ace=01;31:*.zoo=01;31:*.cpio=01;31:*.7z=01;31:*.rz=01;31:*.cab=01;31:*.wim=01;31:*.swm=01;31:*.dwm=01;31:*.esd=01;31:*.jpg=01;35:*.jpeg=01;35:*.mjpg=01;35:*.mjpeg=01;35:*.gif=01;35:*.bmp=01;35:*.pbm=01;35:*.pgm=01;35:*.ppm=01;35:*.tga=01;35:*.xbm=01;35:*.xpm=01;35:*.tif=01;35:*.tiff=01;35:*.png=01;35:*.svg=01;35:*.svgz=01;35:*.mng=01;35:*.pcx=01;35:*.mov=01;35:*.mpg=01;35:*.mpeg=01;35:*.m2v=01;35:*.mkv=01;35:*.webm=01;35:*.webp=01;35:*.ogm=01;35:*.mp4=01;35:*.m4v=01;35:*.mp4v=01;35:*.vob=01;35:*.qt=01;35:*.nuv=01;35:*.wmv=01;35:*.asf=01;35:*.rm=01;35:*.rmvb=01;35:*.flc=01;35:*.avi=01;35:*.fli=01;35:*.flv=01;35:*.gl=01;35:*.dl=01;35:*.xcf=01;35:*.xwd=01;35:*.yuv=01;35:*.cgm=01;35:*.emf=01;35:*.ogv=01;35:*.ogx=01;35:*.aac=00;36:*.au=00;36:*.flac=00;36:*.m4a=00;36:*.mid=00;36:*.midi=00;36:*.mka=00;36:*.mp3=00;36:*.mpc=00;36:*.ogg=00;36:*.ra=00;36:*.wav=00;36:*.oga=00;36:*.opus=00;36:*.spx=00;36:*.xspf=00;36:'), ('SSH_AGENT_LAUNCHER', 'gnome-keyring'), ('SSH_AUTH_SOCK', '/run/user/1000/keyring/ssh'), ('ROS_DOMAIN_ID', '67'), ('AMENT_PREFIX_PATH', '/opt/ros/humble'), ('SHELL', '/bin/bash'), ('TERMINATOR_UUID', 'urn:uuid:d79e4617-827a-4722-bc17-e9d99e6a3cd6'), ('QT_ACCESSIBILITY', '1'), ('GDMSESSION', 'ubuntu'), ('LESSCLOSE', '/usr/bin/lesspipe %s %s'), ('GPG_AGENT_INFO', '/run/user/1000/gnupg/S.gpg-agent:0:1'), ('QT_IM_MODULE', 'ibus'), ('PWD', '/home/vivaan/Documents/star_project_submissions/Week_0/ros2_ws/build/tuos_tb3_tools'), ('TURTLEBOT3_MODEL', 'waffle'), ('XDG_CONFIG_DIRS', '/etc/xdg/xdg-ubuntu:/etc/xdg'), ('XDG_DATA_DIRS', '/usr/share/ubuntu:/usr/share/gnome:/usr/local/share/:/usr/share/:/var/lib/snapd/desktop'), ('PYTHONPATH', '/opt/ros/humble/lib/python3.10/site-packages:/opt/ros/humble/local/lib/python3.10/dist-packages'), ('COLCON', '1'), ('VTE_VERSION', '6800'), ('CMAKE_PREFIX_PATH', '/opt/ros/humble')]), 'shell': False}
[3.666844] (tuos_tb3_tools) StdoutLine: {'line': b'-- Install configuration: ""\n'}
[3.667019] (tuos_tb3_tools) StdoutLine: {'line': b'-- Installing: /home/vivaan/Documents/star_project_submissions/Week_0/ros2_ws/install/tuos_tb3_tools/lib/tuos_tb3_tools/cpp_executable\n'}
[3.667194] (tuos_tb3_tools) StdoutLine: {'line': b'-- Set runtime path of "/home/vivaan/Documents/star_project_submissions/Week_0/ros2_ws/install/tuos_tb3_tools/lib/tuos_tb3_tools/cpp_executable" to ""\n'}
[3.667301] (tuos_tb3_tools) StdoutLine: {'line': b'-- Installing: /home/vivaan/Documents/star_project_submissions/Week_0/ros2_ws/install/tuos_tb3_tools/lib/tuos_tb3_tools/tb3_status.py\n'}
[3.667365] (tuos_tb3_tools) StdoutLine: {'line': b'-- Installing: /home/vivaan/Documents/star_project_submissions/Week_0/ros2_ws/install/tuos_tb3_tools/share/tuos_tb3_tools/launch\n'}
[3.667446] (tuos_tb3_tools) StdoutLine: {'line': b'-- Installing: /home/vivaan/Documents/star_project_submissions/Week_0/ros2_ws/install/tuos_tb3_tools/share/tuos_tb3_tools/launch/ros.launch.py\n'}
[3.667555] (tuos_tb3_tools) StdoutLine: {'line': b'-- Installing: /home/vivaan/Documents/star_project_submissions/Week_0/ros2_ws/install/tuos_tb3_tools/share/tuos_tb3_tools/launch/rviz.launch.py\n'}
[3.667631] (tuos_tb3_tools) StdoutLine: {'line': b'-- Installing: /home/vivaan/Documents/star_project_submissions/Week_0/ros2_ws/install/tuos_tb3_tools/share/tuos_tb3_tools/launch/slam.launch.py\n'}
[3.667688] (tuos_tb3_tools) StdoutLine: {'line': b'-- Installing: /home/vivaan/Documents/star_project_submissions/Week_0/ros2_ws/install/tuos_tb3_tools/share/tuos_tb3_tools/rviz\n'}
[3.667743] (tuos_tb3_tools) StdoutLine: {'line': b'-- Installing: /home/vivaan/Documents/star_project_submissions/Week_0/ros2_ws/install/tuos_tb3_tools/share/tuos_tb3_tools/rviz/waffle_slam.rviz\n'}
[3.667797] (tuos_tb3_tools) StdoutLine: {'line': b'-- Installing: /home/vivaan/Documents/star_project_submissions/Week_0/ros2_ws/install/tuos_tb3_tools/share/tuos_tb3_tools/rviz/waffle.rviz\n'}
[3.667873] (tuos_tb3_tools) StdoutLine: {'line': b'-- Installing: /home/vivaan/Documents/star_project_submissions/Week_0/ros2_ws/install/tuos_tb3_tools/share/ament_index/resource_index/package_run_dependencies/tuos_tb3_tools\n'}
[3.667960] (tuos_tb3_tools) StdoutLine: {'line': b'-- Installing: /home/vivaan/Documents/star_project_submissions/Week_0/ros2_ws/install/tuos_tb3_tools/share/ament_index/resource_index/parent_prefix_path/tuos_tb3_tools\n'}
[3.668020] (tuos_tb3_tools) StdoutLine: {'line': b'-- Installing: /home/vivaan/Documents/star_project_submissions/Week_0/ros2_ws/install/tuos_tb3_tools/share/tuos_tb3_tools/environment/ament_prefix_path.sh\n'}
[3.668075] (tuos_tb3_tools) StdoutLine: {'line': b'-- Installing: /home/vivaan/Documents/star_project_submissions/Week_0/ros2_ws/install/tuos_tb3_tools/share/tuos_tb3_tools/environment/ament_prefix_path.dsv\n'}
[3.668175] (tuos_tb3_tools) StdoutLine: {'line': b'-- Installing: /home/vivaan/Documents/star_project_submissions/Week_0/ros2_ws/install/tuos_tb3_tools/share/tuos_tb3_tools/environment/path.sh\n'}
[3.668232] (tuos_tb3_tools) StdoutLine: {'line': b'-- Installing: /home/vivaan/Documents/star_project_submissions/Week_0/ros2_ws/install/tuos_tb3_tools/share/tuos_tb3_tools/environment/path.dsv\n'}
[3.668285] (tuos_tb3_tools) StdoutLine: {'line': b'-- Installing: /home/vivaan/Documents/star_project_submissions/Week_0/ros2_ws/install/tuos_tb3_tools/share/tuos_tb3_tools/local_setup.bash\n'}
[3.668335] (tuos_tb3_tools) StdoutLine: {'line': b'-- Installing: /home/vivaan/Documents/star_project_submissions/Week_0/ros2_ws/install/tuos_tb3_tools/share/tuos_tb3_tools/local_setup.sh\n'}
[3.668387] (tuos_tb3_tools) StdoutLine: {'line': b'-- Installing: /home/vivaan/Documents/star_project_submissions/Week_0/ros2_ws/install/tuos_tb3_tools/share/tuos_tb3_tools/local_setup.zsh\n'}
[3.668461] (tuos_tb3_tools) StdoutLine: {'line': b'-- Installing: /home/vivaan/Documents/star_project_submissions/Week_0/ros2_ws/install/tuos_tb3_tools/share/tuos_tb3_tools/local_setup.dsv\n'}
[3.668562] (tuos_tb3_tools) StdoutLine: {'line': b'-- Installing: /home/vivaan/Documents/star_project_submissions/Week_0/ros2_ws/install/tuos_tb3_tools/share/tuos_tb3_tools/package.dsv\n'}
[3.668625] (tuos_tb3_tools) StdoutLine: {'line': b'-- Installing: /home/vivaan/Documents/star_project_submissions/Week_0/ros2_ws/install/tuos_tb3_tools/share/ament_index/resource_index/packages/tuos_tb3_tools\n'}
[3.668679] (tuos_tb3_tools) StdoutLine: {'line': b'-- Installing: /home/vivaan/Documents/star_project_submissions/Week_0/ros2_ws/install/tuos_tb3_tools/share/tuos_tb3_tools/cmake/tuos_tb3_toolsConfig.cmake\n'}
[3.668736] (tuos_tb3_tools) StdoutLine: {'line': b'-- Installing: /home/vivaan/Documents/star_project_submissions/Week_0/ros2_ws/install/tuos_tb3_tools/share/tuos_tb3_tools/cmake/tuos_tb3_toolsConfig-version.cmake\n'}
[3.668786] (tuos_tb3_tools) StdoutLine: {'line': b'-- Installing: /home/vivaan/Documents/star_project_submissions/Week_0/ros2_ws/install/tuos_tb3_tools/share/tuos_tb3_tools/package.xml\n'}
[3.669817] (tuos_tb3_tools) CommandEnded: {'returncode': 0}
[3.681711] (tuos_tb3_tools) JobEnded: {'identifier': 'tuos_tb3_tools', 'rc': 0}
[3.706452] (-) TimerEvent: {}
[3.806722] (-) TimerEvent: {}
[3.907016] (-) TimerEvent: {}
[3.909546] (tuos_examples) StdoutLine: {'line': b'[100%] \x1b[32m\x1b[1mLinking CXX executable cpp_executable\x1b[0m\n'}
[3.989234] (tuos_examples) StdoutLine: {'line': b'[100%] Built target cpp_executable\n'}
[3.998515] (tuos_examples) CommandEnded: {'returncode': 0}
[3.999069] (tuos_examples) JobProgress: {'identifier': 'tuos_examples', 'progress': 'install'}
[3.999268] (tuos_examples) Command: {'cmd': ['/usr/bin/cmake', '--install', '/home/vivaan/Documents/star_project_submissions/Week_0/ros2_ws/build/tuos_examples'], 'cwd': '/home/vivaan/Documents/star_project_submissions/Week_0/ros2_ws/build/tuos_examples', 'env': OrderedDict([('LESSOPEN', '| /usr/bin/lesspipe %s'), ('LANGUAGE', 'en_IN:en'), ('USER', 'vivaan'), ('XDG_SESSION_TYPE', 'x11'), ('SHLVL', '1'), ('LD_LIBRARY_PATH', '/usr/lib/x86_64-linux-gnu/gazebo-11/plugins:/opt/ros/humble/opt/rviz_ogre_vendor/lib:/opt/ros/humble/lib/x86_64-linux-gnu:/opt/ros/humble/lib'), ('HOME', '/home/vivaan'), ('OLDPWD', '/home/vivaan/Documents/star_project_submissions'), ('DESKTOP_SESSION', 'ubuntu'), ('ROS_PYTHON_VERSION', '3'), ('GNOME_SHELL_SESSION_MODE', 'ubuntu'), ('GTK_MODULES', 'gail:atk-bridge'), ('MANAGERPID', '1945'), ('SYSTEMD_EXEC_PID', '2342'), ('DBUS_SESSION_BUS_ADDRESS', 'unix:path=/run/user/1000/bus'), ('COLORTERM', 'truecolor'), ('TERMINATOR_DBUS_NAME', 'net.tenshu.Terminator23558193cd9818af7fe4d2c2f5bd9d00f'), ('GIO_LAUNCHED_DESKTOP_FILE_PID', '75211'), ('ROS_DISTRO', 'humble'), ('GTK_IM_MODULE', 'ibus'), ('LOGNAME', 'vivaan'), ('JOURNAL_STREAM', '8:22727'), ('_', '/usr/bin/colcon'), ('ROS_VERSION', '2'), ('XDG_SESSION_CLASS', 'user'), ('USERNAME', 'vivaan'), ('TERM', 'xterm-256color'), ('GNOME_DESKTOP_SESSION_ID', 'this-is-deprecated'), ('ROS_LOCALHOST_ONLY', '0'), ('WINDOWPATH', '2'), ('PATH', '/opt/ros/humble/bin:/home/vivaan/.local/bin:/usr/local/sbin:/usr/local/bin:/usr/sbin:/usr/bin:/sbin:/bin:/usr/games:/usr/local/games:/snap/bin:/snap/bin'), ('SESSION_MANAGER', 'local/vivaan-LOQ-15IAX9:@/tmp/.ICE-unix/2179,unix/vivaan-LOQ-15IAX9:/tmp/.ICE-unix/2179'), ('INVOCATION_ID', '868d2e86c1f54228bef16a0b255f95e8'), ('XDG_MENU_PREFIX', 'gnome-'), ('XDG_RUNTIME_DIR', '/run/user/1000'), ('DISPLAY', ':1'), ('TERMINATOR_DBUS_PATH', '/net/tenshu/Terminator2'), ('LANG', 'en_IN'), ('XDG_CURRENT_DESKTOP', 'ubuntu:GNOME'), ('IBUS_DISABLE_SNOOPER', '1'), ('XMODIFIERS', '@im=ibus'), ('XDG_SESSION_DESKTOP', 'ubuntu'), ('XAUTHORITY', '/run/user/1000/gdm/Xauthority'), ('LS_COLORS', 'rs=0:di=01;34:ln=01;36:mh=00:pi=40;33:so=01;35:do=01;35:bd=40;33;01:cd=40;33;01:or=40;31;01:mi=00:su=37;41:sg=30;43:ca=30;41:tw=30;42:ow=34;42:st=37;44:ex=01;32:*.tar=01;31:*.tgz=01;31:*.arc=01;31:*.arj=01;31:*.taz=01;31:*.lha=01;31:*.lz4=01;31:*.lzh=01;31:*.lzma=01;31:*.tlz=01;31:*.txz=01;31:*.tzo=01;31:*.t7z=01;31:*.zip=01;31:*.z=01;31:*.dz=01;31:*.gz=01;31:*.lrz=01;31:*.lz=01;31:*.lzo=01;31:*.xz=01;31:*.zst=01;31:*.tzst=01;31:*.bz2=01;31:*.bz=01;31:*.tbz=01;31:*.tbz2=01;31:*.tz=01;31:*.deb=01;31:*.rpm=01;31:*.jar=01;31:*.war=01;31:*.ear=01;31:*.sar=01;31:*.rar=01;31:*.alz=01;31:*.ace=01;31:*.zoo=01;31:*.cpio=01;31:*.7z=01;31:*.rz=01;31:*.cab=01;31:*.wim=01;31:*.swm=01;31:*.dwm=01;31:*.esd=01;31:*.jpg=01;35:*.jpeg=01;35:*.mjpg=01;35:*.mjpeg=01;35:*.gif=01;35:*.bmp=01;35:*.pbm=01;35:*.pgm=01;35:*.ppm=01;35:*.tga=01;35:*.xbm=01;35:*.xpm=01;35:*.tif=01;35:*.tiff=01;35:*.png=01;35:*.svg=01;35:*.svgz=01;35:*.mng=01;35:*.pcx=01;35:*.mov=01;35:*.mpg=01;35:*.mpeg=01;35:*.m2v=01;35:*.mkv=01;35:*.webm=01;35:*.webp=01;35:*.ogm=01;35:*.mp4=01;35:*.m4v=01;35:*.mp4v=01;35:*.vob=01;35:*.qt=01;35:*.nuv=01;35:*.wmv=01;35:*.asf=01;35:*.rm=01;35:*.rmvb=01;35:*.flc=01;35:*.avi=01;35:*.fli=01;35:*.flv=01;35:*.gl=01;35:*.dl=01;35:*.xcf=01;35:*.xwd=01;35:*.yuv=01;35:*.cgm=01;35:*.emf=01;35:*.ogv=01;35:*.ogx=01;35:*.aac=00;36:*.au=00;36:*.flac=00;36:*.m4a=00;36:*.mid=00;36:*.midi=00;36:*.mka=00;36:*.mp3=00;36:*.mpc=00;36:*.ogg=00;36:*.ra=00;36:*.wav=00;36:*.oga=00;36:*.opus=00;36:*.spx=00;36:*.xspf=00;36:'), ('SSH_AGENT_LAUNCHER', 'gnome-keyring'), ('SSH_AUTH_SOCK', '/run/user/1000/keyring/ssh'), ('ROS_DOMAIN_ID', '67'), ('AMENT_PREFIX_PATH', '/opt/ros/humble'), ('SHELL', '/bin/bash'), ('TERMINATOR_UUID', 'urn:uuid:d79e4617-827a-4722-bc17-e9d99e6a3cd6'), ('QT_ACCESSIBILITY', '1'), ('GDMSESSION', 'ubuntu'), ('LESSCLOSE', '/usr/bin/lesspipe %s %s'), ('GPG_AGENT_INFO', '/run/user/1000/gnupg/S.gpg-agent:0:1'), ('QT_IM_MODULE', 'ibus'), ('PWD', '/home/vivaan/Documents/star_project_submissions/Week_0/ros2_ws/build/tuos_examples'), ('TURTLEBOT3_MODEL', 'waffle'), ('XDG_CONFIG_DIRS', '/etc/xdg/xdg-ubuntu:/etc/xdg'), ('XDG_DATA_DIRS', '/usr/share/ubuntu:/usr/share/gnome:/usr/local/share/:/usr/share/:/var/lib/snapd/desktop'), ('PYTHONPATH', '/opt/ros/humble/lib/python3.10/site-packages:/opt/ros/humble/local/lib/python3.10/dist-packages'), ('COLCON', '1'), ('VTE_VERSION', '6800'), ('CMAKE_PREFIX_PATH', '/opt/ros/humble')]), 'shell': False}
[4.007091] (-) TimerEvent: {}
[4.007659] (tuos_examples) StdoutLine: {'line': b'-- Install configuration: ""\n'}
[4.007770] (tuos_examples) StdoutLine: {'line': b'-- Installing: /home/vivaan/Documents/star_project_submissions/Week_0/ros2_ws/install/tuos_examples/lib/tuos_examples/cpp_executable\n'}
[4.008326] (tuos_examples) StdoutLine: {'line': b'-- Set runtime path of "/home/vivaan/Documents/star_project_submissions/Week_0/ros2_ws/install/tuos_examples/lib/tuos_examples/cpp_executable" to ""\n'}
[4.008413] (tuos_examples) StdoutLine: {'line': b'-- Installing: /home/vivaan/Documents/star_project_submissions/Week_0/ros2_ws/install/tuos_examples/share/tuos_examples/environment/pythonpath.sh\n'}
[4.008546] (tuos_examples) StdoutLine: {'line': b'-- Installing: /home/vivaan/Documents/star_project_submissions/Week_0/ros2_ws/install/tuos_examples/share/tuos_examples/environment/pythonpath.dsv\n'}
[4.008675] (tuos_examples) StdoutLine: {'line': b'-- Installing: /home/vivaan/Documents/star_project_submissions/Week_0/ros2_ws/install/tuos_examples/local/lib/python3.10/dist-packages/tuos_examples-0.0.0-py3.10.egg-info\n'}
[4.008819] (tuos_examples) StdoutLine: {'line': b'-- Installing: /home/vivaan/Documents/star_project_submissions/Week_0/ros2_ws/install/tuos_examples/local/lib/python3.10/dist-packages/tuos_examples-0.0.0-py3.10.egg-info/PKG-INFO\n'}
[4.008919] (tuos_examples) StdoutLine: {'line': b'-- Installing: /home/vivaan/Documents/star_project_submissions/Week_0/ros2_ws/install/tuos_examples/local/lib/python3.10/dist-packages/tuos_examples-0.0.0-py3.10.egg-info/top_level.txt\n'}
[4.009008] (tuos_examples) StdoutLine: {'line': b'-- Installing: /home/vivaan/Documents/star_project_submissions/Week_0/ros2_ws/install/tuos_examples/local/lib/python3.10/dist-packages/tuos_examples-0.0.0-py3.10.egg-info/dependency_links.txt\n'}
[4.009109] (tuos_examples) StdoutLine: {'line': b'-- Installing: /home/vivaan/Documents/star_project_submissions/Week_0/ros2_ws/install/tuos_examples/local/lib/python3.10/dist-packages/tuos_examples-0.0.0-py3.10.egg-info/SOURCES.txt\n'}
[4.009239] (tuos_examples) StdoutLine: {'line': b'-- Installing: /home/vivaan/Documents/star_project_submissions/Week_0/ros2_ws/install/tuos_examples/local/lib/python3.10/dist-packages/tuos_examples\n'}
[4.009308] (tuos_examples) StdoutLine: {'line': b'-- Installing: /home/vivaan/Documents/star_project_submissions/Week_0/ros2_ws/install/tuos_examples/local/lib/python3.10/dist-packages/tuos_examples/tb3_tools.py\n'}
[4.009407] (tuos_examples) StdoutLine: {'line': b'-- Installing: /home/vivaan/Documents/star_project_submissions/Week_0/ros2_ws/install/tuos_examples/local/lib/python3.10/dist-packages/tuos_examples/__init__.py\n'}
[4.034023] (tuos_examples) StdoutLine: {'line': b"Listing '/home/vivaan/Documents/star_project_submissions/Week_0/ros2_ws/install/tuos_examples/local/lib/python3.10/dist-packages/tuos_examples'...\n"}
[4.034111] (tuos_examples) StdoutLine: {'line': b"Compiling '/home/vivaan/Documents/star_project_submissions/Week_0/ros2_ws/install/tuos_examples/local/lib/python3.10/dist-packages/tuos_examples/__init__.py'...\n"}
[4.034145] (tuos_examples) StdoutLine: {'line': b"Compiling '/home/vivaan/Documents/star_project_submissions/Week_0/ros2_ws/install/tuos_examples/local/lib/python3.10/dist-packages/tuos_examples/tb3_tools.py'...\n"}
[4.037382] (tuos_examples) StdoutLine: {'line': b'-- Installing: /home/vivaan/Documents/star_project_submissions/Week_0/ros2_ws/install/tuos_examples/lib/tuos_examples/odom_subscriber_template.py\n'}
[4.037521] (tuos_examples) StdoutLine: {'line': b'-- Installing: /home/vivaan/Documents/star_project_submissions/Week_0/ros2_ws/install/tuos_examples/lib/tuos_examples/robot_pose.py\n'}
[4.037597] (tuos_examples) StdoutLine: {'line': b'-- Installing: /home/vivaan/Documents/star_project_submissions/Week_0/ros2_ws/install/tuos_examples/lib/tuos_examples/camera_sweep_action_server.py\n'}
[4.037659] (tuos_examples) StdoutLine: {'line': b'-- Installing: /home/vivaan/Documents/star_project_submissions/Week_0/ros2_ws/install/tuos_examples/lib/tuos_examples/waffle_yaw_action_server.py\n'}
[4.037711] (tuos_examples) StdoutLine: {'line': b'-- Installing: /home/vivaan/Documents/star_project_submissions/Week_0/ros2_ws/install/tuos_examples/lib/tuos_examples/image_colours.py\n'}
[4.037757] (tuos_examples) StdoutLine: {'line': b'-- Installing: /home/vivaan/Documents/star_project_submissions/Week_0/ros2_ws/install/tuos_examples/lib/tuos_examples/colour_search.py\n'}
[4.037803] (tuos_examples) StdoutLine: {'line': b'-- Installing: /home/vivaan/Documents/star_project_submissions/Week_0/ros2_ws/install/tuos_examples/lib/tuos_examples/number_game.py\n'}
[4.037855] (tuos_examples) StdoutLine: {'line': b'-- Installing: /home/vivaan/Documents/star_project_submissions/Week_0/ros2_ws/install/tuos_examples/lib/tuos_examples/param_publisher.py\n'}
[4.037931] (tuos_examples) StdoutLine: {'line': b'-- Installing: /home/vivaan/Documents/star_project_submissions/Week_0/ros2_ws/install/tuos_examples/share/tuos_examples/launch\n'}
[4.037986] (tuos_examples) StdoutLine: {'line': b'-- Installing: /home/vivaan/Documents/star_project_submissions/Week_0/ros2_ws/install/tuos_examples/share/tuos_examples/launch/cli_example.launch.py\n'}
[4.038048] (tuos_examples) StdoutLine: {'line': b'-- Installing: /home/vivaan/Documents/star_project_submissions/Week_0/ros2_ws/install/tuos_examples/share/ament_index/resource_index/package_run_dependencies/tuos_examples\n'}
[4.038157] (tuos_examples) StdoutLine: {'line': b'-- Installing: /home/vivaan/Documents/star_project_submissions/Week_0/ros2_ws/install/tuos_examples/share/ament_index/resource_index/parent_prefix_path/tuos_examples\n'}
[4.038245] (tuos_examples) StdoutLine: {'line': b'-- Installing: /home/vivaan/Documents/star_project_submissions/Week_0/ros2_ws/install/tuos_examples/share/tuos_examples/environment/ament_prefix_path.sh\n'}
[4.038329] (tuos_examples) StdoutLine: {'line': b'-- Installing: /home/vivaan/Documents/star_project_submissions/Week_0/ros2_ws/install/tuos_examples/share/tuos_examples/environment/ament_prefix_path.dsv\n'}
[4.038411] (tuos_examples) StdoutLine: {'line': b'-- Installing: /home/vivaan/Documents/star_project_submissions/Week_0/ros2_ws/install/tuos_examples/share/tuos_examples/environment/path.sh\n'}
[4.038491] (tuos_examples) StdoutLine: {'line': b'-- Installing: /home/vivaan/Documents/star_project_submissions/Week_0/ros2_ws/install/tuos_examples/share/tuos_examples/environment/path.dsv\n'}
[4.038578] (tuos_examples) StdoutLine: {'line': b'-- Installing: /home/vivaan/Documents/star_project_submissions/Week_0/ros2_ws/install/tuos_examples/share/tuos_examples/local_setup.bash\n'}
[4.038667] (tuos_examples) StdoutLine: {'line': b'-- Installing: /home/vivaan/Documents/star_project_submissions/Week_0/ros2_ws/install/tuos_examples/share/tuos_examples/local_setup.sh\n'}
[4.038772] (tuos_examples) StdoutLine: {'line': b'-- Installing: /home/vivaan/Documents/star_project_submissions/Week_0/ros2_ws/install/tuos_examples/share/tuos_examples/local_setup.zsh\n'}
[4.038868] (tuos_examples) StdoutLine: {'line': b'-- Installing: /home/vivaan/Documents/star_project_submissions/Week_0/ros2_ws/install/tuos_examples/share/tuos_examples/local_setup.dsv\n'}
[4.038934] (tuos_examples) StdoutLine: {'line': b'-- Installing: /home/vivaan/Documents/star_project_submissions/Week_0/ros2_ws/install/tuos_examples/share/tuos_examples/package.dsv\n'}
[4.039001] (tuos_examples) StdoutLine: {'line': b'-- Installing: /home/vivaan/Documents/star_project_submissions/Week_0/ros2_ws/install/tuos_examples/share/ament_index/resource_index/packages/tuos_examples\n'}
[4.039069] (tuos_examples) StdoutLine: {'line': b'-- Installing: /home/vivaan/Documents/star_project_submissions/Week_0/ros2_ws/install/tuos_examples/share/tuos_examples/cmake/tuos_examplesConfig.cmake\n'}
[4.039104] (tuos_examples) StdoutLine: {'line': b'-- Installing: /home/vivaan/Documents/star_project_submissions/Week_0/ros2_ws/install/tuos_examples/share/tuos_examples/cmake/tuos_examplesConfig-version.cmake\n'}
[4.039154] (tuos_examples) StdoutLine: {'line': b'-- Installing: /home/vivaan/Documents/star_project_submissions/Week_0/ros2_ws/install/tuos_examples/share/tuos_examples/package.xml\n'}
[4.040581] (tuos_examples) CommandEnded: {'returncode': 0}
[4.056827] (tuos_examples) JobEnded: {'identifier': 'tuos_examples', 'rc': 0}
[4.107207] (-) TimerEvent: {}
[4.123372] (tuos_interfaces) StdoutLine: {'line': b'[ 79%] Built target tuos_interfaces__py\n'}
[4.138527] (tuos_interfaces) StdoutLine: {'line': b'[ 83%] \x1b[32mBuilding C object CMakeFiles/tuos_interfaces__rosidl_generator_py.dir/rosidl_generator_py/tuos_interfaces/srv/_number_game_s.c.o\x1b[0m\n'}
[4.138737] (tuos_interfaces) StdoutLine: {'line': b'[ 83%] \x1b[32mBuilding C object CMakeFiles/tuos_interfaces__rosidl_generator_py.dir/rosidl_generator_py/tuos_interfaces/msg/_num_s.c.o\x1b[0m\n'}
[4.140712] (tuos_interfaces) StdoutLine: {'line': b'[ 85%] \x1b[32mBuilding C object CMakeFiles/tuos_interfaces__rosidl_generator_py.dir/rosidl_generator_py/tuos_interfaces/action/_camera_sweep_s.c.o\x1b[0m\n'}
[4.207311] (-) TimerEvent: {}
[4.237100] (tuos_interfaces) StdoutLine: {'line': b'[ 87%] \x1b[32m\x1b[1mLinking C shared library rosidl_generator_py/tuos_interfaces/libtuos_interfaces__rosidl_generator_py.so\x1b[0m\n'}
[4.281793] (tuos_interfaces) StdoutLine: {'line': b'[ 87%] Built target tuos_interfaces__rosidl_generator_py\n'}
[4.301572] (tuos_interfaces) StdoutLine: {'line': b'[ 89%] \x1b[32mBuilding C object CMakeFiles/tuos_interfaces__rosidl_typesupport_fastrtps_c__pyext.dir/rosidl_generator_py/tuos_interfaces/_tuos_interfaces_s.ep.rosidl_typesupport_fastrtps_c.c.o\x1b[0m\n'}
[4.302051] (tuos_interfaces) StdoutLine: {'line': b'[ 91%] \x1b[32mBuilding C object CMakeFiles/tuos_interfaces__rosidl_typesupport_introspection_c__pyext.dir/rosidl_generator_py/tuos_interfaces/_tuos_interfaces_s.ep.rosidl_typesupport_introspection_c.c.o\x1b[0m\n'}
[4.305976] (tuos_interfaces) StdoutLine: {'line': b'[ 93%] \x1b[32mBuilding C object CMakeFiles/tuos_interfaces__rosidl_typesupport_c__pyext.dir/rosidl_generator_py/tuos_interfaces/_tuos_interfaces_s.ep.rosidl_typesupport_c.c.o\x1b[0m\n'}
[4.307417] (-) TimerEvent: {}
[4.386016] (tuos_interfaces) StdoutLine: {'line': b'[ 95%] \x1b[32m\x1b[1mLinking C shared library rosidl_generator_py/tuos_interfaces/tuos_interfaces_s__rosidl_typesupport_c.cpython-310-x86_64-linux-gnu.so\x1b[0m\n'}
[4.386159] (tuos_interfaces) StdoutLine: {'line': b'[100%] \x1b[32m\x1b[1mLinking C shared library rosidl_generator_py/tuos_interfaces/tuos_interfaces_s__rosidl_typesupport_introspection_c.cpython-310-x86_64-linux-gnu.so\x1b[0m\n'}
[4.386208] (tuos_interfaces) StdoutLine: {'line': b'[100%] \x1b[32m\x1b[1mLinking C shared library rosidl_generator_py/tuos_interfaces/tuos_interfaces_s__rosidl_typesupport_fastrtps_c.cpython-310-x86_64-linux-gnu.so\x1b[0m\n'}
[4.407553] (-) TimerEvent: {}
[4.414029] (tuos_interfaces) StdoutLine: {'line': b'[100%] Built target tuos_interfaces__rosidl_typesupport_c__pyext\n'}
[4.418372] (tuos_interfaces) StdoutLine: {'line': b'[100%] Built target tuos_interfaces__rosidl_typesupport_introspection_c__pyext\n'}
[4.419110] (tuos_interfaces) StdoutLine: {'line': b'[100%] Built target tuos_interfaces__rosidl_typesupport_fastrtps_c__pyext\n'}
[4.428547] (tuos_interfaces) CommandEnded: {'returncode': 0}
[4.429727] (tuos_interfaces) JobProgress: {'identifier': 'tuos_interfaces', 'progress': 'install'}
[4.429832] (tuos_interfaces) Command: {'cmd': ['/usr/bin/cmake', '--install', '/home/vivaan/Documents/star_project_submissions/Week_0/ros2_ws/build/tuos_interfaces'], 'cwd': '/home/vivaan/Documents/star_project_submissions/Week_0/ros2_ws/build/tuos_interfaces', 'env': OrderedDict([('LESSOPEN', '| /usr/bin/lesspipe %s'), ('LANGUAGE', 'en_IN:en'), ('USER', 'vivaan'), ('XDG_SESSION_TYPE', 'x11'), ('SHLVL', '1'), ('LD_LIBRARY_PATH', '/usr/lib/x86_64-linux-gnu/gazebo-11/plugins:/opt/ros/humble/opt/rviz_ogre_vendor/lib:/opt/ros/humble/lib/x86_64-linux-gnu:/opt/ros/humble/lib'), ('HOME', '/home/vivaan'), ('OLDPWD', '/home/vivaan/Documents/star_project_submissions'), ('DESKTOP_SESSION', 'ubuntu'), ('ROS_PYTHON_VERSION', '3'), ('GNOME_SHELL_SESSION_MODE', 'ubuntu'), ('GTK_MODULES', 'gail:atk-bridge'), ('MANAGERPID', '1945'), ('SYSTEMD_EXEC_PID', '2342'), ('DBUS_SESSION_BUS_ADDRESS', 'unix:path=/run/user/1000/bus'), ('COLORTERM', 'truecolor'), ('TERMINATOR_DBUS_NAME', 'net.tenshu.Terminator23558193cd9818af7fe4d2c2f5bd9d00f'), ('GIO_LAUNCHED_DESKTOP_FILE_PID', '75211'), ('ROS_DISTRO', 'humble'), ('GTK_IM_MODULE', 'ibus'), ('LOGNAME', 'vivaan'), ('JOURNAL_STREAM', '8:22727'), ('_', '/usr/bin/colcon'), ('ROS_VERSION', '2'), ('XDG_SESSION_CLASS', 'user'), ('USERNAME', 'vivaan'), ('TERM', 'xterm-256color'), ('GNOME_DESKTOP_SESSION_ID', 'this-is-deprecated'), ('ROS_LOCALHOST_ONLY', '0'), ('WINDOWPATH', '2'), ('PATH', '/opt/ros/humble/bin:/home/vivaan/.local/bin:/usr/local/sbin:/usr/local/bin:/usr/sbin:/usr/bin:/sbin:/bin:/usr/games:/usr/local/games:/snap/bin:/snap/bin'), ('SESSION_MANAGER', 'local/vivaan-LOQ-15IAX9:@/tmp/.ICE-unix/2179,unix/vivaan-LOQ-15IAX9:/tmp/.ICE-unix/2179'), ('INVOCATION_ID', '868d2e86c1f54228bef16a0b255f95e8'), ('XDG_MENU_PREFIX', 'gnome-'), ('XDG_RUNTIME_DIR', '/run/user/1000'), ('DISPLAY', ':1'), ('TERMINATOR_DBUS_PATH', '/net/tenshu/Terminator2'), ('LANG', 'en_IN'), ('XDG_CURRENT_DESKTOP', 'ubuntu:GNOME'), ('IBUS_DISABLE_SNOOPER', '1'), ('XMODIFIERS', '@im=ibus'), ('XDG_SESSION_DESKTOP', 'ubuntu'), ('XAUTHORITY', '/run/user/1000/gdm/Xauthority'), ('LS_COLORS', 'rs=0:di=01;34:ln=01;36:mh=00:pi=40;33:so=01;35:do=01;35:bd=40;33;01:cd=40;33;01:or=40;31;01:mi=00:su=37;41:sg=30;43:ca=30;41:tw=30;42:ow=34;42:st=37;44:ex=01;32:*.tar=01;31:*.tgz=01;31:*.arc=01;31:*.arj=01;31:*.taz=01;31:*.lha=01;31:*.lz4=01;31:*.lzh=01;31:*.lzma=01;31:*.tlz=01;31:*.txz=01;31:*.tzo=01;31:*.t7z=01;31:*.zip=01;31:*.z=01;31:*.dz=01;31:*.gz=01;31:*.lrz=01;31:*.lz=01;31:*.lzo=01;31:*.xz=01;31:*.zst=01;31:*.tzst=01;31:*.bz2=01;31:*.bz=01;31:*.tbz=01;31:*.tbz2=01;31:*.tz=01;31:*.deb=01;31:*.rpm=01;31:*.jar=01;31:*.war=01;31:*.ear=01;31:*.sar=01;31:*.rar=01;31:*.alz=01;31:*.ace=01;31:*.zoo=01;31:*.cpio=01;31:*.7z=01;31:*.rz=01;31:*.cab=01;31:*.wim=01;31:*.swm=01;31:*.dwm=01;31:*.esd=01;31:*.jpg=01;35:*.jpeg=01;35:*.mjpg=01;35:*.mjpeg=01;35:*.gif=01;35:*.bmp=01;35:*.pbm=01;35:*.pgm=01;35:*.ppm=01;35:*.tga=01;35:*.xbm=01;35:*.xpm=01;35:*.tif=01;35:*.tiff=01;35:*.png=01;35:*.svg=01;35:*.svgz=01;35:*.mng=01;35:*.pcx=01;35:*.mov=01;35:*.mpg=01;35:*.mpeg=01;35:*.m2v=01;35:*.mkv=01;35:*.webm=01;35:*.webp=01;35:*.ogm=01;35:*.mp4=01;35:*.m4v=01;35:*.mp4v=01;35:*.vob=01;35:*.qt=01;35:*.nuv=01;35:*.wmv=01;35:*.asf=01;35:*.rm=01;35:*.rmvb=01;35:*.flc=01;35:*.avi=01;35:*.fli=01;35:*.flv=01;35:*.gl=01;35:*.dl=01;35:*.xcf=01;35:*.xwd=01;35:*.yuv=01;35:*.cgm=01;35:*.emf=01;35:*.ogv=01;35:*.ogx=01;35:*.aac=00;36:*.au=00;36:*.flac=00;36:*.m4a=00;36:*.mid=00;36:*.midi=00;36:*.mka=00;36:*.mp3=00;36:*.mpc=00;36:*.ogg=00;36:*.ra=00;36:*.wav=00;36:*.oga=00;36:*.opus=00;36:*.spx=00;36:*.xspf=00;36:'), ('SSH_AGENT_LAUNCHER', 'gnome-keyring'), ('SSH_AUTH_SOCK', '/run/user/1000/keyring/ssh'), ('ROS_DOMAIN_ID', '67'), ('AMENT_PREFIX_PATH', '/opt/ros/humble'), ('SHELL', '/bin/bash'), ('TERMINATOR_UUID', 'urn:uuid:d79e4617-827a-4722-bc17-e9d99e6a3cd6'), ('QT_ACCESSIBILITY', '1'), ('GDMSESSION', 'ubuntu'), ('LESSCLOSE', '/usr/bin/lesspipe %s %s'), ('GPG_AGENT_INFO', '/run/user/1000/gnupg/S.gpg-agent:0:1'), ('QT_IM_MODULE', 'ibus'), ('PWD', '/home/vivaan/Documents/star_project_submissions/Week_0/ros2_ws/build/tuos_interfaces'), ('TURTLEBOT3_MODEL', 'waffle'), ('XDG_CONFIG_DIRS', '/etc/xdg/xdg-ubuntu:/etc/xdg'), ('XDG_DATA_DIRS', '/usr/share/ubuntu:/usr/share/gnome:/usr/local/share/:/usr/share/:/var/lib/snapd/desktop'), ('PYTHONPATH', '/opt/ros/humble/lib/python3.10/site-packages:/opt/ros/humble/local/lib/python3.10/dist-packages'), ('COLCON', '1'), ('VTE_VERSION', '6800'), ('CMAKE_PREFIX_PATH', '/opt/ros/humble')]), 'shell': False}
[4.435608] (tuos_interfaces) StdoutLine: {'line': b'-- Install configuration: ""\n'}
[4.435813] (tuos_interfaces) StdoutLine: {'line': b'-- Installing: /home/vivaan/Documents/star_project_submissions/Week_0/ros2_ws/install/tuos_interfaces/share/ament_index/resource_index/rosidl_interfaces/tuos_interfaces\n'}
[4.435862] (tuos_interfaces) StdoutLine: {'line': b'-- Installing: /home/vivaan/Documents/star_project_submissions/Week_0/ros2_ws/install/tuos_interfaces/include/tuos_interfaces/tuos_interfaces\n'}
[4.435923] (tuos_interfaces) StdoutLine: {'line': b'-- Installing: /home/vivaan/Documents/star_project_submissions/Week_0/ros2_ws/install/tuos_interfaces/include/tuos_interfaces/tuos_interfaces/srv\n'}
[4.435985] (tuos_interfaces) StdoutLine: {'line': b'-- Installing: /home/vivaan/Documents/star_project_submissions/Week_0/ros2_ws/install/tuos_interfaces/include/tuos_interfaces/tuos_interfaces/srv/detail\n'}
[4.436021] (tuos_interfaces) StdoutLine: {'line': b'-- Installing: /home/vivaan/Documents/star_project_submissions/Week_0/ros2_ws/install/tuos_interfaces/include/tuos_interfaces/tuos_interfaces/srv/detail/number_game__struct.h\n'}
[4.436052] (tuos_interfaces) StdoutLine: {'line': b'-- Installing: /home/vivaan/Documents/star_project_submissions/Week_0/ros2_ws/install/tuos_interfaces/include/tuos_interfaces/tuos_interfaces/srv/detail/number_game__functions.h\n'}
[4.436104] (tuos_interfaces) StdoutLine: {'line': b'-- Installing: /home/vivaan/Documents/star_project_submissions/Week_0/ros2_ws/install/tuos_interfaces/include/tuos_interfaces/tuos_interfaces/srv/detail/number_game__type_support.h\n'}
[4.436171] (tuos_interfaces) StdoutLine: {'line': b'-- Installing: /home/vivaan/Documents/star_project_submissions/Week_0/ros2_ws/install/tuos_interfaces/include/tuos_interfaces/tuos_interfaces/srv/detail/number_game__functions.c\n'}
[4.436203] (tuos_interfaces) StdoutLine: {'line': b'-- Installing: /home/vivaan/Documents/star_project_submissions/Week_0/ros2_ws/install/tuos_interfaces/include/tuos_interfaces/tuos_interfaces/srv/number_game.h\n'}
[4.436233] (tuos_interfaces) StdoutLine: {'line': b'-- Installing: /home/vivaan/Documents/star_project_submissions/Week_0/ros2_ws/install/tuos_interfaces/include/tuos_interfaces/tuos_interfaces/msg\n'}
[4.436284] (tuos_interfaces) StdoutLine: {'line': b'-- Installing: /home/vivaan/Documents/star_project_submissions/Week_0/ros2_ws/install/tuos_interfaces/include/tuos_interfaces/tuos_interfaces/msg/num.h\n'}
[4.436315] (tuos_interfaces) StdoutLine: {'line': b'-- Installing: /home/vivaan/Documents/star_project_submissions/Week_0/ros2_ws/install/tuos_interfaces/include/tuos_interfaces/tuos_interfaces/msg/rosidl_generator_c__visibility_control.h\n'}
[4.436370] (tuos_interfaces) StdoutLine: {'line': b'-- Installing: /home/vivaan/Documents/star_project_submissions/Week_0/ros2_ws/install/tuos_interfaces/include/tuos_interfaces/tuos_interfaces/msg/detail\n'}
[4.436404] (tuos_interfaces) StdoutLine: {'line': b'-- Installing: /home/vivaan/Documents/star_project_submissions/Week_0/ros2_ws/install/tuos_interfaces/include/tuos_interfaces/tuos_interfaces/msg/detail/num__functions.c\n'}
[4.436434] (tuos_interfaces) StdoutLine: {'line': b'-- Installing: /home/vivaan/Documents/star_project_submissions/Week_0/ros2_ws/install/tuos_interfaces/include/tuos_interfaces/tuos_interfaces/msg/detail/num__struct.h\n'}
[4.436485] (tuos_interfaces) StdoutLine: {'line': b'-- Installing: /home/vivaan/Documents/star_project_submissions/Week_0/ros2_ws/install/tuos_interfaces/include/tuos_interfaces/tuos_interfaces/msg/detail/num__functions.h\n'}
[4.436517] (tuos_interfaces) StdoutLine: {'line': b'-- Installing: /home/vivaan/Documents/star_project_submissions/Week_0/ros2_ws/install/tuos_interfaces/include/tuos_interfaces/tuos_interfaces/msg/detail/num__type_support.h\n'}
[4.436577] (tuos_interfaces) StdoutLine: {'line': b'-- Installing: /home/vivaan/Documents/star_project_submissions/Week_0/ros2_ws/install/tuos_interfaces/include/tuos_interfaces/tuos_interfaces/action\n'}
[4.436613] (tuos_interfaces) StdoutLine: {'line': b'-- Installing: /home/vivaan/Documents/star_project_submissions/Week_0/ros2_ws/install/tuos_interfaces/include/tuos_interfaces/tuos_interfaces/action/detail\n'}
[4.436643] (tuos_interfaces) StdoutLine: {'line': b'-- Installing: /home/vivaan/Documents/star_project_submissions/Week_0/ros2_ws/install/tuos_interfaces/include/tuos_interfaces/tuos_interfaces/action/detail/camera_sweep__functions.h\n'}
[4.436693] (tuos_interfaces) StdoutLine: {'line': b'-- Installing: /home/vivaan/Documents/star_project_submissions/Week_0/ros2_ws/install/tuos_interfaces/include/tuos_interfaces/tuos_interfaces/action/detail/camera_sweep__functions.c\n'}
[4.436755] (tuos_interfaces) StdoutLine: {'line': b'-- Installing: /home/vivaan/Documents/star_project_submissions/Week_0/ros2_ws/install/tuos_interfaces/include/tuos_interfaces/tuos_interfaces/action/detail/camera_sweep__type_support.h\n'}
[4.436784] (tuos_interfaces) StdoutLine: {'line': b'-- Installing: /home/vivaan/Documents/star_project_submissions/Week_0/ros2_ws/install/tuos_interfaces/include/tuos_interfaces/tuos_interfaces/action/detail/camera_sweep__struct.h\n'}
[4.436812] (tuos_interfaces) StdoutLine: {'line': b'-- Installing: /home/vivaan/Documents/star_project_submissions/Week_0/ros2_ws/install/tuos_interfaces/include/tuos_interfaces/tuos_interfaces/action/camera_sweep.h\n'}
[4.436868] (tuos_interfaces) StdoutLine: {'line': b'-- Installing: /home/vivaan/Documents/star_project_submissions/Week_0/ros2_ws/install/tuos_interfaces/share/tuos_interfaces/environment/library_path.sh\n'}
[4.436896] (tuos_interfaces) StdoutLine: {'line': b'-- Installing: /home/vivaan/Documents/star_project_submissions/Week_0/ros2_ws/install/tuos_interfaces/share/tuos_interfaces/environment/library_path.dsv\n'}
[4.436949] (tuos_interfaces) StdoutLine: {'line': b'-- Installing: /home/vivaan/Documents/star_project_submissions/Week_0/ros2_ws/install/tuos_interfaces/lib/libtuos_interfaces__rosidl_generator_c.so\n'}
[4.437126] (tuos_interfaces) StdoutLine: {'line': b'-- Set runtime path of "/home/vivaan/Documents/star_project_submissions/Week_0/ros2_ws/install/tuos_interfaces/lib/libtuos_interfaces__rosidl_generator_c.so" to ""\n'}
[4.437168] (tuos_interfaces) StdoutLine: {'line': b'-- Up-to-date: /home/vivaan/Documents/star_project_submissions/Week_0/ros2_ws/install/tuos_interfaces/include/tuos_interfaces/tuos_interfaces\n'}
[4.437219] (tuos_interfaces) StdoutLine: {'line': b'-- Up-to-date: /home/vivaan/Documents/star_project_submissions/Week_0/ros2_ws/install/tuos_interfaces/include/tuos_interfaces/tuos_interfaces/srv\n'}
[4.437271] (tuos_interfaces) StdoutLine: {'line': b'-- Up-to-date: /home/vivaan/Documents/star_project_submissions/Week_0/ros2_ws/install/tuos_interfaces/include/tuos_interfaces/tuos_interfaces/srv/detail\n'}
[4.437303] (tuos_interfaces) StdoutLine: {'line': b'-- Installing: /home/vivaan/Documents/star_project_submissions/Week_0/ros2_ws/install/tuos_interfaces/include/tuos_interfaces/tuos_interfaces/srv/detail/number_game__rosidl_typesupport_fastrtps_c.h\n'}
[4.437356] (tuos_interfaces) StdoutLine: {'line': b'-- Up-to-date: /home/vivaan/Documents/star_project_submissions/Week_0/ros2_ws/install/tuos_interfaces/include/tuos_interfaces/tuos_interfaces/msg\n'}
[4.437387] (tuos_interfaces) StdoutLine: {'line': b'-- Installing: /home/vivaan/Documents/star_project_submissions/Week_0/ros2_ws/install/tuos_interfaces/include/tuos_interfaces/tuos_interfaces/msg/rosidl_typesupport_fastrtps_c__visibility_control.h\n'}
[4.437442] (tuos_interfaces) StdoutLine: {'line': b'-- Up-to-date: /home/vivaan/Documents/star_project_submissions/Week_0/ros2_ws/install/tuos_interfaces/include/tuos_interfaces/tuos_interfaces/msg/detail\n'}
[4.437477] (tuos_interfaces) StdoutLine: {'line': b'-- Installing: /home/vivaan/Documents/star_project_submissions/Week_0/ros2_ws/install/tuos_interfaces/include/tuos_interfaces/tuos_interfaces/msg/detail/num__rosidl_typesupport_fastrtps_c.h\n'}
[4.437506] (tuos_interfaces) StdoutLine: {'line': b'-- Up-to-date: /home/vivaan/Documents/star_project_submissions/Week_0/ros2_ws/install/tuos_interfaces/include/tuos_interfaces/tuos_interfaces/action\n'}
[4.437564] (tuos_interfaces) StdoutLine: {'line': b'-- Up-to-date: /home/vivaan/Documents/star_project_submissions/Week_0/ros2_ws/install/tuos_interfaces/include/tuos_interfaces/tuos_interfaces/action/detail\n'}
[4.437597] (tuos_interfaces) StdoutLine: {'line': b'-- Installing: /home/vivaan/Documents/star_project_submissions/Week_0/ros2_ws/install/tuos_interfaces/include/tuos_interfaces/tuos_interfaces/action/detail/camera_sweep__rosidl_typesupport_fastrtps_c.h\n'}
[4.437650] (tuos_interfaces) StdoutLine: {'line': b'-- Installing: /home/vivaan/Documents/star_project_submissions/Week_0/ros2_ws/install/tuos_interfaces/lib/libtuos_interfaces__rosidl_typesupport_fastrtps_c.so\n'}
[4.437700] (tuos_interfaces) StdoutLine: {'line': b'-- Set runtime path of "/home/vivaan/Documents/star_project_submissions/Week_0/ros2_ws/install/tuos_interfaces/lib/libtuos_interfaces__rosidl_typesupport_fastrtps_c.so" to ""\n'}
[4.437756] (tuos_interfaces) StdoutLine: {'line': b'-- Up-to-date: /home/vivaan/Documents/star_project_submissions/Week_0/ros2_ws/install/tuos_interfaces/include/tuos_interfaces/tuos_interfaces\n'}
[4.437789] (tuos_interfaces) StdoutLine: {'line': b'-- Up-to-date: /home/vivaan/Documents/star_project_submissions/Week_0/ros2_ws/install/tuos_interfaces/include/tuos_interfaces/tuos_interfaces/srv\n'}
[4.437819] (tuos_interfaces) StdoutLine: {'line': b'-- Installing: /home/vivaan/Documents/star_project_submissions/Week_0/ros2_ws/install/tuos_interfaces/include/tuos_interfaces/tuos_interfaces/srv/number_game.hpp\n'}
[4.437870] (tuos_interfaces) StdoutLine: {'line': b'-- Up-to-date: /home/vivaan/Documents/star_project_submissions/Week_0/ros2_ws/install/tuos_interfaces/include/tuos_interfaces/tuos_interfaces/srv/detail\n'}
[4.437901] (tuos_interfaces) StdoutLine: {'line': b'-- Installing: /home/vivaan/Documents/star_project_submissions/Week_0/ros2_ws/install/tuos_interfaces/include/tuos_interfaces/tuos_interfaces/srv/detail/number_game__builder.hpp\n'}
[4.437952] (tuos_interfaces) StdoutLine: {'line': b'-- Installing: /home/vivaan/Documents/star_project_submissions/Week_0/ros2_ws/install/tuos_interfaces/include/tuos_interfaces/tuos_interfaces/srv/detail/number_game__traits.hpp\n'}
[4.437982] (tuos_interfaces) StdoutLine: {'line': b'-- Installing: /home/vivaan/Documents/star_project_submissions/Week_0/ros2_ws/install/tuos_interfaces/include/tuos_interfaces/tuos_interfaces/srv/detail/number_game__struct.hpp\n'}
[4.438036] (tuos_interfaces) StdoutLine: {'line': b'-- Installing: /home/vivaan/Documents/star_project_submissions/Week_0/ros2_ws/install/tuos_interfaces/include/tuos_interfaces/tuos_interfaces/srv/detail/number_game__type_support.hpp\n'}
[4.438069] (tuos_interfaces) StdoutLine: {'line': b'-- Up-to-date: /home/vivaan/Documents/star_project_submissions/Week_0/ros2_ws/install/tuos_interfaces/include/tuos_interfaces/tuos_interfaces/msg\n'}
[4.438097] (tuos_interfaces) StdoutLine: {'line': b'-- Installing: /home/vivaan/Documents/star_project_submissions/Week_0/ros2_ws/install/tuos_interfaces/include/tuos_interfaces/tuos_interfaces/msg/rosidl_generator_cpp__visibility_control.hpp\n'}
[4.438152] (tuos_interfaces) StdoutLine: {'line': b'-- Installing: /home/vivaan/Documents/star_project_submissions/Week_0/ros2_ws/install/tuos_interfaces/include/tuos_interfaces/tuos_interfaces/msg/num.hpp\n'}
[4.438182] (tuos_interfaces) StdoutLine: {'line': b'-- Up-to-date: /home/vivaan/Documents/star_project_submissions/Week_0/ros2_ws/install/tuos_interfaces/include/tuos_interfaces/tuos_interfaces/msg/detail\n'}
[4.438211] (tuos_interfaces) StdoutLine: {'line': b'-- Installing: /home/vivaan/Documents/star_project_submissions/Week_0/ros2_ws/install/tuos_interfaces/include/tuos_interfaces/tuos_interfaces/msg/detail/num__type_support.hpp\n'}
[4.438262] (tuos_interfaces) StdoutLine: {'line': b'-- Installing: /home/vivaan/Documents/star_project_submissions/Week_0/ros2_ws/install/tuos_interfaces/include/tuos_interfaces/tuos_interfaces/msg/detail/num__builder.hpp\n'}
[4.438293] (tuos_interfaces) StdoutLine: {'line': b'-- Installing: /home/vivaan/Documents/star_project_submissions/Week_0/ros2_ws/install/tuos_interfaces/include/tuos_interfaces/tuos_interfaces/msg/detail/num__struct.hpp\n'}
[4.438352] (tuos_interfaces) StdoutLine: {'line': b'-- Installing: /home/vivaan/Documents/star_project_submissions/Week_0/ros2_ws/install/tuos_interfaces/include/tuos_interfaces/tuos_interfaces/msg/detail/num__traits.hpp\n'}
[4.438382] (tuos_interfaces) StdoutLine: {'line': b'-- Up-to-date: /home/vivaan/Documents/star_project_submissions/Week_0/ros2_ws/install/tuos_interfaces/include/tuos_interfaces/tuos_interfaces/action\n'}
[4.438410] (tuos_interfaces) StdoutLine: {'line': b'-- Installing: /home/vivaan/Documents/star_project_submissions/Week_0/ros2_ws/install/tuos_interfaces/include/tuos_interfaces/tuos_interfaces/action/camera_sweep.hpp\n'}
[4.438441] (tuos_interfaces) StdoutLine: {'line': b'-- Up-to-date: /home/vivaan/Documents/star_project_submissions/Week_0/ros2_ws/install/tuos_interfaces/include/tuos_interfaces/tuos_interfaces/action/detail\n'}
[4.438492] (tuos_interfaces) StdoutLine: {'line': b'-- Installing: /home/vivaan/Documents/star_project_submissions/Week_0/ros2_ws/install/tuos_interfaces/include/tuos_interfaces/tuos_interfaces/action/detail/camera_sweep__struct.hpp\n'}
[4.438521] (tuos_interfaces) StdoutLine: {'line': b'-- Installing: /home/vivaan/Documents/star_project_submissions/Week_0/ros2_ws/install/tuos_interfaces/include/tuos_interfaces/tuos_interfaces/action/detail/camera_sweep__builder.hpp\n'}
[4.438579] (tuos_interfaces) StdoutLine: {'line': b'-- Installing: /home/vivaan/Documents/star_project_submissions/Week_0/ros2_ws/install/tuos_interfaces/include/tuos_interfaces/tuos_interfaces/action/detail/camera_sweep__type_support.hpp\n'}
[4.438612] (tuos_interfaces) StdoutLine: {'line': b'-- Installing: /home/vivaan/Documents/star_project_submissions/Week_0/ros2_ws/install/tuos_interfaces/include/tuos_interfaces/tuos_interfaces/action/detail/camera_sweep__traits.hpp\n'}
[4.438641] (tuos_interfaces) StdoutLine: {'line': b'-- Up-to-date: /home/vivaan/Documents/star_project_submissions/Week_0/ros2_ws/install/tuos_interfaces/include/tuos_interfaces/tuos_interfaces\n'}
[4.438697] (tuos_interfaces) StdoutLine: {'line': b'-- Up-to-date: /home/vivaan/Documents/star_project_submissions/Week_0/ros2_ws/install/tuos_interfaces/include/tuos_interfaces/tuos_interfaces/srv\n'}
[4.438729] (tuos_interfaces) StdoutLine: {'line': b'-- Up-to-date: /home/vivaan/Documents/star_project_submissions/Week_0/ros2_ws/install/tuos_interfaces/include/tuos_interfaces/tuos_interfaces/srv/detail\n'}
[4.438758] (tuos_interfaces) StdoutLine: {'line': b'-- Installing: /home/vivaan/Documents/star_project_submissions/Week_0/ros2_ws/install/tuos_interfaces/include/tuos_interfaces/tuos_interfaces/srv/detail/dds_fastrtps\n'}
[4.438792] (tuos_interfaces) StdoutLine: {'line': b'-- Installing: /home/vivaan/Documents/star_project_submissions/Week_0/ros2_ws/install/tuos_interfaces/include/tuos_interfaces/tuos_interfaces/srv/detail/number_game__rosidl_typesupport_fastrtps_cpp.hpp\n'}
[4.438874] (tuos_interfaces) StdoutLine: {'line': b'-- Up-to-date: /home/vivaan/Documents/star_project_submissions/Week_0/ros2_ws/install/tuos_interfaces/include/tuos_interfaces/tuos_interfaces/msg\n'}
[4.438906] (tuos_interfaces) StdoutLine: {'line': b'-- Installing: /home/vivaan/Documents/star_project_submissions/Week_0/ros2_ws/install/tuos_interfaces/include/tuos_interfaces/tuos_interfaces/msg/rosidl_typesupport_fastrtps_cpp__visibility_control.h\n'}
[4.438963] (tuos_interfaces) StdoutLine: {'line': b'-- Up-to-date: /home/vivaan/Documents/star_project_submissions/Week_0/ros2_ws/install/tuos_interfaces/include/tuos_interfaces/tuos_interfaces/msg/detail\n'}
[4.438993] (tuos_interfaces) StdoutLine: {'line': b'-- Installing: /home/vivaan/Documents/star_project_submissions/Week_0/ros2_ws/install/tuos_interfaces/include/tuos_interfaces/tuos_interfaces/msg/detail/num__rosidl_typesupport_fastrtps_cpp.hpp\n'}
[4.439022] (tuos_interfaces) StdoutLine: {'line': b'-- Installing: /home/vivaan/Documents/star_project_submissions/Week_0/ros2_ws/install/tuos_interfaces/include/tuos_interfaces/tuos_interfaces/msg/detail/dds_fastrtps\n'}
[4.439050] (tuos_interfaces) StdoutLine: {'line': b'-- Up-to-date: /home/vivaan/Documents/star_project_submissions/Week_0/ros2_ws/install/tuos_interfaces/include/tuos_interfaces/tuos_interfaces/action\n'}
[4.439077] (tuos_interfaces) StdoutLine: {'line': b'-- Up-to-date: /home/vivaan/Documents/star_project_submissions/Week_0/ros2_ws/install/tuos_interfaces/include/tuos_interfaces/tuos_interfaces/action/detail\n'}
[4.439104] (tuos_interfaces) StdoutLine: {'line': b'-- Installing: /home/vivaan/Documents/star_project_submissions/Week_0/ros2_ws/install/tuos_interfaces/include/tuos_interfaces/tuos_interfaces/action/detail/dds_fastrtps\n'}
[4.439131] (tuos_interfaces) StdoutLine: {'line': b'-- Installing: /home/vivaan/Documents/star_project_submissions/Week_0/ros2_ws/install/tuos_interfaces/include/tuos_interfaces/tuos_interfaces/action/detail/camera_sweep__rosidl_typesupport_fastrtps_cpp.hpp\n'}
[4.439182] (tuos_interfaces) StdoutLine: {'line': b'-- Installing: /home/vivaan/Documents/star_project_submissions/Week_0/ros2_ws/install/tuos_interfaces/lib/libtuos_interfaces__rosidl_typesupport_fastrtps_cpp.so\n'}
[4.439246] (tuos_interfaces) StdoutLine: {'line': b'-- Set runtime path of "/home/vivaan/Documents/star_project_submissions/Week_0/ros2_ws/install/tuos_interfaces/lib/libtuos_interfaces__rosidl_typesupport_fastrtps_cpp.so" to ""\n'}
[4.439276] (tuos_interfaces) StdoutLine: {'line': b'-- Up-to-date: /home/vivaan/Documents/star_project_submissions/Week_0/ros2_ws/install/tuos_interfaces/include/tuos_interfaces/tuos_interfaces\n'}
[4.439304] (tuos_interfaces) StdoutLine: {'line': b'-- Up-to-date: /home/vivaan/Documents/star_project_submissions/Week_0/ros2_ws/install/tuos_interfaces/include/tuos_interfaces/tuos_interfaces/srv\n'}
[4.439331] (tuos_interfaces) StdoutLine: {'line': b'-- Up-to-date: /home/vivaan/Documents/star_project_submissions/Week_0/ros2_ws/install/tuos_interfaces/include/tuos_interfaces/tuos_interfaces/srv/detail\n'}
[4.439359] (tuos_interfaces) StdoutLine: {'line': b'-- Installing: /home/vivaan/Documents/star_project_submissions/Week_0/ros2_ws/install/tuos_interfaces/include/tuos_interfaces/tuos_interfaces/srv/detail/number_game__type_support.c\n'}
[4.439428] (tuos_interfaces) StdoutLine: {'line': b'-- Installing: /home/vivaan/Documents/star_project_submissions/Week_0/ros2_ws/install/tuos_interfaces/include/tuos_interfaces/tuos_interfaces/srv/detail/number_game__rosidl_typesupport_introspection_c.h\n'}
[4.439457] (tuos_interfaces) StdoutLine: {'line': b'-- Up-to-date: /home/vivaan/Documents/star_project_submissions/Week_0/ros2_ws/install/tuos_interfaces/include/tuos_interfaces/tuos_interfaces/msg\n'}
[4.439486] (tuos_interfaces) StdoutLine: {'line': b'-- Installing: /home/vivaan/Documents/star_project_submissions/Week_0/ros2_ws/install/tuos_interfaces/include/tuos_interfaces/tuos_interfaces/msg/rosidl_typesupport_introspection_c__visibility_control.h\n'}
[4.439515] (tuos_interfaces) StdoutLine: {'line': b'-- Up-to-date: /home/vivaan/Documents/star_project_submissions/Week_0/ros2_ws/install/tuos_interfaces/include/tuos_interfaces/tuos_interfaces/msg/detail\n'}
[4.439544] (tuos_interfaces) StdoutLine: {'line': b'-- Installing: /home/vivaan/Documents/star_project_submissions/Week_0/ros2_ws/install/tuos_interfaces/include/tuos_interfaces/tuos_interfaces/msg/detail/num__rosidl_typesupport_introspection_c.h\n'}
[4.439576] (tuos_interfaces) StdoutLine: {'line': b'-- Installing: /home/vivaan/Documents/star_project_submissions/Week_0/ros2_ws/install/tuos_interfaces/include/tuos_interfaces/tuos_interfaces/msg/detail/num__type_support.c\n'}
[4.439606] (tuos_interfaces) StdoutLine: {'line': b'-- Up-to-date: /home/vivaan/Documents/star_project_submissions/Week_0/ros2_ws/install/tuos_interfaces/include/tuos_interfaces/tuos_interfaces/action\n'}
[4.439677] (tuos_interfaces) StdoutLine: {'line': b'-- Up-to-date: /home/vivaan/Documents/star_project_submissions/Week_0/ros2_ws/install/tuos_interfaces/include/tuos_interfaces/tuos_interfaces/action/detail\n'}
[4.439713] (tuos_interfaces) StdoutLine: {'line': b'-- Installing: /home/vivaan/Documents/star_project_submissions/Week_0/ros2_ws/install/tuos_interfaces/include/tuos_interfaces/tuos_interfaces/action/detail/camera_sweep__type_support.c\n'}
[4.439772] (tuos_interfaces) StdoutLine: {'line': b'-- Installing: /home/vivaan/Documents/star_project_submissions/Week_0/ros2_ws/install/tuos_interfaces/include/tuos_interfaces/tuos_interfaces/action/detail/camera_sweep__rosidl_typesupport_introspection_c.h\n'}
[4.439805] (tuos_interfaces) StdoutLine: {'line': b'-- Installing: /home/vivaan/Documents/star_project_submissions/Week_0/ros2_ws/install/tuos_interfaces/lib/libtuos_interfaces__rosidl_typesupport_introspection_c.so\n'}
[4.439857] (tuos_interfaces) StdoutLine: {'line': b'-- Set runtime path of "/home/vivaan/Documents/star_project_submissions/Week_0/ros2_ws/install/tuos_interfaces/lib/libtuos_interfaces__rosidl_typesupport_introspection_c.so" to ""\n'}
[4.439887] (tuos_interfaces) StdoutLine: {'line': b'-- Installing: /home/vivaan/Documents/star_project_submissions/Week_0/ros2_ws/install/tuos_interfaces/lib/libtuos_interfaces__rosidl_typesupport_c.so\n'}
[4.439935] (tuos_interfaces) StdoutLine: {'line': b'-- Set runtime path of "/home/vivaan/Documents/star_project_submissions/Week_0/ros2_ws/install/tuos_interfaces/lib/libtuos_interfaces__rosidl_typesupport_c.so" to ""\n'}
[4.439987] (tuos_interfaces) StdoutLine: {'line': b'-- Up-to-date: /home/vivaan/Documents/star_project_submissions/Week_0/ros2_ws/install/tuos_interfaces/include/tuos_interfaces/tuos_interfaces\n'}
[4.440017] (tuos_interfaces) StdoutLine: {'line': b'-- Up-to-date: /home/vivaan/Documents/star_project_submissions/Week_0/ros2_ws/install/tuos_interfaces/include/tuos_interfaces/tuos_interfaces/srv\n'}
[4.440073] (tuos_interfaces) StdoutLine: {'line': b'-- Up-to-date: /home/vivaan/Documents/star_project_submissions/Week_0/ros2_ws/install/tuos_interfaces/include/tuos_interfaces/tuos_interfaces/srv/detail\n'}
[4.440103] (tuos_interfaces) StdoutLine: {'line': b'-- Installing: /home/vivaan/Documents/star_project_submissions/Week_0/ros2_ws/install/tuos_interfaces/include/tuos_interfaces/tuos_interfaces/srv/detail/number_game__type_support.cpp\n'}
[4.440157] (tuos_interfaces) StdoutLine: {'line': b'-- Installing: /home/vivaan/Documents/star_project_submissions/Week_0/ros2_ws/install/tuos_interfaces/include/tuos_interfaces/tuos_interfaces/srv/detail/number_game__rosidl_typesupport_introspection_cpp.hpp\n'}
[4.440188] (tuos_interfaces) StdoutLine: {'line': b'-- Up-to-date: /home/vivaan/Documents/star_project_submissions/Week_0/ros2_ws/install/tuos_interfaces/include/tuos_interfaces/tuos_interfaces/msg\n'}
[4.440219] (tuos_interfaces) StdoutLine: {'line': b'-- Up-to-date: /home/vivaan/Documents/star_project_submissions/Week_0/ros2_ws/install/tuos_interfaces/include/tuos_interfaces/tuos_interfaces/msg/detail\n'}
[4.440269] (tuos_interfaces) StdoutLine: {'line': b'-- Installing: /home/vivaan/Documents/star_project_submissions/Week_0/ros2_ws/install/tuos_interfaces/include/tuos_interfaces/tuos_interfaces/msg/detail/num__rosidl_typesupport_introspection_cpp.hpp\n'}
[4.440298] (tuos_interfaces) StdoutLine: {'line': b'-- Installing: /home/vivaan/Documents/star_project_submissions/Week_0/ros2_ws/install/tuos_interfaces/include/tuos_interfaces/tuos_interfaces/msg/detail/num__type_support.cpp\n'}
[4.440353] (tuos_interfaces) StdoutLine: {'line': b'-- Up-to-date: /home/vivaan/Documents/star_project_submissions/Week_0/ros2_ws/install/tuos_interfaces/include/tuos_interfaces/tuos_interfaces/action\n'}
[4.440385] (tuos_interfaces) StdoutLine: {'line': b'-- Up-to-date: /home/vivaan/Documents/star_project_submissions/Week_0/ros2_ws/install/tuos_interfaces/include/tuos_interfaces/tuos_interfaces/action/detail\n'}
[4.440414] (tuos_interfaces) StdoutLine: {'line': b'-- Installing: /home/vivaan/Documents/star_project_submissions/Week_0/ros2_ws/install/tuos_interfaces/include/tuos_interfaces/tuos_interfaces/action/detail/camera_sweep__rosidl_typesupport_introspection_cpp.hpp\n'}
[4.440441] (tuos_interfaces) StdoutLine: {'line': b'-- Installing: /home/vivaan/Documents/star_project_submissions/Week_0/ros2_ws/install/tuos_interfaces/include/tuos_interfaces/tuos_interfaces/action/detail/camera_sweep__type_support.cpp\n'}
[4.440489] (tuos_interfaces) StdoutLine: {'line': b'-- Installing: /home/vivaan/Documents/star_project_submissions/Week_0/ros2_ws/install/tuos_interfaces/lib/libtuos_interfaces__rosidl_typesupport_introspection_cpp.so\n'}
[4.440538] (tuos_interfaces) StdoutLine: {'line': b'-- Set runtime path of "/home/vivaan/Documents/star_project_submissions/Week_0/ros2_ws/install/tuos_interfaces/lib/libtuos_interfaces__rosidl_typesupport_introspection_cpp.so" to ""\n'}
[4.440702] (tuos_interfaces) StdoutLine: {'line': b'-- Installing: /home/vivaan/Documents/star_project_submissions/Week_0/ros2_ws/install/tuos_interfaces/lib/libtuos_interfaces__rosidl_typesupport_cpp.so\n'}
[4.440748] (tuos_interfaces) StdoutLine: {'line': b'-- Set runtime path of "/home/vivaan/Documents/star_project_submissions/Week_0/ros2_ws/install/tuos_interfaces/lib/libtuos_interfaces__rosidl_typesupport_cpp.so" to ""\n'}
[4.440777] (tuos_interfaces) StdoutLine: {'line': b'-- Installing: /home/vivaan/Documents/star_project_submissions/Week_0/ros2_ws/install/tuos_interfaces/share/tuos_interfaces/environment/pythonpath.sh\n'}
[4.440825] (tuos_interfaces) StdoutLine: {'line': b'-- Installing: /home/vivaan/Documents/star_project_submissions/Week_0/ros2_ws/install/tuos_interfaces/share/tuos_interfaces/environment/pythonpath.dsv\n'}
[4.440874] (tuos_interfaces) StdoutLine: {'line': b'-- Installing: /home/vivaan/Documents/star_project_submissions/Week_0/ros2_ws/install/tuos_interfaces/local/lib/python3.10/dist-packages/tuos_interfaces-0.0.0-py3.10.egg-info\n'}
[4.440921] (tuos_interfaces) StdoutLine: {'line': b'-- Installing: /home/vivaan/Documents/star_project_submissions/Week_0/ros2_ws/install/tuos_interfaces/local/lib/python3.10/dist-packages/tuos_interfaces-0.0.0-py3.10.egg-info/PKG-INFO\n'}
[4.440971] (tuos_interfaces) StdoutLine: {'line': b'-- Installing: /home/vivaan/Documents/star_project_submissions/Week_0/ros2_ws/install/tuos_interfaces/local/lib/python3.10/dist-packages/tuos_interfaces-0.0.0-py3.10.egg-info/top_level.txt\n'}
[4.441020] (tuos_interfaces) StdoutLine: {'line': b'-- Installing: /home/vivaan/Documents/star_project_submissions/Week_0/ros2_ws/install/tuos_interfaces/local/lib/python3.10/dist-packages/tuos_interfaces-0.0.0-py3.10.egg-info/dependency_links.txt\n'}
[4.441077] (tuos_interfaces) StdoutLine: {'line': b'-- Installing: /home/vivaan/Documents/star_project_submissions/Week_0/ros2_ws/install/tuos_interfaces/local/lib/python3.10/dist-packages/tuos_interfaces-0.0.0-py3.10.egg-info/SOURCES.txt\n'}
[4.441108] (tuos_interfaces) StdoutLine: {'line': b'-- Installing: /home/vivaan/Documents/star_project_submissions/Week_0/ros2_ws/install/tuos_interfaces/local/lib/python3.10/dist-packages/tuos_interfaces\n'}
[4.441154] (tuos_interfaces) StdoutLine: {'line': b'-- Installing: /home/vivaan/Documents/star_project_submissions/Week_0/ros2_ws/install/tuos_interfaces/local/lib/python3.10/dist-packages/tuos_interfaces/_tuos_interfaces_s.ep.rosidl_typesupport_fastrtps_c.c\n'}
[4.441202] (tuos_interfaces) StdoutLine: {'line': b'-- Installing: /home/vivaan/Documents/star_project_submissions/Week_0/ros2_ws/install/tuos_interfaces/local/lib/python3.10/dist-packages/tuos_interfaces/_tuos_interfaces_s.ep.rosidl_typesupport_c.c\n'}
[4.441260] (tuos_interfaces) StdoutLine: {'line': b'-- Installing: /home/vivaan/Documents/star_project_submissions/Week_0/ros2_ws/install/tuos_interfaces/local/lib/python3.10/dist-packages/tuos_interfaces/srv\n'}
[4.441306] (tuos_interfaces) StdoutLine: {'line': b'-- Installing: /home/vivaan/Documents/star_project_submissions/Week_0/ros2_ws/install/tuos_interfaces/local/lib/python3.10/dist-packages/tuos_interfaces/srv/_number_game.py\n'}
[4.441352] (tuos_interfaces) StdoutLine: {'line': b'-- Installing: /home/vivaan/Documents/star_project_submissions/Week_0/ros2_ws/install/tuos_interfaces/local/lib/python3.10/dist-packages/tuos_interfaces/srv/__init__.py\n'}
[4.441398] (tuos_interfaces) StdoutLine: {'line': b'-- Installing: /home/vivaan/Documents/star_project_submissions/Week_0/ros2_ws/install/tuos_interfaces/local/lib/python3.10/dist-packages/tuos_interfaces/srv/_number_game_s.c\n'}
[4.441444] (tuos_interfaces) StdoutLine: {'line': b'-- Installing: /home/vivaan/Documents/star_project_submissions/Week_0/ros2_ws/install/tuos_interfaces/local/lib/python3.10/dist-packages/tuos_interfaces/tuos_interfaces_s__rosidl_typesupport_introspection_c.cpython-310-x86_64-linux-gnu.so\n'}
[4.441510] (tuos_interfaces) StdoutLine: {'line': b'-- Installing: /home/vivaan/Documents/star_project_submissions/Week_0/ros2_ws/install/tuos_interfaces/local/lib/python3.10/dist-packages/tuos_interfaces/libtuos_interfaces__rosidl_generator_py.so\n'}
[4.441637] (tuos_interfaces) StdoutLine: {'line': b'-- Installing: /home/vivaan/Documents/star_project_submissions/Week_0/ros2_ws/install/tuos_interfaces/local/lib/python3.10/dist-packages/tuos_interfaces/msg\n'}
[4.441676] (tuos_interfaces) StdoutLine: {'line': b'-- Installing: /home/vivaan/Documents/star_project_submissions/Week_0/ros2_ws/install/tuos_interfaces/local/lib/python3.10/dist-packages/tuos_interfaces/msg/_num_s.c\n'}
[4.441728] (tuos_interfaces) StdoutLine: {'line': b'-- Installing: /home/vivaan/Documents/star_project_submissions/Week_0/ros2_ws/install/tuos_interfaces/local/lib/python3.10/dist-packages/tuos_interfaces/msg/_num.py\n'}
[4.441781] (tuos_interfaces) StdoutLine: {'line': b'-- Installing: /home/vivaan/Documents/star_project_submissions/Week_0/ros2_ws/install/tuos_interfaces/local/lib/python3.10/dist-packages/tuos_interfaces/msg/__init__.py\n'}
[4.441811] (tuos_interfaces) StdoutLine: {'line': b'-- Installing: /home/vivaan/Documents/star_project_submissions/Week_0/ros2_ws/install/tuos_interfaces/local/lib/python3.10/dist-packages/tuos_interfaces/tuos_interfaces_s__rosidl_typesupport_c.cpython-310-x86_64-linux-gnu.so\n'}
[4.441861] (tuos_interfaces) StdoutLine: {'line': b'-- Installing: /home/vivaan/Documents/star_project_submissions/Week_0/ros2_ws/install/tuos_interfaces/local/lib/python3.10/dist-packages/tuos_interfaces/action\n'}
[4.441910] (tuos_interfaces) StdoutLine: {'line': b'-- Installing: /home/vivaan/Documents/star_project_submissions/Week_0/ros2_ws/install/tuos_interfaces/local/lib/python3.10/dist-packages/tuos_interfaces/action/_camera_sweep_s.c\n'}
[4.441959] (tuos_interfaces) StdoutLine: {'line': b'-- Installing: /home/vivaan/Documents/star_project_submissions/Week_0/ros2_ws/install/tuos_interfaces/local/lib/python3.10/dist-packages/tuos_interfaces/action/_camera_sweep.py\n'}
[4.442009] (tuos_interfaces) StdoutLine: {'line': b'-- Installing: /home/vivaan/Documents/star_project_submissions/Week_0/ros2_ws/install/tuos_interfaces/local/lib/python3.10/dist-packages/tuos_interfaces/action/__init__.py\n'}
[4.442059] (tuos_interfaces) StdoutLine: {'line': b'-- Installing: /home/vivaan/Documents/star_project_submissions/Week_0/ros2_ws/install/tuos_interfaces/local/lib/python3.10/dist-packages/tuos_interfaces/tuos_interfaces_s__rosidl_typesupport_fastrtps_c.cpython-310-x86_64-linux-gnu.so\n'}
[4.442107] (tuos_interfaces) StdoutLine: {'line': b'-- Installing: /home/vivaan/Documents/star_project_submissions/Week_0/ros2_ws/install/tuos_interfaces/local/lib/python3.10/dist-packages/tuos_interfaces/__init__.py\n'}
[4.442157] (tuos_interfaces) StdoutLine: {'line': b'-- Installing: /home/vivaan/Documents/star_project_submissions/Week_0/ros2_ws/install/tuos_interfaces/local/lib/python3.10/dist-packages/tuos_interfaces/_tuos_interfaces_s.ep.rosidl_typesupport_introspection_c.c\n'}
[4.476261] (tuos_interfaces) StdoutLine: {'line': b"Listing '/home/vivaan/Documents/star_project_submissions/Week_0/ros2_ws/install/tuos_interfaces/local/lib/python3.10/dist-packages/tuos_interfaces'...\n"}
[4.476374] (tuos_interfaces) StdoutLine: {'line': b"Compiling '/home/vivaan/Documents/star_project_submissions/Week_0/ros2_ws/install/tuos_interfaces/local/lib/python3.10/dist-packages/tuos_interfaces/__init__.py'...\n"}
[4.476412] (tuos_interfaces) StdoutLine: {'line': b"Listing '/home/vivaan/Documents/star_project_submissions/Week_0/ros2_ws/install/tuos_interfaces/local/lib/python3.10/dist-packages/tuos_interfaces/action'...\n"}
[4.476443] (tuos_interfaces) StdoutLine: {'line': b"Compiling '/home/vivaan/Documents/star_project_submissions/Week_0/ros2_ws/install/tuos_interfaces/local/lib/python3.10/dist-packages/tuos_interfaces/action/__init__.py'...\n"}
[4.476471] (tuos_interfaces) StdoutLine: {'line': b"Compiling '/home/vivaan/Documents/star_project_submissions/Week_0/ros2_ws/install/tuos_interfaces/local/lib/python3.10/dist-packages/tuos_interfaces/action/_camera_sweep.py'...\n"}
[4.476499] (tuos_interfaces) StdoutLine: {'line': b"Listing '/home/vivaan/Documents/star_project_submissions/Week_0/ros2_ws/install/tuos_interfaces/local/lib/python3.10/dist-packages/tuos_interfaces/msg'...\n"}
[4.476527] (tuos_interfaces) StdoutLine: {'line': b"Compiling '/home/vivaan/Documents/star_project_submissions/Week_0/ros2_ws/install/tuos_interfaces/local/lib/python3.10/dist-packages/tuos_interfaces/msg/__init__.py'...\n"}
[4.476554] (tuos_interfaces) StdoutLine: {'line': b"Compiling '/home/vivaan/Documents/star_project_submissions/Week_0/ros2_ws/install/tuos_interfaces/local/lib/python3.10/dist-packages/tuos_interfaces/msg/_num.py'...\n"}
[4.476590] (tuos_interfaces) StdoutLine: {'line': b"Listing '/home/vivaan/Documents/star_project_submissions/Week_0/ros2_ws/install/tuos_interfaces/local/lib/python3.10/dist-packages/tuos_interfaces/srv'...\n"}
[4.476620] (tuos_interfaces) StdoutLine: {'line': b"Compiling '/home/vivaan/Documents/star_project_submissions/Week_0/ros2_ws/install/tuos_interfaces/local/lib/python3.10/dist-packages/tuos_interfaces/srv/__init__.py'...\n"}
[4.476650] (tuos_interfaces) StdoutLine: {'line': b"Compiling '/home/vivaan/Documents/star_project_submissions/Week_0/ros2_ws/install/tuos_interfaces/local/lib/python3.10/dist-packages/tuos_interfaces/srv/_number_game.py'...\n"}
[4.479603] (tuos_interfaces) StdoutLine: {'line': b'-- Installing: /home/vivaan/Documents/star_project_submissions/Week_0/ros2_ws/install/tuos_interfaces/local/lib/python3.10/dist-packages/tuos_interfaces/tuos_interfaces_s__rosidl_typesupport_fastrtps_c.cpython-310-x86_64-linux-gnu.so\n'}
[4.479852] (tuos_interfaces) StdoutLine: {'line': b'-- Set runtime path of "/home/vivaan/Documents/star_project_submissions/Week_0/ros2_ws/install/tuos_interfaces/local/lib/python3.10/dist-packages/tuos_interfaces/tuos_interfaces_s__rosidl_typesupport_fastrtps_c.cpython-310-x86_64-linux-gnu.so" to ""\n'}
[4.479926] (tuos_interfaces) StdoutLine: {'line': b'-- Installing: /home/vivaan/Documents/star_project_submissions/Week_0/ros2_ws/install/tuos_interfaces/local/lib/python3.10/dist-packages/tuos_interfaces/tuos_interfaces_s__rosidl_typesupport_introspection_c.cpython-310-x86_64-linux-gnu.so\n'}
[4.480099] (tuos_interfaces) StdoutLine: {'line': b'-- Set runtime path of "/home/vivaan/Documents/star_project_submissions/Week_0/ros2_ws/install/tuos_interfaces/local/lib/python3.10/dist-packages/tuos_interfaces/tuos_interfaces_s__rosidl_typesupport_introspection_c.cpython-310-x86_64-linux-gnu.so" to ""\n'}
[4.480152] (tuos_interfaces) StdoutLine: {'line': b'-- Installing: /home/vivaan/Documents/star_project_submissions/Week_0/ros2_ws/install/tuos_interfaces/local/lib/python3.10/dist-packages/tuos_interfaces/tuos_interfaces_s__rosidl_typesupport_c.cpython-310-x86_64-linux-gnu.so\n'}
[4.480225] (tuos_interfaces) StdoutLine: {'line': b'-- Set runtime path of "/home/vivaan/Documents/star_project_submissions/Week_0/ros2_ws/install/tuos_interfaces/local/lib/python3.10/dist-packages/tuos_interfaces/tuos_interfaces_s__rosidl_typesupport_c.cpython-310-x86_64-linux-gnu.so" to ""\n'}
[4.480263] (tuos_interfaces) StdoutLine: {'line': b'-- Installing: /home/vivaan/Documents/star_project_submissions/Week_0/ros2_ws/install/tuos_interfaces/lib/libtuos_interfaces__rosidl_generator_py.so\n'}
[4.480393] (tuos_interfaces) StdoutLine: {'line': b'-- Set runtime path of "/home/vivaan/Documents/star_project_submissions/Week_0/ros2_ws/install/tuos_interfaces/lib/libtuos_interfaces__rosidl_generator_py.so" to ""\n'}
[4.480466] (tuos_interfaces) StdoutLine: {'line': b'-- Installing: /home/vivaan/Documents/star_project_submissions/Week_0/ros2_ws/install/tuos_interfaces/share/ament_index/resource_index/rust_packages/tuos_interfaces\n'}
[4.480613] (tuos_interfaces) StdoutLine: {'line': b'-- Installing: /home/vivaan/Documents/star_project_submissions/Week_0/ros2_ws/install/tuos_interfaces/share/tuos_interfaces/rust\n'}
[4.480701] (tuos_interfaces) StdoutLine: {'line': b'-- Installing: /home/vivaan/Documents/star_project_submissions/Week_0/ros2_ws/install/tuos_interfaces/share/tuos_interfaces/rust/build.rs\n'}
[4.480738] (tuos_interfaces) StdoutLine: {'line': b'-- Installing: /home/vivaan/Documents/star_project_submissions/Week_0/ros2_ws/install/tuos_interfaces/share/tuos_interfaces/rust/Cargo.toml\n'}
[4.480769] (tuos_interfaces) StdoutLine: {'line': b'-- Installing: /home/vivaan/Documents/star_project_submissions/Week_0/ros2_ws/install/tuos_interfaces/share/tuos_interfaces/rust/src\n'}
[4.480800] (tuos_interfaces) StdoutLine: {'line': b'-- Installing: /home/vivaan/Documents/star_project_submissions/Week_0/ros2_ws/install/tuos_interfaces/share/tuos_interfaces/rust/src/srv.rs\n'}
[4.480829] (tuos_interfaces) StdoutLine: {'line': b'-- Installing: /home/vivaan/Documents/star_project_submissions/Week_0/ros2_ws/install/tuos_interfaces/share/tuos_interfaces/rust/src/srv\n'}
[4.480877] (tuos_interfaces) StdoutLine: {'line': b'-- Installing: /home/vivaan/Documents/star_project_submissions/Week_0/ros2_ws/install/tuos_interfaces/share/tuos_interfaces/rust/src/srv/rmw.rs\n'}
[4.480950] (tuos_interfaces) StdoutLine: {'line': b'-- Installing: /home/vivaan/Documents/star_project_submissions/Week_0/ros2_ws/install/tuos_interfaces/share/tuos_interfaces/rust/src/msg\n'}
[4.480983] (tuos_interfaces) StdoutLine: {'line': b'-- Installing: /home/vivaan/Documents/star_project_submissions/Week_0/ros2_ws/install/tuos_interfaces/share/tuos_interfaces/rust/src/msg/rmw.rs\n'}
[4.481013] (tuos_interfaces) StdoutLine: {'line': b'-- Installing: /home/vivaan/Documents/star_project_submissions/Week_0/ros2_ws/install/tuos_interfaces/share/tuos_interfaces/rust/src/lib.rs\n'}
[4.481042] (tuos_interfaces) StdoutLine: {'line': b'-- Installing: /home/vivaan/Documents/star_project_submissions/Week_0/ros2_ws/install/tuos_interfaces/share/tuos_interfaces/rust/src/action\n'}
[4.481070] (tuos_interfaces) StdoutLine: {'line': b'-- Installing: /home/vivaan/Documents/star_project_submissions/Week_0/ros2_ws/install/tuos_interfaces/share/tuos_interfaces/rust/src/action/rmw.rs\n'}
[4.481114] (tuos_interfaces) StdoutLine: {'line': b'-- Installing: /home/vivaan/Documents/star_project_submissions/Week_0/ros2_ws/install/tuos_interfaces/share/tuos_interfaces/rust/src/msg.rs\n'}
[4.481142] (tuos_interfaces) StdoutLine: {'line': b'-- Installing: /home/vivaan/Documents/star_project_submissions/Week_0/ros2_ws/install/tuos_interfaces/share/tuos_interfaces/rust/src/action.rs\n'}
[4.481192] (tuos_interfaces) StdoutLine: {'line': b'-- Installing: /home/vivaan/Documents/star_project_submissions/Week_0/ros2_ws/install/tuos_interfaces/share/tuos_interfaces/msg/Num.idl\n'}
[4.481225] (tuos_interfaces) StdoutLine: {'line': b'-- Installing: /home/vivaan/Documents/star_project_submissions/Week_0/ros2_ws/install/tuos_interfaces/share/tuos_interfaces/action/CameraSweep.idl\n'}
[4.481279] (tuos_interfaces) StdoutLine: {'line': b'-- Installing: /home/vivaan/Documents/star_project_submissions/Week_0/ros2_ws/install/tuos_interfaces/share/tuos_interfaces/srv/NumberGame.idl\n'}
[4.481310] (tuos_interfaces) StdoutLine: {'line': b'-- Installing: /home/vivaan/Documents/star_project_submissions/Week_0/ros2_ws/install/tuos_interfaces/share/tuos_interfaces/msg/Num.msg\n'}
[4.481361] (tuos_interfaces) StdoutLine: {'line': b'-- Installing: /home/vivaan/Documents/star_project_submissions/Week_0/ros2_ws/install/tuos_interfaces/share/tuos_interfaces/action/CameraSweep.action\n'}
[4.481390] (tuos_interfaces) StdoutLine: {'line': b'-- Installing: /home/vivaan/Documents/star_project_submissions/Week_0/ros2_ws/install/tuos_interfaces/share/tuos_interfaces/srv/NumberGame.srv\n'}
[4.481437] (tuos_interfaces) StdoutLine: {'line': b'-- Installing: /home/vivaan/Documents/star_project_submissions/Week_0/ros2_ws/install/tuos_interfaces/share/tuos_interfaces/srv/NumberGame_Request.msg\n'}
[4.481492] (tuos_interfaces) StdoutLine: {'line': b'-- Installing: /home/vivaan/Documents/star_project_submissions/Week_0/ros2_ws/install/tuos_interfaces/share/tuos_interfaces/srv/NumberGame_Response.msg\n'}
[4.481520] (tuos_interfaces) StdoutLine: {'line': b'-- Installing: /home/vivaan/Documents/star_project_submissions/Week_0/ros2_ws/install/tuos_interfaces/share/ament_index/resource_index/package_run_dependencies/tuos_interfaces\n'}
[4.481573] (tuos_interfaces) StdoutLine: {'line': b'-- Installing: /home/vivaan/Documents/star_project_submissions/Week_0/ros2_ws/install/tuos_interfaces/share/ament_index/resource_index/parent_prefix_path/tuos_interfaces\n'}
[4.481625] (tuos_interfaces) StdoutLine: {'line': b'-- Installing: /home/vivaan/Documents/star_project_submissions/Week_0/ros2_ws/install/tuos_interfaces/share/tuos_interfaces/environment/ament_prefix_path.sh\n'}
[4.481672] (tuos_interfaces) StdoutLine: {'line': b'-- Installing: /home/vivaan/Documents/star_project_submissions/Week_0/ros2_ws/install/tuos_interfaces/share/tuos_interfaces/environment/ament_prefix_path.dsv\n'}
[4.481720] (tuos_interfaces) StdoutLine: {'line': b'-- Installing: /home/vivaan/Documents/star_project_submissions/Week_0/ros2_ws/install/tuos_interfaces/share/tuos_interfaces/environment/path.sh\n'}
[4.481768] (tuos_interfaces) StdoutLine: {'line': b'-- Installing: /home/vivaan/Documents/star_project_submissions/Week_0/ros2_ws/install/tuos_interfaces/share/tuos_interfaces/environment/path.dsv\n'}
[4.481817] (tuos_interfaces) StdoutLine: {'line': b'-- Installing: /home/vivaan/Documents/star_project_submissions/Week_0/ros2_ws/install/tuos_interfaces/share/tuos_interfaces/local_setup.bash\n'}
[4.481866] (tuos_interfaces) StdoutLine: {'line': b'-- Installing: /home/vivaan/Documents/star_project_submissions/Week_0/ros2_ws/install/tuos_interfaces/share/tuos_interfaces/local_setup.sh\n'}
[4.481913] (tuos_interfaces) StdoutLine: {'line': b'-- Installing: /home/vivaan/Documents/star_project_submissions/Week_0/ros2_ws/install/tuos_interfaces/share/tuos_interfaces/local_setup.zsh\n'}
[4.481953] (tuos_interfaces) StdoutLine: {'line': b'-- Installing: /home/vivaan/Documents/star_project_submissions/Week_0/ros2_ws/install/tuos_interfaces/share/tuos_interfaces/local_setup.dsv\n'}
[4.481999] (tuos_interfaces) StdoutLine: {'line': b'-- Installing: /home/vivaan/Documents/star_project_submissions/Week_0/ros2_ws/install/tuos_interfaces/share/tuos_interfaces/package.dsv\n'}
[4.482063] (tuos_interfaces) StdoutLine: {'line': b'-- Installing: /home/vivaan/Documents/star_project_submissions/Week_0/ros2_ws/install/tuos_interfaces/share/ament_index/resource_index/packages/tuos_interfaces\n'}
[4.482137] (tuos_interfaces) StdoutLine: {'line': b'-- Installing: /home/vivaan/Documents/star_project_submissions/Week_0/ros2_ws/install/tuos_interfaces/share/tuos_interfaces/cmake/export_tuos_interfaces__rosidl_generator_cExport.cmake\n'}
[4.482194] (tuos_interfaces) StdoutLine: {'line': b'-- Installing: /home/vivaan/Documents/star_project_submissions/Week_0/ros2_ws/install/tuos_interfaces/share/tuos_interfaces/cmake/export_tuos_interfaces__rosidl_generator_cExport-noconfig.cmake\n'}
[4.482255] (tuos_interfaces) StdoutLine: {'line': b'-- Installing: /home/vivaan/Documents/star_project_submissions/Week_0/ros2_ws/install/tuos_interfaces/share/tuos_interfaces/cmake/export_tuos_interfaces__rosidl_typesupport_fastrtps_cExport.cmake\n'}
[4.482310] (tuos_interfaces) StdoutLine: {'line': b'-- Installing: /home/vivaan/Documents/star_project_submissions/Week_0/ros2_ws/install/tuos_interfaces/share/tuos_interfaces/cmake/export_tuos_interfaces__rosidl_typesupport_fastrtps_cExport-noconfig.cmake\n'}
[4.482368] (tuos_interfaces) StdoutLine: {'line': b'-- Installing: /home/vivaan/Documents/star_project_submissions/Week_0/ros2_ws/install/tuos_interfaces/share/tuos_interfaces/cmake/export_tuos_interfaces__rosidl_generator_cppExport.cmake\n'}
[4.482425] (tuos_interfaces) StdoutLine: {'line': b'-- Installing: /home/vivaan/Documents/star_project_submissions/Week_0/ros2_ws/install/tuos_interfaces/share/tuos_interfaces/cmake/export_tuos_interfaces__rosidl_typesupport_fastrtps_cppExport.cmake\n'}
[4.482477] (tuos_interfaces) StdoutLine: {'line': b'-- Installing: /home/vivaan/Documents/star_project_submissions/Week_0/ros2_ws/install/tuos_interfaces/share/tuos_interfaces/cmake/export_tuos_interfaces__rosidl_typesupport_fastrtps_cppExport-noconfig.cmake\n'}
[4.482533] (tuos_interfaces) StdoutLine: {'line': b'-- Installing: /home/vivaan/Documents/star_project_submissions/Week_0/ros2_ws/install/tuos_interfaces/share/tuos_interfaces/cmake/tuos_interfaces__rosidl_typesupport_introspection_cExport.cmake\n'}
[4.482591] (tuos_interfaces) StdoutLine: {'line': b'-- Installing: /home/vivaan/Documents/star_project_submissions/Week_0/ros2_ws/install/tuos_interfaces/share/tuos_interfaces/cmake/tuos_interfaces__rosidl_typesupport_introspection_cExport-noconfig.cmake\n'}
[4.482649] (tuos_interfaces) StdoutLine: {'line': b'-- Installing: /home/vivaan/Documents/star_project_submissions/Week_0/ros2_ws/install/tuos_interfaces/share/tuos_interfaces/cmake/tuos_interfaces__rosidl_typesupport_cExport.cmake\n'}
[4.482703] (tuos_interfaces) StdoutLine: {'line': b'-- Installing: /home/vivaan/Documents/star_project_submissions/Week_0/ros2_ws/install/tuos_interfaces/share/tuos_interfaces/cmake/tuos_interfaces__rosidl_typesupport_cExport-noconfig.cmake\n'}
[4.482762] (tuos_interfaces) StdoutLine: {'line': b'-- Installing: /home/vivaan/Documents/star_project_submissions/Week_0/ros2_ws/install/tuos_interfaces/share/tuos_interfaces/cmake/tuos_interfaces__rosidl_typesupport_introspection_cppExport.cmake\n'}
[4.482817] (tuos_interfaces) StdoutLine: {'line': b'-- Installing: /home/vivaan/Documents/star_project_submissions/Week_0/ros2_ws/install/tuos_interfaces/share/tuos_interfaces/cmake/tuos_interfaces__rosidl_typesupport_introspection_cppExport-noconfig.cmake\n'}
[4.482875] (tuos_interfaces) StdoutLine: {'line': b'-- Installing: /home/vivaan/Documents/star_project_submissions/Week_0/ros2_ws/install/tuos_interfaces/share/tuos_interfaces/cmake/tuos_interfaces__rosidl_typesupport_cppExport.cmake\n'}
[4.482928] (tuos_interfaces) StdoutLine: {'line': b'-- Installing: /home/vivaan/Documents/star_project_submissions/Week_0/ros2_ws/install/tuos_interfaces/share/tuos_interfaces/cmake/tuos_interfaces__rosidl_typesupport_cppExport-noconfig.cmake\n'}
[4.482991] (tuos_interfaces) StdoutLine: {'line': b'-- Installing: /home/vivaan/Documents/star_project_submissions/Week_0/ros2_ws/install/tuos_interfaces/share/tuos_interfaces/cmake/export_tuos_interfaces__rosidl_generator_pyExport.cmake\n'}
[4.483043] (tuos_interfaces) StdoutLine: {'line': b'-- Installing: /home/vivaan/Documents/star_project_submissions/Week_0/ros2_ws/install/tuos_interfaces/share/tuos_interfaces/cmake/export_tuos_interfaces__rosidl_generator_pyExport-noconfig.cmake\n'}
[4.483096] (tuos_interfaces) StdoutLine: {'line': b'-- Installing: /home/vivaan/Documents/star_project_submissions/Week_0/ros2_ws/install/tuos_interfaces/share/tuos_interfaces/cmake/rosidl_cmake-extras.cmake\n'}
[4.483154] (tuos_interfaces) StdoutLine: {'line': b'-- Installing: /home/vivaan/Documents/star_project_submissions/Week_0/ros2_ws/install/tuos_interfaces/share/tuos_interfaces/cmake/ament_cmake_export_dependencies-extras.cmake\n'}
[4.483214] (tuos_interfaces) StdoutLine: {'line': b'-- Installing: /home/vivaan/Documents/star_project_submissions/Week_0/ros2_ws/install/tuos_interfaces/share/tuos_interfaces/cmake/ament_cmake_export_include_directories-extras.cmake\n'}
[4.483268] (tuos_interfaces) StdoutLine: {'line': b'-- Installing: /home/vivaan/Documents/star_project_submissions/Week_0/ros2_ws/install/tuos_interfaces/share/tuos_interfaces/cmake/ament_cmake_export_libraries-extras.cmake\n'}
[4.483321] (tuos_interfaces) StdoutLine: {'line': b'-- Installing: /home/vivaan/Documents/star_project_submissions/Week_0/ros2_ws/install/tuos_interfaces/share/tuos_interfaces/cmake/ament_cmake_export_targets-extras.cmake\n'}
[4.483372] (tuos_interfaces) StdoutLine: {'line': b'-- Installing: /home/vivaan/Documents/star_project_submissions/Week_0/ros2_ws/install/tuos_interfaces/share/tuos_interfaces/cmake/rosidl_cmake_export_typesupport_targets-extras.cmake\n'}
[4.483422] (tuos_interfaces) StdoutLine: {'line': b'-- Installing: /home/vivaan/Documents/star_project_submissions/Week_0/ros2_ws/install/tuos_interfaces/share/tuos_interfaces/cmake/rosidl_cmake_export_typesupport_libraries-extras.cmake\n'}
[4.483475] (tuos_interfaces) StdoutLine: {'line': b'-- Installing: /home/vivaan/Documents/star_project_submissions/Week_0/ros2_ws/install/tuos_interfaces/share/tuos_interfaces/cmake/tuos_interfacesConfig.cmake\n'}
[4.483522] (tuos_interfaces) StdoutLine: {'line': b'-- Installing: /home/vivaan/Documents/star_project_submissions/Week_0/ros2_ws/install/tuos_interfaces/share/tuos_interfaces/cmake/tuos_interfacesConfig-version.cmake\n'}
[4.483571] (tuos_interfaces) StdoutLine: {'line': b'-- Installing: /home/vivaan/Documents/star_project_submissions/Week_0/ros2_ws/install/tuos_interfaces/share/tuos_interfaces/package.xml\n'}
[4.486001] (tuos_interfaces) CommandEnded: {'returncode': 0}
[4.503241] (tuos_interfaces) JobEnded: {'identifier': 'tuos_interfaces', 'rc': 0}
[4.504450] (tuos_ros) JobStarted: {'identifier': 'tuos_ros'}
[4.507648] (-) TimerEvent: {}
[4.513007] (tuos_ros) JobProgress: {'identifier': 'tuos_ros', 'progress': 'cmake'}
[4.513580] (tuos_ros) Command: {'cmd': ['/usr/bin/cmake', '/home/vivaan/Documents/star_project_submissions/Week_0/ros2_ws/src/tuos_ros/tuos_ros', '-DCMAKE_INSTALL_PREFIX=/home/vivaan/Documents/star_project_submissions/Week_0/ros2_ws/install/tuos_ros'], 'cwd': '/home/vivaan/Documents/star_project_submissions/Week_0/ros2_ws/build/tuos_ros', 'env': OrderedDict([('LESSOPEN', '| /usr/bin/lesspipe %s'), ('LANGUAGE', 'en_IN:en'), ('USER', 'vivaan'), ('XDG_SESSION_TYPE', 'x11'), ('SHLVL', '1'), ('LD_LIBRARY_PATH', '/home/vivaan/Documents/star_project_submissions/Week_0/ros2_ws/install/tuos_interfaces/lib:/usr/lib/x86_64-linux-gnu/gazebo-11/plugins:/opt/ros/humble/opt/rviz_ogre_vendor/lib:/opt/ros/humble/lib/x86_64-linux-gnu:/opt/ros/humble/lib'), ('HOME', '/home/vivaan'), ('OLDPWD', '/home/vivaan/Documents/star_project_submissions'), ('DESKTOP_SESSION', 'ubuntu'), ('ROS_PYTHON_VERSION', '3'), ('GNOME_SHELL_SESSION_MODE', 'ubuntu'), ('GTK_MODULES', 'gail:atk-bridge'), ('MANAGERPID', '1945'), ('SYSTEMD_EXEC_PID', '2342'), ('DBUS_SESSION_BUS_ADDRESS', 'unix:path=/run/user/1000/bus'), ('COLORTERM', 'truecolor'), ('TERMINATOR_DBUS_NAME', 'net.tenshu.Terminator23558193cd9818af7fe4d2c2f5bd9d00f'), ('GIO_LAUNCHED_DESKTOP_FILE_PID', '75211'), ('ROS_DISTRO', 'humble'), ('GTK_IM_MODULE', 'ibus'), ('LOGNAME', 'vivaan'), ('JOURNAL_STREAM', '8:22727'), ('_', '/usr/bin/colcon'), ('ROS_VERSION', '2'), ('XDG_SESSION_CLASS', 'user'), ('USERNAME', 'vivaan'), ('TERM', 'xterm-256color'), ('GNOME_DESKTOP_SESSION_ID', 'this-is-deprecated'), ('ROS_LOCALHOST_ONLY', '0'), ('WINDOWPATH', '2'), ('PATH', '/opt/ros/humble/bin:/home/vivaan/.local/bin:/usr/local/sbin:/usr/local/bin:/usr/sbin:/usr/bin:/sbin:/bin:/usr/games:/usr/local/games:/snap/bin:/snap/bin'), ('SESSION_MANAGER', 'local/vivaan-LOQ-15IAX9:@/tmp/.ICE-unix/2179,unix/vivaan-LOQ-15IAX9:/tmp/.ICE-unix/2179'), ('INVOCATION_ID', '868d2e86c1f54228bef16a0b255f95e8'), ('XDG_MENU_PREFIX', 'gnome-'), ('XDG_RUNTIME_DIR', '/run/user/1000'), ('DISPLAY', ':1'), ('TERMINATOR_DBUS_PATH', '/net/tenshu/Terminator2'), ('LANG', 'en_IN'), ('XDG_CURRENT_DESKTOP', 'ubuntu:GNOME'), ('IBUS_DISABLE_SNOOPER', '1'), ('XMODIFIERS', '@im=ibus'), ('XDG_SESSION_DESKTOP', 'ubuntu'), ('XAUTHORITY', '/run/user/1000/gdm/Xauthority'), ('LS_COLORS', 'rs=0:di=01;34:ln=01;36:mh=00:pi=40;33:so=01;35:do=01;35:bd=40;33;01:cd=40;33;01:or=40;31;01:mi=00:su=37;41:sg=30;43:ca=30;41:tw=30;42:ow=34;42:st=37;44:ex=01;32:*.tar=01;31:*.tgz=01;31:*.arc=01;31:*.arj=01;31:*.taz=01;31:*.lha=01;31:*.lz4=01;31:*.lzh=01;31:*.lzma=01;31:*.tlz=01;31:*.txz=01;31:*.tzo=01;31:*.t7z=01;31:*.zip=01;31:*.z=01;31:*.dz=01;31:*.gz=01;31:*.lrz=01;31:*.lz=01;31:*.lzo=01;31:*.xz=01;31:*.zst=01;31:*.tzst=01;31:*.bz2=01;31:*.bz=01;31:*.tbz=01;31:*.tbz2=01;31:*.tz=01;31:*.deb=01;31:*.rpm=01;31:*.jar=01;31:*.war=01;31:*.ear=01;31:*.sar=01;31:*.rar=01;31:*.alz=01;31:*.ace=01;31:*.zoo=01;31:*.cpio=01;31:*.7z=01;31:*.rz=01;31:*.cab=01;31:*.wim=01;31:*.swm=01;31:*.dwm=01;31:*.esd=01;31:*.jpg=01;35:*.jpeg=01;35:*.mjpg=01;35:*.mjpeg=01;35:*.gif=01;35:*.bmp=01;35:*.pbm=01;35:*.pgm=01;35:*.ppm=01;35:*.tga=01;35:*.xbm=01;35:*.xpm=01;35:*.tif=01;35:*.tiff=01;35:*.png=01;35:*.svg=01;35:*.svgz=01;35:*.mng=01;35:*.pcx=01;35:*.mov=01;35:*.mpg=01;35:*.mpeg=01;35:*.m2v=01;35:*.mkv=01;35:*.webm=01;35:*.webp=01;35:*.ogm=01;35:*.mp4=01;35:*.m4v=01;35:*.mp4v=01;35:*.vob=01;35:*.qt=01;35:*.nuv=01;35:*.wmv=01;35:*.asf=01;35:*.rm=01;35:*.rmvb=01;35:*.flc=01;35:*.avi=01;35:*.fli=01;35:*.flv=01;35:*.gl=01;35:*.dl=01;35:*.xcf=01;35:*.xwd=01;35:*.yuv=01;35:*.cgm=01;35:*.emf=01;35:*.ogv=01;35:*.ogx=01;35:*.aac=00;36:*.au=00;36:*.flac=00;36:*.m4a=00;36:*.mid=00;36:*.midi=00;36:*.mka=00;36:*.mp3=00;36:*.mpc=00;36:*.ogg=00;36:*.ra=00;36:*.wav=00;36:*.oga=00;36:*.opus=00;36:*.spx=00;36:*.xspf=00;36:'), ('SSH_AGENT_LAUNCHER', 'gnome-keyring'), ('SSH_AUTH_SOCK', '/run/user/1000/keyring/ssh'), ('ROS_DOMAIN_ID', '67'), ('AMENT_PREFIX_PATH', '/home/vivaan/Documents/star_project_submissions/Week_0/ros2_ws/install/com2009_simulations:/home/vivaan/Documents/star_project_submissions/Week_0/ros2_ws/install/tuos_tb3_tools:/home/vivaan/Documents/star_project_submissions/Week_0/ros2_ws/install/tuos_simulations:/home/vivaan/Documents/star_project_submissions/Week_0/ros2_ws/install/tuos_interfaces:/home/vivaan/Documents/star_project_submissions/Week_0/ros2_ws/install/tuos_examples:/opt/ros/humble'), ('SHELL', '/bin/bash'), ('TERMINATOR_UUID', 'urn:uuid:d79e4617-827a-4722-bc17-e9d99e6a3cd6'), ('QT_ACCESSIBILITY', '1'), ('GDMSESSION', 'ubuntu'), ('LESSCLOSE', '/usr/bin/lesspipe %s %s'), ('GPG_AGENT_INFO', '/run/user/1000/gnupg/S.gpg-agent:0:1'), ('QT_IM_MODULE', 'ibus'), ('PWD', '/home/vivaan/Documents/star_project_submissions/Week_0/ros2_ws/build/tuos_ros'), ('TURTLEBOT3_MODEL', 'waffle'), ('XDG_CONFIG_DIRS', '/etc/xdg/xdg-ubuntu:/etc/xdg'), ('XDG_DATA_DIRS', '/usr/share/ubuntu:/usr/share/gnome:/usr/local/share/:/usr/share/:/var/lib/snapd/desktop'), ('PYTHONPATH', '/home/vivaan/Documents/star_project_submissions/Week_0/ros2_ws/install/tuos_interfaces/local/lib/python3.10/dist-packages:/home/vivaan/Documents/star_project_submissions/Week_0/ros2_ws/install/tuos_examples/local/lib/python3.10/dist-packages:/opt/ros/humble/lib/python3.10/site-packages:/opt/ros/humble/local/lib/python3.10/dist-packages'), ('COLCON', '1'), ('VTE_VERSION', '6800'), ('CMAKE_PREFIX_PATH', '/home/vivaan/Documents/star_project_submissions/Week_0/ros2_ws/install/com2009_simulations:/home/vivaan/Documents/star_project_submissions/Week_0/ros2_ws/install/tuos_tb3_tools:/home/vivaan/Documents/star_project_submissions/Week_0/ros2_ws/install/tuos_simulations:/home/vivaan/Documents/star_project_submissions/Week_0/ros2_ws/install/tuos_interfaces:/home/vivaan/Documents/star_project_submissions/Week_0/ros2_ws/install/tuos_examples:/opt/ros/humble')]), 'shell': False}
[4.560875] (tuos_ros) StdoutLine: {'line': b'-- The C compiler identification is GNU 11.4.0\n'}
[4.607666] (tuos_ros) StdoutLine: {'line': b'-- The CXX compiler identification is GNU 11.4.0\n'}
[4.607846] (-) TimerEvent: {}
[4.612955] (tuos_ros) StdoutLine: {'line': b'-- Detecting C compiler ABI info\n'}
[4.678295] (tuos_ros) StdoutLine: {'line': b'-- Detecting C compiler ABI info - done\n'}
[4.683947] (tuos_ros) StdoutLine: {'line': b'-- Check for working C compiler: /usr/bin/cc - skipped\n'}
[4.684105] (tuos_ros) StdoutLine: {'line': b'-- Detecting C compile features\n'}
[4.684294] (tuos_ros) StdoutLine: {'line': b'-- Detecting C compile features - done\n'}
[4.686399] (tuos_ros) StdoutLine: {'line': b'-- Detecting CXX compiler ABI info\n'}
[4.707961] (-) TimerEvent: {}
[4.759589] (tuos_ros) StdoutLine: {'line': b'-- Detecting CXX compiler ABI info - done\n'}
[4.764497] (tuos_ros) StdoutLine: {'line': b'-- Check for working CXX compiler: /usr/bin/c++ - skipped\n'}
[4.764776] (tuos_ros) StdoutLine: {'line': b'-- Detecting CXX compile features\n'}
[4.764978] (tuos_ros) StdoutLine: {'line': b'-- Detecting CXX compile features - done\n'}
[4.766427] (tuos_ros) StdoutLine: {'line': b'-- Found ament_cmake: 1.3.14 (/opt/ros/humble/share/ament_cmake/cmake)\n'}
[4.808053] (-) TimerEvent: {}
[4.908322] (-) TimerEvent: {}
[5.008650] (-) TimerEvent: {}
[5.026681] (tuos_ros) StdoutLine: {'line': b'-- Found Python3: /usr/bin/python3 (found version "3.10.12") found components: Interpreter \n'}
[5.108765] (-) TimerEvent: {}
[5.137195] (tuos_ros) StdoutLine: {'line': b'-- Configuring done\n'}
[5.138500] (tuos_ros) StdoutLine: {'line': b'-- Generating done\n'}
[5.139509] (tuos_ros) StdoutLine: {'line': b'-- Build files have been written to: /home/vivaan/Documents/star_project_submissions/Week_0/ros2_ws/build/tuos_ros\n'}
[5.142271] (tuos_ros) CommandEnded: {'returncode': 0}
[5.142706] (tuos_ros) JobProgress: {'identifier': 'tuos_ros', 'progress': 'build'}
[5.142897] (tuos_ros) Command: {'cmd': ['/usr/bin/cmake', '--build', '/home/vivaan/Documents/star_project_submissions/Week_0/ros2_ws/build/tuos_ros', '--', '-j12', '-l12'], 'cwd': '/home/vivaan/Documents/star_project_submissions/Week_0/ros2_ws/build/tuos_ros', 'env': OrderedDict([('LESSOPEN', '| /usr/bin/lesspipe %s'), ('LANGUAGE', 'en_IN:en'), ('USER', 'vivaan'), ('XDG_SESSION_TYPE', 'x11'), ('SHLVL', '1'), ('LD_LIBRARY_PATH', '/home/vivaan/Documents/star_project_submissions/Week_0/ros2_ws/install/tuos_interfaces/lib:/usr/lib/x86_64-linux-gnu/gazebo-11/plugins:/opt/ros/humble/opt/rviz_ogre_vendor/lib:/opt/ros/humble/lib/x86_64-linux-gnu:/opt/ros/humble/lib'), ('HOME', '/home/vivaan'), ('OLDPWD', '/home/vivaan/Documents/star_project_submissions'), ('DESKTOP_SESSION', 'ubuntu'), ('ROS_PYTHON_VERSION', '3'), ('GNOME_SHELL_SESSION_MODE', 'ubuntu'), ('GTK_MODULES', 'gail:atk-bridge'), ('MANAGERPID', '1945'), ('SYSTEMD_EXEC_PID', '2342'), ('DBUS_SESSION_BUS_ADDRESS', 'unix:path=/run/user/1000/bus'), ('COLORTERM', 'truecolor'), ('TERMINATOR_DBUS_NAME', 'net.tenshu.Terminator23558193cd9818af7fe4d2c2f5bd9d00f'), ('GIO_LAUNCHED_DESKTOP_FILE_PID', '75211'), ('ROS_DISTRO', 'humble'), ('GTK_IM_MODULE', 'ibus'), ('LOGNAME', 'vivaan'), ('JOURNAL_STREAM', '8:22727'), ('_', '/usr/bin/colcon'), ('ROS_VERSION', '2'), ('XDG_SESSION_CLASS', 'user'), ('USERNAME', 'vivaan'), ('TERM', 'xterm-256color'), ('GNOME_DESKTOP_SESSION_ID', 'this-is-deprecated'), ('ROS_LOCALHOST_ONLY', '0'), ('WINDOWPATH', '2'), ('PATH', '/opt/ros/humble/bin:/home/vivaan/.local/bin:/usr/local/sbin:/usr/local/bin:/usr/sbin:/usr/bin:/sbin:/bin:/usr/games:/usr/local/games:/snap/bin:/snap/bin'), ('SESSION_MANAGER', 'local/vivaan-LOQ-15IAX9:@/tmp/.ICE-unix/2179,unix/vivaan-LOQ-15IAX9:/tmp/.ICE-unix/2179'), ('INVOCATION_ID', '868d2e86c1f54228bef16a0b255f95e8'), ('XDG_MENU_PREFIX', 'gnome-'), ('XDG_RUNTIME_DIR', '/run/user/1000'), ('DISPLAY', ':1'), ('TERMINATOR_DBUS_PATH', '/net/tenshu/Terminator2'), ('LANG', 'en_IN'), ('XDG_CURRENT_DESKTOP', 'ubuntu:GNOME'), ('IBUS_DISABLE_SNOOPER', '1'), ('XMODIFIERS', '@im=ibus'), ('XDG_SESSION_DESKTOP', 'ubuntu'), ('XAUTHORITY', '/run/user/1000/gdm/Xauthority'), ('LS_COLORS', 'rs=0:di=01;34:ln=01;36:mh=00:pi=40;33:so=01;35:do=01;35:bd=40;33;01:cd=40;33;01:or=40;31;01:mi=00:su=37;41:sg=30;43:ca=30;41:tw=30;42:ow=34;42:st=37;44:ex=01;32:*.tar=01;31:*.tgz=01;31:*.arc=01;31:*.arj=01;31:*.taz=01;31:*.lha=01;31:*.lz4=01;31:*.lzh=01;31:*.lzma=01;31:*.tlz=01;31:*.txz=01;31:*.tzo=01;31:*.t7z=01;31:*.zip=01;31:*.z=01;31:*.dz=01;31:*.gz=01;31:*.lrz=01;31:*.lz=01;31:*.lzo=01;31:*.xz=01;31:*.zst=01;31:*.tzst=01;31:*.bz2=01;31:*.bz=01;31:*.tbz=01;31:*.tbz2=01;31:*.tz=01;31:*.deb=01;31:*.rpm=01;31:*.jar=01;31:*.war=01;31:*.ear=01;31:*.sar=01;31:*.rar=01;31:*.alz=01;31:*.ace=01;31:*.zoo=01;31:*.cpio=01;31:*.7z=01;31:*.rz=01;31:*.cab=01;31:*.wim=01;31:*.swm=01;31:*.dwm=01;31:*.esd=01;31:*.jpg=01;35:*.jpeg=01;35:*.mjpg=01;35:*.mjpeg=01;35:*.gif=01;35:*.bmp=01;35:*.pbm=01;35:*.pgm=01;35:*.ppm=01;35:*.tga=01;35:*.xbm=01;35:*.xpm=01;35:*.tif=01;35:*.tiff=01;35:*.png=01;35:*.svg=01;35:*.svgz=01;35:*.mng=01;35:*.pcx=01;35:*.mov=01;35:*.mpg=01;35:*.mpeg=01;35:*.m2v=01;35:*.mkv=01;35:*.webm=01;35:*.webp=01;35:*.ogm=01;35:*.mp4=01;35:*.m4v=01;35:*.mp4v=01;35:*.vob=01;35:*.qt=01;35:*.nuv=01;35:*.wmv=01;35:*.asf=01;35:*.rm=01;35:*.rmvb=01;35:*.flc=01;35:*.avi=01;35:*.fli=01;35:*.flv=01;35:*.gl=01;35:*.dl=01;35:*.xcf=01;35:*.xwd=01;35:*.yuv=01;35:*.cgm=01;35:*.emf=01;35:*.ogv=01;35:*.ogx=01;35:*.aac=00;36:*.au=00;36:*.flac=00;36:*.m4a=00;36:*.mid=00;36:*.midi=00;36:*.mka=00;36:*.mp3=00;36:*.mpc=00;36:*.ogg=00;36:*.ra=00;36:*.wav=00;36:*.oga=00;36:*.opus=00;36:*.spx=00;36:*.xspf=00;36:'), ('SSH_AGENT_LAUNCHER', 'gnome-keyring'), ('SSH_AUTH_SOCK', '/run/user/1000/keyring/ssh'), ('ROS_DOMAIN_ID', '67'), ('AMENT_PREFIX_PATH', '/home/vivaan/Documents/star_project_submissions/Week_0/ros2_ws/install/com2009_simulations:/home/vivaan/Documents/star_project_submissions/Week_0/ros2_ws/install/tuos_tb3_tools:/home/vivaan/Documents/star_project_submissions/Week_0/ros2_ws/install/tuos_simulations:/home/vivaan/Documents/star_project_submissions/Week_0/ros2_ws/install/tuos_interfaces:/home/vivaan/Documents/star_project_submissions/Week_0/ros2_ws/install/tuos_examples:/opt/ros/humble'), ('SHELL', '/bin/bash'), ('TERMINATOR_UUID', 'urn:uuid:d79e4617-827a-4722-bc17-e9d99e6a3cd6'), ('QT_ACCESSIBILITY', '1'), ('GDMSESSION', 'ubuntu'), ('LESSCLOSE', '/usr/bin/lesspipe %s %s'), ('GPG_AGENT_INFO', '/run/user/1000/gnupg/S.gpg-agent:0:1'), ('QT_IM_MODULE', 'ibus'), ('PWD', '/home/vivaan/Documents/star_project_submissions/Week_0/ros2_ws/build/tuos_ros'), ('TURTLEBOT3_MODEL', 'waffle'), ('XDG_CONFIG_DIRS', '/etc/xdg/xdg-ubuntu:/etc/xdg'), ('XDG_DATA_DIRS', '/usr/share/ubuntu:/usr/share/gnome:/usr/local/share/:/usr/share/:/var/lib/snapd/desktop'), ('PYTHONPATH', '/home/vivaan/Documents/star_project_submissions/Week_0/ros2_ws/install/tuos_interfaces/local/lib/python3.10/dist-packages:/home/vivaan/Documents/star_project_submissions/Week_0/ros2_ws/install/tuos_examples/local/lib/python3.10/dist-packages:/opt/ros/humble/lib/python3.10/site-packages:/opt/ros/humble/local/lib/python3.10/dist-packages'), ('COLCON', '1'), ('VTE_VERSION', '6800'), ('CMAKE_PREFIX_PATH', '/home/vivaan/Documents/star_project_submissions/Week_0/ros2_ws/install/com2009_simulations:/home/vivaan/Documents/star_project_submissions/Week_0/ros2_ws/install/tuos_tb3_tools:/home/vivaan/Documents/star_project_submissions/Week_0/ros2_ws/install/tuos_simulations:/home/vivaan/Documents/star_project_submissions/Week_0/ros2_ws/install/tuos_interfaces:/home/vivaan/Documents/star_project_submissions/Week_0/ros2_ws/install/tuos_examples:/opt/ros/humble')]), 'shell': False}
[5.183706] (tuos_ros) CommandEnded: {'returncode': 0}
[5.184408] (tuos_ros) JobProgress: {'identifier': 'tuos_ros', 'progress': 'install'}
[5.184649] (tuos_ros) Command: {'cmd': ['/usr/bin/cmake', '--install', '/home/vivaan/Documents/star_project_submissions/Week_0/ros2_ws/build/tuos_ros'], 'cwd': '/home/vivaan/Documents/star_project_submissions/Week_0/ros2_ws/build/tuos_ros', 'env': OrderedDict([('LESSOPEN', '| /usr/bin/lesspipe %s'), ('LANGUAGE', 'en_IN:en'), ('USER', 'vivaan'), ('XDG_SESSION_TYPE', 'x11'), ('SHLVL', '1'), ('LD_LIBRARY_PATH', '/home/vivaan/Documents/star_project_submissions/Week_0/ros2_ws/install/tuos_interfaces/lib:/usr/lib/x86_64-linux-gnu/gazebo-11/plugins:/opt/ros/humble/opt/rviz_ogre_vendor/lib:/opt/ros/humble/lib/x86_64-linux-gnu:/opt/ros/humble/lib'), ('HOME', '/home/vivaan'), ('OLDPWD', '/home/vivaan/Documents/star_project_submissions'), ('DESKTOP_SESSION', 'ubuntu'), ('ROS_PYTHON_VERSION', '3'), ('GNOME_SHELL_SESSION_MODE', 'ubuntu'), ('GTK_MODULES', 'gail:atk-bridge'), ('MANAGERPID', '1945'), ('SYSTEMD_EXEC_PID', '2342'), ('DBUS_SESSION_BUS_ADDRESS', 'unix:path=/run/user/1000/bus'), ('COLORTERM', 'truecolor'), ('TERMINATOR_DBUS_NAME', 'net.tenshu.Terminator23558193cd9818af7fe4d2c2f5bd9d00f'), ('GIO_LAUNCHED_DESKTOP_FILE_PID', '75211'), ('ROS_DISTRO', 'humble'), ('GTK_IM_MODULE', 'ibus'), ('LOGNAME', 'vivaan'), ('JOURNAL_STREAM', '8:22727'), ('_', '/usr/bin/colcon'), ('ROS_VERSION', '2'), ('XDG_SESSION_CLASS', 'user'), ('USERNAME', 'vivaan'), ('TERM', 'xterm-256color'), ('GNOME_DESKTOP_SESSION_ID', 'this-is-deprecated'), ('ROS_LOCALHOST_ONLY', '0'), ('WINDOWPATH', '2'), ('PATH', '/opt/ros/humble/bin:/home/vivaan/.local/bin:/usr/local/sbin:/usr/local/bin:/usr/sbin:/usr/bin:/sbin:/bin:/usr/games:/usr/local/games:/snap/bin:/snap/bin'), ('SESSION_MANAGER', 'local/vivaan-LOQ-15IAX9:@/tmp/.ICE-unix/2179,unix/vivaan-LOQ-15IAX9:/tmp/.ICE-unix/2179'), ('INVOCATION_ID', '868d2e86c1f54228bef16a0b255f95e8'), ('XDG_MENU_PREFIX', 'gnome-'), ('XDG_RUNTIME_DIR', '/run/user/1000'), ('DISPLAY', ':1'), ('TERMINATOR_DBUS_PATH', '/net/tenshu/Terminator2'), ('LANG', 'en_IN'), ('XDG_CURRENT_DESKTOP', 'ubuntu:GNOME'), ('IBUS_DISABLE_SNOOPER', '1'), ('XMODIFIERS', '@im=ibus'), ('XDG_SESSION_DESKTOP', 'ubuntu'), ('XAUTHORITY', '/run/user/1000/gdm/Xauthority'), ('LS_COLORS', 'rs=0:di=01;34:ln=01;36:mh=00:pi=40;33:so=01;35:do=01;35:bd=40;33;01:cd=40;33;01:or=40;31;01:mi=00:su=37;41:sg=30;43:ca=30;41:tw=30;42:ow=34;42:st=37;44:ex=01;32:*.tar=01;31:*.tgz=01;31:*.arc=01;31:*.arj=01;31:*.taz=01;31:*.lha=01;31:*.lz4=01;31:*.lzh=01;31:*.lzma=01;31:*.tlz=01;31:*.txz=01;31:*.tzo=01;31:*.t7z=01;31:*.zip=01;31:*.z=01;31:*.dz=01;31:*.gz=01;31:*.lrz=01;31:*.lz=01;31:*.lzo=01;31:*.xz=01;31:*.zst=01;31:*.tzst=01;31:*.bz2=01;31:*.bz=01;31:*.tbz=01;31:*.tbz2=01;31:*.tz=01;31:*.deb=01;31:*.rpm=01;31:*.jar=01;31:*.war=01;31:*.ear=01;31:*.sar=01;31:*.rar=01;31:*.alz=01;31:*.ace=01;31:*.zoo=01;31:*.cpio=01;31:*.7z=01;31:*.rz=01;31:*.cab=01;31:*.wim=01;31:*.swm=01;31:*.dwm=01;31:*.esd=01;31:*.jpg=01;35:*.jpeg=01;35:*.mjpg=01;35:*.mjpeg=01;35:*.gif=01;35:*.bmp=01;35:*.pbm=01;35:*.pgm=01;35:*.ppm=01;35:*.tga=01;35:*.xbm=01;35:*.xpm=01;35:*.tif=01;35:*.tiff=01;35:*.png=01;35:*.svg=01;35:*.svgz=01;35:*.mng=01;35:*.pcx=01;35:*.mov=01;35:*.mpg=01;35:*.mpeg=01;35:*.m2v=01;35:*.mkv=01;35:*.webm=01;35:*.webp=01;35:*.ogm=01;35:*.mp4=01;35:*.m4v=01;35:*.mp4v=01;35:*.vob=01;35:*.qt=01;35:*.nuv=01;35:*.wmv=01;35:*.asf=01;35:*.rm=01;35:*.rmvb=01;35:*.flc=01;35:*.avi=01;35:*.fli=01;35:*.flv=01;35:*.gl=01;35:*.dl=01;35:*.xcf=01;35:*.xwd=01;35:*.yuv=01;35:*.cgm=01;35:*.emf=01;35:*.ogv=01;35:*.ogx=01;35:*.aac=00;36:*.au=00;36:*.flac=00;36:*.m4a=00;36:*.mid=00;36:*.midi=00;36:*.mka=00;36:*.mp3=00;36:*.mpc=00;36:*.ogg=00;36:*.ra=00;36:*.wav=00;36:*.oga=00;36:*.opus=00;36:*.spx=00;36:*.xspf=00;36:'), ('SSH_AGENT_LAUNCHER', 'gnome-keyring'), ('SSH_AUTH_SOCK', '/run/user/1000/keyring/ssh'), ('ROS_DOMAIN_ID', '67'), ('AMENT_PREFIX_PATH', '/home/vivaan/Documents/star_project_submissions/Week_0/ros2_ws/install/com2009_simulations:/home/vivaan/Documents/star_project_submissions/Week_0/ros2_ws/install/tuos_tb3_tools:/home/vivaan/Documents/star_project_submissions/Week_0/ros2_ws/install/tuos_simulations:/home/vivaan/Documents/star_project_submissions/Week_0/ros2_ws/install/tuos_interfaces:/home/vivaan/Documents/star_project_submissions/Week_0/ros2_ws/install/tuos_examples:/opt/ros/humble'), ('SHELL', '/bin/bash'), ('TERMINATOR_UUID', 'urn:uuid:d79e4617-827a-4722-bc17-e9d99e6a3cd6'), ('QT_ACCESSIBILITY', '1'), ('GDMSESSION', 'ubuntu'), ('LESSCLOSE', '/usr/bin/lesspipe %s %s'), ('GPG_AGENT_INFO', '/run/user/1000/gnupg/S.gpg-agent:0:1'), ('QT_IM_MODULE', 'ibus'), ('PWD', '/home/vivaan/Documents/star_project_submissions/Week_0/ros2_ws/build/tuos_ros'), ('TURTLEBOT3_MODEL', 'waffle'), ('XDG_CONFIG_DIRS', '/etc/xdg/xdg-ubuntu:/etc/xdg'), ('XDG_DATA_DIRS', '/usr/share/ubuntu:/usr/share/gnome:/usr/local/share/:/usr/share/:/var/lib/snapd/desktop'), ('PYTHONPATH', '/home/vivaan/Documents/star_project_submissions/Week_0/ros2_ws/install/tuos_interfaces/local/lib/python3.10/dist-packages:/home/vivaan/Documents/star_project_submissions/Week_0/ros2_ws/install/tuos_examples/local/lib/python3.10/dist-packages:/opt/ros/humble/lib/python3.10/site-packages:/opt/ros/humble/local/lib/python3.10/dist-packages'), ('COLCON', '1'), ('VTE_VERSION', '6800'), ('CMAKE_PREFIX_PATH', '/home/vivaan/Documents/star_project_submissions/Week_0/ros2_ws/install/com2009_simulations:/home/vivaan/Documents/star_project_submissions/Week_0/ros2_ws/install/tuos_tb3_tools:/home/vivaan/Documents/star_project_submissions/Week_0/ros2_ws/install/tuos_simulations:/home/vivaan/Documents/star_project_submissions/Week_0/ros2_ws/install/tuos_interfaces:/home/vivaan/Documents/star_project_submissions/Week_0/ros2_ws/install/tuos_examples:/opt/ros/humble')]), 'shell': False}
[5.192340] (tuos_ros) StdoutLine: {'line': b'-- Install configuration: ""\n'}
[5.192570] (tuos_ros) StdoutLine: {'line': b'-- Installing: /home/vivaan/Documents/star_project_submissions/Week_0/ros2_ws/install/tuos_ros/share/ament_index/resource_index/package_run_dependencies/tuos_ros\n'}
[5.192694] (tuos_ros) StdoutLine: {'line': b'-- Installing: /home/vivaan/Documents/star_project_submissions/Week_0/ros2_ws/install/tuos_ros/share/ament_index/resource_index/parent_prefix_path/tuos_ros\n'}
[5.192785] (tuos_ros) StdoutLine: {'line': b'-- Installing: /home/vivaan/Documents/star_project_submissions/Week_0/ros2_ws/install/tuos_ros/share/tuos_ros/environment/ament_prefix_path.sh\n'}
[5.192925] (tuos_ros) StdoutLine: {'line': b'-- Installing: /home/vivaan/Documents/star_project_submissions/Week_0/ros2_ws/install/tuos_ros/share/tuos_ros/environment/ament_prefix_path.dsv\n'}
[5.193006] (tuos_ros) StdoutLine: {'line': b'-- Installing: /home/vivaan/Documents/star_project_submissions/Week_0/ros2_ws/install/tuos_ros/share/tuos_ros/environment/path.sh\n'}
[5.193084] (tuos_ros) StdoutLine: {'line': b'-- Installing: /home/vivaan/Documents/star_project_submissions/Week_0/ros2_ws/install/tuos_ros/share/tuos_ros/environment/path.dsv\n'}
[5.193164] (tuos_ros) StdoutLine: {'line': b'-- Installing: /home/vivaan/Documents/star_project_submissions/Week_0/ros2_ws/install/tuos_ros/share/tuos_ros/local_setup.bash\n'}
[5.193239] (tuos_ros) StdoutLine: {'line': b'-- Installing: /home/vivaan/Documents/star_project_submissions/Week_0/ros2_ws/install/tuos_ros/share/tuos_ros/local_setup.sh\n'}
[5.193312] (tuos_ros) StdoutLine: {'line': b'-- Installing: /home/vivaan/Documents/star_project_submissions/Week_0/ros2_ws/install/tuos_ros/share/tuos_ros/local_setup.zsh\n'}
[5.193406] (tuos_ros) StdoutLine: {'line': b'-- Installing: /home/vivaan/Documents/star_project_submissions/Week_0/ros2_ws/install/tuos_ros/share/tuos_ros/local_setup.dsv\n'}
[5.193518] (tuos_ros) StdoutLine: {'line': b'-- Installing: /home/vivaan/Documents/star_project_submissions/Week_0/ros2_ws/install/tuos_ros/share/tuos_ros/package.dsv\n'}
[5.193610] (tuos_ros) StdoutLine: {'line': b'-- Installing: /home/vivaan/Documents/star_project_submissions/Week_0/ros2_ws/install/tuos_ros/share/ament_index/resource_index/packages/tuos_ros\n'}
[5.193682] (tuos_ros) StdoutLine: {'line': b'-- Installing: /home/vivaan/Documents/star_project_submissions/Week_0/ros2_ws/install/tuos_ros/share/tuos_ros/cmake/tuos_rosConfig.cmake\n'}
[5.193750] (tuos_ros) StdoutLine: {'line': b'-- Installing: /home/vivaan/Documents/star_project_submissions/Week_0/ros2_ws/install/tuos_ros/share/tuos_ros/cmake/tuos_rosConfig-version.cmake\n'}
[5.193819] (tuos_ros) StdoutLine: {'line': b'-- Installing: /home/vivaan/Documents/star_project_submissions/Week_0/ros2_ws/install/tuos_ros/share/tuos_ros/package.xml\n'}
[5.194624] (tuos_ros) CommandEnded: {'returncode': 0}
[5.204263] (tuos_ros) JobEnded: {'identifier': 'tuos_ros', 'rc': 0}
[5.205338] (-) EventReactorShutdown: {}
